fixture_id,match_date,match_time,home_team,away_team,league,bookmaker,market_home_odds,market_draw_odds,market_away_odds,odds_captured_at_utc,odds_source_note
odds_api_io_71544082,2026-05-28,17:00,1. FC Lokomotive Leipzig,FC Wurzburger Kickers,germany-amateur-regionalliga-playoffs,bet365_manual,,,,,Fill manually from Bet365 pre-match 1X2 odds. Observation only.
odds_api_io_71769326,2026-05-28,18:30,ACF Fiorentina,Parma Calcio 1913 U20,italy-primavera-1,bet365_manual,,,,,Fill manually from Bet365 pre-match 1X2 odds. Observation only.
odds_api_io_71685284,2026-05-28,15:00,AL Karkh,Al Shorta SC,iraq-iraqi-league,bet365_manual,,,,,Fill manually from Bet365 pre-match 1X2 odds. Observation only.
odds_api_io_71685282,2026-05-28,15:00,AL Minaa,AL Talaba,iraq-iraqi-league,bet365_manual,,,,,Fill manually from Bet365 pre-match 1X2 odds. Observation only.
odds_api_io_71685286,2026-05-28,15:00,AL Naft Maysan,Al Quwa Al Jawiya,iraq-iraqi-league,bet365_manual,,,,,Fill manually from Bet365 pre-match 1X2 odds. Observation only.
odds_api_io_71530440,2026-05-28,16:20,Al-Fahaheel,Al-Salmiya SC,kuwait-premier-league,bet365_manual,,,,,Fill manually from Bet365 pre-match 1X2 odds. Observation only.
odds_api_io_71401844,2026-05-28,17:30,Assyriska FF,Vasalunds IF,sweden-svenska-cup,bet365_manual,,,,,Fill manually from Bet365 pre-match 1X2 odds. Observation only.
odds_api_io_71615192,2026-05-28,19:00,Atletico Mineiro MG,EC Vitoria BA,brazil-copa-do-brasil-women,bet365_manual,,,,,Fill manually from Bet365 pre-match 1X2 odds. Observation only.
odds_api_io_69460634,2026-05-28,07:00,Auckland FC Reserves,Auckland United FC,new-zealand-national-league,bet365_manual,,,,,Fill manually from Bet365 pre-match 1X2 odds. Observation only.
odds_api_io_70343232,2026-05-28,07:00,Birkenhead United AFC,East Coast Bays,new-zealand-national-league,bet365_manual,,,,,Fill manually from Bet365 pre-match 1X2 odds. Observation only.
odds_api_io_68158840,2026-05-28,18:00,CA Aldosivi Reserve,CA Talleres de Cordoba Reserve,argentina-copa-proyeccion-final-reserves,bet365_manual,,,,,Fill manually from Bet365 pre-match 1X2 odds. Observation only.
odds_api_io_68158856,2026-05-28,18:00,CA Lanus,CA Platense,argentina-copa-proyeccion-final-reserves,bet365_manual,,,,,Fill manually from Bet365 pre-match 1X2 odds. Observation only.
odds_api_io_71615270,2026-05-28,19:00,CA Piauiense PI,Santos FC SP,brazil-copa-do-brasil-women,bet365_manual,,,,,Fill manually from Bet365 pre-match 1X2 odds. Observation only.
odds_api_io_68158832,2026-05-28,22:00,CA River Plate (Arg),San Lorenzo de Almagro Res.,argentina-copa-proyeccion-final-reserves,bet365_manual,,,,,Fill manually from Bet365 pre-match 1X2 odds. Observation only.
odds_api_io_68158836,2026-05-28,18:00,CA Sarmiento de Junin,Rosario Central Reserve,argentina-copa-proyeccion-final-reserves,bet365_manual,,,,,Fill manually from Bet365 pre-match 1X2 odds. Observation only.
odds_api_io_68158844,2026-05-28,18:00,CA Union Santa Fe Reserve,Gimnasia de Mendoza Reserve,argentina-copa-proyeccion-final-reserves,bet365_manual,,,,,Fill manually from Bet365 pre-match 1X2 odds. Observation only.
odds_api_io_71562582,2026-05-28,19:00,Casa Pia Lisbon,SCU Torreense,portugal-liga-portugal,bet365_manual,,,,,Fill manually from Bet365 pre-match 1X2 odds. Observation only.
odds_api_io_71355212,2026-05-28,23:00,CD El Nacional,CD Universidad Catolica del Ecuador,ecuador-copa-ecuador,bet365_manual,,,,,Fill manually from Bet365 pre-match 1X2 odds. Observation only.
odds_api_io_71705028,2026-05-28,20:00,CD Real Santander,Once Caldas Sa,colombia-liga-femenina,bet365_manual,,,,,Fill manually from Bet365 pre-match 1X2 odds. Observation only.
odds_api_io_70075878,2026-05-28,22:00,Cerro Porteno,Sporting Cristal,international-clubs-copa-libertadores,bet365_manual,,,,,Fill manually from Bet365 pre-match 1X2 odds. Observation only.
odds_api_io_71704428,2026-05-28,15:30,Chrobry Glogow,LKS Lodz,poland-i-liga,bet365_manual,,,,,Fill manually from Bet365 pre-match 1X2 odds. Observation only.
odds_api_io_71615688,2026-05-28,21:00,CR Vasco da Gama RJ,America FC MG,brazil-copa-do-brasil-women,bet365_manual,,,,,Fill manually from Bet365 pre-match 1X2 odds. Observation only.
odds_api_io_71615454,2026-05-28,21:30,Cruzeiro EC MG,Doce Mel EC BA,brazil-copa-do-brasil-women,bet365_manual,,,,,Fill manually from Bet365 pre-match 1X2 odds. Observation only.
odds_api_io_71737390,2026-05-28,16:00,Deportivo Maldonado Reserve,Liverpool Montevideo,uruguay-tercera-division-reserves,bet365_manual,,,,,Fill manually from Bet365 pre-match 1X2 odds. Observation only.
odds_api_io_71602082,2026-05-28,18:30,East Fife Lfc,Falkirk FC,scotland-premier-league-2-women,bet365_manual,,,,,Fill manually from Bet365 pre-match 1X2 odds. Observation only.
odds_api_io_69342878,2026-05-28,13:00,FK Atyrau,Tobol Kostanay,kazakhstan-premier-league,bet365_manual,,,,,Fill manually from Bet365 pre-match 1X2 odds. Observation only.
odds_api_io_71585136,2026-05-28,18:30,FK Decic Tuzi,FK Mornar Bar,montenegro-cup-crne-gore,bet365_manual,,,,,Fill manually from Bet365 pre-match 1X2 odds. Observation only.
odds_api_io_71505358,2026-05-28,13:00,FK Kukesi,Butrinti Sarande,albania-kategoria-e-pare,bet365_manual,,,,,Fill manually from Bet365 pre-match 1X2 odds. Observation only.
odds_api_io_71704136,2026-05-28,14:00,FK Septemvri Sofia,FC Yantra Gabrovo,bulgaria-parva-liga,bet365_manual,,,,,Fill manually from Bet365 pre-match 1X2 odds. Observation only.
odds_api_io_71709420,2026-05-28,14:30,Gabala FK,Energetik Mingechevir,azerbaijan-premier-league,bet365_manual,,,,,Fill manually from Bet365 pre-match 1X2 odds. Observation only.
odds_api_io_68158842,2026-05-28,18:00,Gimnasia de la Plata Reserve,CA Barracas Central Reserve,argentina-copa-proyeccion-final-reserves,bet365_manual,,,,,Fill manually from Bet365 pre-match 1X2 odds. Observation only.
odds_api_io_70663592,2026-05-28,17:30,Hedensted IF,Fuglebakken KFUM,denmark-amateur-danmarksserien,bet365_manual,,,,,Fill manually from Bet365 pre-match 1X2 odds. Observation only.
odds_api_io_71704158,2026-05-28,14:30,Ilbirs Bishkek FC,FC Abdysh-Ata,kyrgyzstan-top-league,bet365_manual,,,,,Fill manually from Bet365 pre-match 1X2 odds. Observation only.
odds_api_io_69829492,2026-05-28,18:45,Ireland,Qatar,international-int-friendly-games,bet365_manual,,,,,Fill manually from Bet365 pre-match 1X2 odds. Observation only.
odds_api_io_69880354,2026-05-28,14:00,Ismaily SC,Pharco FC,egypt-premier-league,bet365_manual,,,,,Fill manually from Bet365 pre-match 1X2 odds. Observation only.
odds_api_io_68538268,2026-05-28,15:30,FC Jazz,SalPa,finland-ykkonen,bet365_manual,,,,,Fill manually from Bet365 pre-match 1X2 odds. Observation only.
odds_api_io_69342882,2026-05-28,14:00,Kaisar Kyzylorda,FC Yelimai,kazakhstan-premier-league,bet365_manual,,,,,Fill manually from Bet365 pre-match 1X2 odds. Observation only.
odds_api_io_67149486,2026-05-28,17:00,Kolding IF,Dbk Fortuna Hjoerring,denmark-kvindeligaen-women,bet365_manual,,,,,Fill manually from Bet365 pre-match 1X2 odds. Observation only.
odds_api_io_69924684,2026-05-28,15:30,Kultsu FC,Kjp Kouvola,finland-kolmonen,bet365_manual,,,,,Fill manually from Bet365 pre-match 1X2 odds. Observation only.
odds_api_io_69342884,2026-05-28,11:00,FC Kyzylzhar SK,Zhetysu Taldykorgan,kazakhstan-premier-league,bet365_manual,,,,,Fill manually from Bet365 pre-match 1X2 odds. Observation only.
odds_api_io_71705030,2026-05-28,20:30,Llaneros FC,Independiente Santa Fe,colombia-liga-femenina,bet365_manual,,,,,Fill manually from Bet365 pre-match 1X2 odds. Observation only.
odds_api_io_62274242,2026-05-28,17:00,FCM Traiskirchen,SC Neusiedl am See 1919,austria-amateur-regionalliga-ost,bet365_manual,,,,,Fill manually from Bet365 pre-match 1X2 odds. Observation only.
odds_api_io_69460626,2026-05-28,07:00,Melville United AFC,Tauranga City AFC,new-zealand-national-league,bet365_manual,,,,,Fill manually from Bet365 pre-match 1X2 odds. Observation only.
odds_api_io_69924686,2026-05-28,15:45,Mikkelin Pallo-Kissat,HaPK Edustus,finland-kolmonen,bet365_manual,,,,,Fill manually from Bet365 pre-match 1X2 odds. Observation only.
odds_api_io_71668632,2026-05-28,18:00,Nacional de Montevideo,La Luz FC Reserves,uruguay-tercera-division-reserves,bet365_manual,,,,,Fill manually from Bet365 pre-match 1X2 odds. Observation only.
odds_api_io_69342886,2026-05-28,10:00,FC Okzhetpes,FC Aktobe,kazakhstan-premier-league,bet365_manual,,,,,Fill manually from Bet365 pre-match 1X2 odds. Observation only.
odds_api_io_69342888,2026-05-28,15:00,FC Ordabasy,FC Kairat Almaty,kazakhstan-premier-league,bet365_manual,,,,,Fill manually from Bet365 pre-match 1X2 odds. Observation only.
odds_api_io_71762788,2026-05-28,23:00,Paradise SC,Kickstart Rush,barbados-premier-league,bet365_manual,,,,,Fill manually from Bet365 pre-match 1X2 odds. Observation only.
odds_api_io_69091202,2026-05-28,23:30,Patuxent Football Athletics,Annapolis Blues FC,usa-usl-league-two,bet365_manual,,,,,Fill manually from Bet365 pre-match 1X2 odds. Observation only.
odds_api_io_69880352,2026-05-28,14:00,Petrojet FC,El Gouna FC,egypt-premier-league,bet365_manual,,,,,Fill manually from Bet365 pre-match 1X2 odds. Observation only.
odds_api_io_70655020,2026-05-28,17:00,PPJ/Ruoholahti,Mps,finland-kolmonen,bet365_manual,,,,,Fill manually from Bet365 pre-match 1X2 odds. Observation only.
odds_api_io_71729572,2026-05-28,18:00,Progreso,Defensor Sporting,uruguay-tercera-division-reserves,bet365_manual,,,,,Fill manually from Bet365 pre-match 1X2 odds. Observation only.
odds_api_io_71577916,2026-05-28,16:00,Puskas Akademia Felcsut,Ferencvarosi Budapest,hungary-nb-i-women,bet365_manual,,,,,Fill manually from Bet365 pre-match 1X2 odds. Observation only.
odds_api_io_68751826,2026-05-28,18:00,Red Bull Bragantino SP,SC Corinthians SP,brazil-u20-campeonato-brasileiro,bet365_manual,,,,,Fill manually from Bet365 pre-match 1X2 odds. Observation only.
odds_api_io_70075876,2026-05-28,22:00,SE Palmeiras SP,CD Junior FC,international-clubs-copa-libertadores,bet365_manual,,,,,Fill manually from Bet365 pre-match 1X2 odds. Observation only.
odds_api_io_71234490,2026-05-28,11:00,Sri Lanka,Bhutan,international-saff-championship-women,bet365_manual,,,,,Fill manually from Bet365 pre-match 1X2 odds. Observation only.
odds_api_io_69091194,2026-05-28,02:30,Stars FC,AMSG FC,usa-usl-league-two,bet365_manual,,,,,Fill manually from Bet365 pre-match 1X2 odds. Observation only.
odds_api_io_69880348,2026-05-28,14:00,Talaea El Gaish,Wadi Degla SC,egypt-premier-league,bet365_manual,,,,,Fill manually from Bet365 pre-match 1X2 odds. Observation only.
odds_api_io_68774164,2026-05-28,16:00,FC Tallinn,Maardu Linnameeskond,estonia-esiliiga,bet365_manual,,,,,Fill manually from Bet365 pre-match 1X2 odds. Observation only.
odds_api_io_70684208,2026-05-28,15:00,Toolon Taisto,FC Kontu,finland-kolmonen,bet365_manual,,,,,Fill manually from Bet365 pre-match 1X2 odds. Observation only.
odds_api_io_67912706,2026-05-28,16:00,FC Torpedo Kutaisi,FC Gagra,georgia-erovnuli-liga,bet365_manual,,,,,Fill manually from Bet365 pre-match 1X2 odds. Observation only.
odds_api_io_71704432,2026-05-28,18:30,Wieczysta Krakow,Polonia Warszawa,poland-i-liga,bet365_manual,,,,,Fill manually from Bet365 pre-match 1X2 odds. Observation only.
odds_api_io_69924124,2026-05-28,16:00,FC Ylivieska,Lapuan Virkia,finland-kolmonen,bet365_manual,,,,,Fill manually from Bet365 pre-match 1X2 odds. Observation only.
odds_api_io_69923700,2026-05-28,17:20,Ylojarvi United FC,FC Haka J,finland-kolmonen,bet365_manual,,,,,Fill manually from Bet365 pre-match 1X2 odds. Observation only.
odds_api_io_71685288,2026-05-28,17:30,Zakho FC,Erbil SC,iraq-iraqi-league,bet365_manual,,,,,Fill manually from Bet365 pre-match 1X2 odds. Observation only.
odds_api_io_69342890,2026-05-28,14:00,FC Zhenis,FC Kaspiy Aktau,kazakhstan-premier-league,bet365_manual,,,,,Fill manually from Bet365 pre-match 1X2 odds. Observation only.
odds_api_io_67015224,2026-05-29,17:00,Aalesunds FK,HamKam,norway-eliteserien,bet365_manual,,,,,Fill manually from Bet365 pre-match 1X2 odds. Observation only.
odds_api_io_71631414,2026-05-29,18:00,AC Monza,US Catanzaro,italy-serie-b,bet365_manual,,,,,Fill manually from Bet365 pre-match 1X2 odds. Observation only.
odds_api_io_68051624,2026-05-29,10:00,Adelaide Olympic FC,Fulham United FC,australia-south-australia-state-league-1,bet365_manual,,,,,Fill manually from Bet365 pre-match 1X2 odds. Observation only.
odds_api_io_68049816,2026-05-29,10:45,Adelaide University,Adelaide Comets FC,australia-south-australia-npl-women,bet365_manual,,,,,Fill manually from Bet365 pre-match 1X2 odds. Observation only.
odds_api_io_69880358,2026-05-29,14:00,Al Mokawloon Al Arab,Modern Sport FC,egypt-premier-league,bet365_manual,,,,,Fill manually from Bet365 pre-match 1X2 odds. Observation only.
odds_api_io_70075106,2026-05-29,00:30,America de Cali,CSD Macara,international-clubs-copa-sudamericana,bet365_manual,,,,,Fill manually from Bet365 pre-match 1X2 odds. Observation only.
odds_api_io_71288188,2026-05-29,16:00,Apollon Limassol,Pafos FC,cyprus-cyprus-cup,bet365_manual,,,,,Fill manually from Bet365 pre-match 1X2 odds. Observation only.
odds_api_io_67843320,2026-05-29,17:00,Aragvi Dusheti,FC Merani Martvili,georgia-erovnuli-liga-2,bet365_manual,,,,,Fill manually from Bet365 pre-match 1X2 odds. Observation only.
odds_api_io_71396964,2026-05-29,20:00,Atletico Grau,CD Moquegua,peru-liga-1,bet365_manual,,,,,Fill manually from Bet365 pre-match 1X2 odds. Observation only.
odds_api_io_69688816,2026-05-29,14:00,Atletico Mineiro MG,Chapecoense SC,brazil-u20-brasileiro-serie-b,bet365_manual,,,,,Fill manually from Bet365 pre-match 1X2 odds. Observation only.
odds_api_io_61927912,2026-05-29,17:00,Austria Lustenau II,FC Egg,austria-amateur-vorarlberg-eliteliga,bet365_manual,,,,,Fill manually from Bet365 pre-match 1X2 odds. Observation only.
odds_api_io_67693568,2026-05-29,08:00,Blacktown Spartans FC,Western City Rangers FC,australia-u20-nsw-premier-league-2,bet365_manual,,,,,Fill manually from Bet365 pre-match 1X2 odds. Observation only.
odds_api_io_70075754,2026-05-29,00:30,Boca Juniors,CD Universidad Catolica,international-clubs-copa-libertadores,bet365_manual,,,,,Fill manually from Bet365 pre-match 1X2 odds. Observation only.
odds_api_io_66854776,2026-05-29,18:45,Bray Wanderers AFC,Wexford FC,ireland-first-division,bet365_manual,,,,,Fill manually from Bet365 pre-match 1X2 odds. Observation only.
odds_api_io_67807834,2026-05-29,10:00,Broadmeadow Magic FC,Maitland FC,australia-northern-nsw-premier-league-women,bet365_manual,,,,,Fill manually from Bet365 pre-match 1X2 odds. Observation only.
odds_api_io_68160578,2026-05-29,09:30,Brunswick City SC,Manningham United Blues,australia-victoria-premier-league-1,bet365_manual,,,,,Fill manually from Bet365 pre-match 1X2 odds. Observation only.
odds_api_io_70075108,2026-05-29,00:30,CA Tigre,Alianza Atletico,international-clubs-copa-sudamericana,bet365_manual,,,,,Fill manually from Bet365 pre-match 1X2 odds. Observation only.
odds_api_io_68049818,2026-05-29,10:00,Campbelltown City SC,Salisbury Inter,australia-south-australia-npl-women,bet365_manual,,,,,Fill manually from Bet365 pre-match 1X2 odds. Observation only.
odds_api_io_71127916,2026-05-29,11:00,Casuarina FC,Hellenic Athletic Club,australia-northern-territory-premier-league,bet365_manual,,,,,Fill manually from Bet365 pre-match 1X2 odds. Observation only.
odds_api_io_71736920,2026-05-29,22:30,Cerro Largo FC,CA Cerro,uruguay-primera-division,bet365_manual,,,,,Fill manually from Bet365 pre-match 1X2 odds. Observation only.
odds_api_io_66854778,2026-05-29,18:45,Cobh Ramblers,Kerry FC,ireland-first-division,bet365_manual,,,,,Fill manually from Bet365 pre-match 1X2 odds. Observation only.
odds_api_io_67681894,2026-05-29,22:00,Cobresal,Nublense,chile-primera-division,bet365_manual,,,,,Fill manually from Bet365 pre-match 1X2 odds. Observation only.
odds_api_io_66854780,2026-05-29,18:45,Cork City FC,Finn Harps FC,ireland-first-division,bet365_manual,,,,,Fill manually from Bet365 pre-match 1X2 odds. Observation only.
odds_api_io_70075756,2026-05-29,00:30,Cruzeiro EC MG,Barcelona SC,international-clubs-copa-libertadores,bet365_manual,,,,,Fill manually from Bet365 pre-match 1X2 odds. Observation only.
odds_api_io_71378234,2026-05-29,20:00,CS Santos FC,Union Minas,peru-liga-2,bet365_manual,,,,,Fill manually from Bet365 pre-match 1X2 odds. Observation only.
odds_api_io_71704018,2026-05-29,17:30,FC Dinamo Bucuresti 1948,Fotbal Club FCSB,romania-superliga,bet365_manual,,,,,Fill manually from Bet365 pre-match 1X2 odds. Observation only.
odds_api_io_66854066,2026-05-29,18:45,Drogheda United FC,Waterford FC,ireland-premier-division,bet365_manual,,,,,Fill manually from Bet365 pre-match 1X2 odds. Observation only.
odds_api_io_66854068,2026-05-29,18:45,Dundalk FC,Derry City FC,ireland-premier-division,bet365_manual,,,,,Fill manually from Bet365 pre-match 1X2 odds. Observation only.
odds_api_io_69091204,2026-05-29,00:00,Edgewater Castle,Sueno FC,usa-usl-league-two,bet365_manual,,,,,Fill manually from Bet365 pre-match 1X2 odds. Observation only.
odds_api_io_69920658,2026-05-29,16:15,Etela-Espoon Pallo,Sexypoxyt,finland-kolmonen,bet365_manual,,,,,Fill manually from Bet365 pre-match 1X2 odds. Observation only.
odds_api_io_62274240,2026-05-29,17:10,Favoritner AC,SV Gloggnitz,austria-amateur-regionalliga-ost,bet365_manual,,,,,Fill manually from Bet365 pre-match 1X2 odds. Observation only.
odds_api_io_68194662,2026-05-29,19:15,FH Hafnarfjordur,IA Akranes,iceland-besta-deild,bet365_manual,,,,,Fill manually from Bet365 pre-match 1X2 odds. Observation only.
odds_api_io_68954856,2026-05-29,17:00,FK Riteriai,FK Suduva Marijampole,lithuania-a-lyga,bet365_manual,,,,,Fill manually from Bet365 pre-match 1X2 odds. Observation only.
odds_api_io_68954852,2026-05-29,16:00,FK Transinvest,FC Hegelmann Kaunas,lithuania-a-lyga,bet365_manual,,,,,Fill manually from Bet365 pre-match 1X2 odds. Observation only.
odds_api_io_68194664,2026-05-29,19:15,Fram Reykjavik,Breidablik Kopavogur,iceland-besta-deild,bet365_manual,,,,,Fill manually from Bet365 pre-match 1X2 odds. Observation only.
odds_api_io_67015212,2026-05-29,17:00,Fredrikstad FK,IK Start,norway-eliteserien,bet365_manual,,,,,Fill manually from Bet365 pre-match 1X2 odds. Observation only.
odds_api_io_69880356,2026-05-29,17:00,Ghazl El Mahallah,Haras El Hodood,egypt-premier-league,bet365_manual,,,,,Fill manually from Bet365 pre-match 1X2 odds. Observation only.
odds_api_io_61466395,2026-05-29,17:00,FC Gleisdorf 09,SV Ried II,austria-amateur-regionalliga-centre,bet365_manual,,,,,Fill manually from Bet365 pre-match 1X2 odds. Observation only.
odds_api_io_67604830,2026-05-29,15:30,FC Haka Valkeakoski,JIPPO,finland-ykkosliiga,bet365_manual,,,,,Fill manually from Bet365 pre-match 1X2 odds. Observation only.
odds_api_io_68160192,2026-05-29,09:30,Heidelberg United FC,Dandenong Thunder,australia-victoria-npl,bet365_manual,,,,,Fill manually from Bet365 pre-match 1X2 odds. Observation only.
odds_api_io_67845768,2026-05-29,15:30,HJK Helsinki,VIFK,finland-kansallinen-liiga-women,bet365_manual,,,,,Fill manually from Bet365 pre-match 1X2 odds. Observation only.
odds_api_io_69091206,2026-05-29,00:00,Houston FC,Laredo Heat SC,usa-usl-league-two,bet365_manual,,,,,Fill manually from Bet365 pre-match 1X2 odds. Observation only.
odds_api_io_67845774,2026-05-29,15:30,HPS,Kuopion Palloseura,finland-kansallinen-liiga-women,bet365_manual,,,,,Fill manually from Bet365 pre-match 1X2 odds. Observation only.
odds_api_io_69109020,2026-05-29,15:30,Huima/Urho,GBK Kokkola,finland-kakkonen-playoffs,bet365_manual,,,,,Fill manually from Bet365 pre-match 1X2 odds. Observation only.
odds_api_io_67912704,2026-05-29,17:00,FC Iberia 1999,FC Dinamo Batumi,georgia-erovnuli-liga,bet365_manual,,,,,Fill manually from Bet365 pre-match 1X2 odds. Observation only.
odds_api_io_71732898,2026-05-29,22:30,Independiente Campo Grande,12 de Junio de Villa Hayes,paraguay-segunda-division,bet365_manual,,,,,Fill manually from Bet365 pre-match 1X2 odds. Observation only.
odds_api_io_70683984,2026-05-29,15:30,KaaPo,LTU,finland-kolmonen,bet365_manual,,,,,Fill manually from Bet365 pre-match 1X2 odds. Observation only.
odds_api_io_67604834,2026-05-29,16:00,KaPa Kapylan Pallo,JaPS,finland-ykkosliiga,bet365_manual,,,,,Fill manually from Bet365 pre-match 1X2 odds. Observation only.
odds_api_io_68161724,2026-05-29,09:45,Keilor Park SC,Kingston City FC,australia-victoria-premier-league-2,bet365_manual,,,,,Fill manually from Bet365 pre-match 1X2 odds. Observation only.
odds_api_io_67015214,2026-05-29,17:00,KFUM Oslo,Tromsoe IL,norway-eliteserien,bet365_manual,,,,,Fill manually from Bet365 pre-match 1X2 odds. Observation only.
odds_api_io_69924692,2026-05-29,15:30,Kopa,Lautp,finland-kolmonen,bet365_manual,,,,,Fill manually from Bet365 pre-match 1X2 odds. Observation only.
odds_api_io_68538272,2026-05-29,15:30,KPV Kokkola,FC Inter Turku 2,finland-ykkonen,bet365_manual,,,,,Fill manually from Bet365 pre-match 1X2 odds. Observation only.
odds_api_io_71096926,2026-05-29,17:30,Kremser SC,SV Donau,austria-amateur-regionalliga-ost,bet365_manual,,,,,Fill manually from Bet365 pre-match 1X2 odds. Observation only.
odds_api_io_67604832,2026-05-29,15:30,FC KTP Kotka,SJK Akatemia,finland-ykkosliiga,bet365_manual,,,,,Fill manually from Bet365 pre-match 1X2 odds. Observation only.
odds_api_io_68995188,2026-05-29,11:35,Liaoning Tieren FC,Shanghai Port FC,china-chinese-super-league,bet365_manual,,,,,Fill manually from Bet365 pre-match 1X2 odds. Observation only.
odds_api_io_66854782,2026-05-29,18:45,Longford Town FC,Treaty United,ireland-first-division,bet365_manual,,,,,Fill manually from Bet365 pre-match 1X2 odds. Observation only.
odds_api_io_68161734,2026-05-29,10:00,Malvern City FC,Box Hill United FC,australia-victoria-premier-league-2,bet365_manual,,,,,Fill manually from Bet365 pre-match 1X2 odds. Observation only.
odds_api_io_70684212,2026-05-29,16:00,MPS/Atletico Malmi,Ppj/Lauttasaari,finland-kolmonen,bet365_manual,,,,,Fill manually from Bet365 pre-match 1X2 odds. Observation only.
odds_api_io_71517962,2026-05-29,00:00,Nacional FC AM,Paysandu SC PA,brazil-copa-verde,bet365_manual,,,,,Fill manually from Bet365 pre-match 1X2 odds. Observation only.
odds_api_io_69880346,2026-05-29,17:00,National Bank of Egypt SC,Al Ittihad Al Sakandary,egypt-premier-league,bet365_manual,,,,,Fill manually from Bet365 pre-match 1X2 odds. Observation only.
odds_api_io_67692262,2026-05-29,10:00,Nepean FC,Inner West Hawks FC,australia-nsw-league-two,bet365_manual,,,,,Fill manually from Bet365 pre-match 1X2 odds. Observation only.
odds_api_io_71732830,2026-05-29,15:30,NK Mladost Zdralovi,NK Kustosija Zagreb,croatia-druga-nl,bet365_manual,,,,,Fill manually from Bet365 pre-match 1X2 odds. Observation only.
odds_api_io_71732828,2026-05-29,15:30,NK Solin,NK Uskok,croatia-druga-nl,bet365_manual,,,,,Fill manually from Bet365 pre-match 1X2 odds. Observation only.
odds_api_io_67905690,2026-05-29,08:15,North Star,Brisbane Strikers,australia-u23-queensland-premier-league-1,bet365_manual,,,,,Fill manually from Bet365 pre-match 1X2 odds. Observation only.
odds_api_io_68161722,2026-05-29,09:30,Nunawading City,Altona City SC,australia-victoria-premier-league-2,bet365_manual,,,,,Fill manually from Bet365 pre-match 1X2 odds. Observation only.
odds_api_io_71564470,2026-05-29,18:45,OGC Nice,AS Saint-Etienne,france-ligue-1,bet365_manual,,,,,Fill manually from Bet365 pre-match 1X2 odds. Observation only.
odds_api_io_69115230,2026-05-29,11:00,Olympic Kingsway SC,Dianella White Eagles SC,australia-western-australia-npl,bet365_manual,,,,,Fill manually from Bet365 pre-match 1X2 odds. Observation only.
odds_api_io_67126586,2026-05-29,17:00,Orgryte IS,IF Elfsborg,sweden-allsvenskan,bet365_manual,,,,,Fill manually from Bet365 pre-match 1X2 odds. Observation only.
odds_api_io_67912094,2026-05-29,23:00,Orlando Pride,Bay FC,usa-national-womens-soccer-league,bet365_manual,,,,,Fill manually from Bet365 pre-match 1X2 odds. Observation only.
odds_api_io_71705032,2026-05-29,00:30,Orsomarso SC,CDP Junior FC,colombia-liga-femenina,bet365_manual,,,,,Fill manually from Bet365 pre-match 1X2 odds. Observation only.
odds_api_io_71727738,2026-05-29,16:00,PFC Ludogorets 1945 Razgrad,PFC Lokomotiv Plovdiv,bulgaria-parva-liga,bet365_manual,,,,,Fill manually from Bet365 pre-match 1X2 odds. Observation only.
odds_api_io_68538274,2026-05-29,15:30,PK Keski-Uusimaa,KuPS Akatemia,finland-ykkonen,bet365_manual,,,,,Fill manually from Bet365 pre-match 1X2 odds. Observation only.
odds_api_io_71732862,2026-05-29,19:00,Real Madrid Castilla,CE Sabadell FC,spain-primera-federacion,bet365_manual,,,,,Fill manually from Bet365 pre-match 1X2 odds. Observation only.
odds_api_io_68492550,2026-05-29,15:00,Riga FC,Grobinas SC/LFS,latvia-virsliga,bet365_manual,,,,,Fill manually from Bet365 pre-match 1X2 odds. Observation only.
odds_api_io_67015220,2026-05-29,17:00,Rosenborg BK,Bodoe/Glimt,norway-eliteserien,bet365_manual,,,,,Fill manually from Bet365 pre-match 1X2 odds. Observation only.
odds_api_io_67912708,2026-05-29,17:00,FC Rustavi,FC Spaeri,georgia-erovnuli-liga,bet365_manual,,,,,Fill manually from Bet365 pre-match 1X2 odds. Observation only.
odds_api_io_62274236,2026-05-29,17:00,SC/ESV Parndorf 1919,FC Marchfeld Donauauen,austria-amateur-regionalliga-ost,bet365_manual,,,,,Fill manually from Bet365 pre-match 1X2 odds. Observation only.
odds_api_io_66854074,2026-05-29,19:00,Shamrock Rovers,Saint Patrick´s Athletic FC,ireland-premier-division,bet365_manual,,,,,Fill manually from Bet365 pre-match 1X2 odds. Observation only.
odds_api_io_66854070,2026-05-29,18:45,Shelbourne FC,Galway United FC,ireland-premier-division,bet365_manual,,,,,Fill manually from Bet365 pre-match 1X2 odds. Observation only.
odds_api_io_67015210,2026-05-29,17:00,SK Brann,Sarpsborg 08,norway-eliteserien,bet365_manual,,,,,Fill manually from Bet365 pre-match 1X2 odds. Observation only.
odds_api_io_66053756,2026-05-29,17:00,SK Hranice,MFk Karvina B,czechia-msfl,bet365_manual,,,,,Fill manually from Bet365 pre-match 1X2 odds. Observation only.
odds_api_io_68492552,2026-05-29,17:00,SK Super Nova,FC RFS,latvia-virsliga,bet365_manual,,,,,Fill manually from Bet365 pre-match 1X2 odds. Observation only.
odds_api_io_67850010,2026-05-29,17:30,Skala IF,07 Vestur Sorvagur,faroe-islands-premier-league,bet365_manual,,,,,Fill manually from Bet365 pre-match 1X2 odds. Observation only.
odds_api_io_66854072,2026-05-29,18:45,Sligo Rovers FC,Bohemians Dublin FC,ireland-premier-division,bet365_manual,,,,,Fill manually from Bet365 pre-match 1X2 odds. Observation only.
odds_api_io_71732896,2026-05-29,20:00,Sol de America Villa Elisa,Deportivo Santani,paraguay-segunda-division,bet365_manual,,,,,Fill manually from Bet365 pre-match 1X2 odds. Observation only.
odds_api_io_68162402,2026-05-29,10:30,Spring Hills FC,Melbourne City Youth,australia-victoria-npl-women,bet365_manual,,,,,Fill manually from Bet365 pre-match 1X2 odds. Observation only.
odds_api_io_62274248,2026-05-29,16:00,SR Donaufeld,TWL Elektra,austria-amateur-regionalliga-ost,bet365_manual,,,,,Fill manually from Bet365 pre-match 1X2 odds. Observation only.
odds_api_io_68685996,2026-05-29,23:00,FC Supra Du Quebec,Inter Toronto FC,canada-canadian-premier-league,bet365_manual,,,,,Fill manually from Bet365 pre-match 1X2 odds. Observation only.
odds_api_io_69091222,2026-05-29,02:00,Tacoma Stars,FC Olympia,usa-usl-league-two,bet365_manual,,,,,Fill manually from Bet365 pre-match 1X2 odds. Observation only.
odds_api_io_69108842,2026-05-29,16:00,Tampereen Ilves 2,HJS,finland-kakkonen-playoffs,bet365_manual,,,,,Fill manually from Bet365 pre-match 1X2 odds. Observation only.
odds_api_io_68538276,2026-05-29,16:00,TPV Tampere,Tampere United,finland-ykkonen,bet365_manual,,,,,Fill manually from Bet365 pre-match 1X2 odds. Observation only.
odds_api_io_66854784,2026-05-29,18:45,University College Dublin,Athlone Town AFC,ireland-first-division,bet365_manual,,,,,Fill manually from Bet365 pre-match 1X2 odds. Observation only.
odds_api_io_68989156,2026-05-29,02:00,Utah United,Real Colorado,usa-usl-w-league,bet365_manual,,,,,Fill manually from Bet365 pre-match 1X2 odds. Observation only.
odds_api_io_67015222,2026-05-29,17:00,Vaalerenga IF,Kristiansund BK,norway-eliteserien,bet365_manual,,,,,Fill manually from Bet365 pre-match 1X2 odds. Observation only.
odds_api_io_68048882,2026-05-29,10:30,West Torrens Birkalla,Adelaide Comets FC,australia-south-australia-npl,bet365_manual,,,,,Fill manually from Bet365 pre-match 1X2 odds. Observation only.
odds_api_io_62274238,2026-05-29,17:30,Wiener Sport-Club,SV Leobendorf,austria-amateur-regionalliga-ost,bet365_manual,,,,,Fill manually from Bet365 pre-match 1X2 odds. Observation only.
odds_api_io_61466401,2026-05-29,16:30,Wolfsberger AC (A),SC Kalsdorf,austria-amateur-regionalliga-centre,bet365_manual,,,,,Fill manually from Bet365 pre-match 1X2 odds. Observation only.
odds_api_io_67878252,2026-05-29,09:30,Wynnum Wolves FC,Brisbane Roar FC,australia-queensland-npl,bet365_manual,,,,,Fill manually from Bet365 pre-match 1X2 odds. Observation only.
odds_api_io_69880350,2026-05-29,14:00,Zed FC,Kahrabaa Ismailia,egypt-premier-league,bet365_manual,,,,,Fill manually from Bet365 pre-match 1X2 odds. Observation only.
odds_api_io_70318308,2026-05-30,13:00,Aalborg BK,HB Koege,denmark-1-division,bet365_manual,,,,,Fill manually from Bet365 pre-match 1X2 odds. Observation only.
odds_api_io_68822936,2026-05-30,19:00,AC Goianiense GO,Goias EC GO,brazil-brasileiro-serie-b,bet365_manual,,,,,Fill manually from Bet365 pre-match 1X2 odds. Observation only.
odds_api_io_61623948,2026-05-30,14:15,AD Ceuta,Albacete Balompie,spain-laliga-2,bet365_manual,,,,,Fill manually from Bet365 pre-match 1X2 odds. Observation only.
odds_api_io_67807410,2026-05-30,08:00,Adamstown Rosebud FC,Newcastle Olympic FC,australia-northern-nsw-npl,bet365_manual,,,,,Fill manually from Bet365 pre-match 1X2 odds. Observation only.
odds_api_io_67807836,2026-05-30,09:00,Adamstown Rosebud JFC,Newcastle Olympic FC,australia-northern-nsw-premier-league-women,bet365_manual,,,,,Fill manually from Bet365 pre-match 1X2 odds. Observation only.
odds_api_io_68048888,2026-05-30,05:30,Adelaide United FC,Playford City,australia-south-australia-npl,bet365_manual,,,,,Fill manually from Bet365 pre-match 1X2 odds. Observation only.
odds_api_io_67126582,2026-05-30,13:00,AIK,IK Sirius,sweden-allsvenskan,bet365_manual,,,,,Fill manually from Bet365 pre-match 1X2 odds. Observation only.
odds_api_io_68162406,2026-05-30,05:00,Alamein FC,Keilor Park SC,australia-victoria-npl-women,bet365_manual,,,,,Fill manually from Bet365 pre-match 1X2 odds. Observation only.
odds_api_io_68160206,2026-05-30,08:15,Altona Magic SC,Oakleigh Cannons,australia-victoria-npl,bet365_manual,,,,,Fill manually from Bet365 pre-match 1X2 odds. Observation only.
odds_api_io_69255064,2026-05-30,20:00,AO Itabaiana SE,Volta Redonda FC RJ,brazil-brasileiro-serie-c,bet365_manual,,,,,Fill manually from Bet365 pre-match 1X2 odds. Observation only.
odds_api_io_67122998,2026-05-30,18:30,Argentino de Rosario,Club Estrella Del Sur (Alejandro Korn),argentina-primera-c,bet365_manual,,,,,Fill manually from Bet365 pre-match 1X2 odds. Observation only.
odds_api_io_68311632,2026-05-30,14:00,Ariana FC,Laholms FK,sweden-ettan-relegation/promotion,bet365_manual,,,,,Fill manually from Bet365 pre-match 1X2 odds. Observation only.
odds_api_io_69115226,2026-05-30,07:00,Armadale SC,Perth Glory FC,australia-western-australia-npl,bet365_manual,,,,,Fill manually from Bet365 pre-match 1X2 odds. Observation only.
odds_api_io_71396966,2026-05-30,16:00,Asociacion Deportiva Tarma,Cusco FC,peru-liga-1,bet365_manual,,,,,Fill manually from Bet365 pre-match 1X2 odds. Observation only.
odds_api_io_68822930,2026-05-30,21:00,Athletic Club Sjdr MG,Fortaleza EC CE,brazil-brasileiro-serie-b,bet365_manual,,,,,Fill manually from Bet365 pre-match 1X2 odds. Observation only.
odds_api_io_68822938,2026-05-30,19:00,Avai FC SC,Criciuma EC SC,brazil-brasileiro-serie-b,bet365_manual,,,,,Fill manually from Bet365 pre-match 1X2 odds. Observation only.
odds_api_io_71717756,2026-05-30,07:00,Avispa Fukuoka,JEF United Chiba,japan-jleague,bet365_manual,,,,,Fill manually from Bet365 pre-match 1X2 odds. Observation only.
odds_api_io_68160200,2026-05-30,05:00,Avondale FC,Bentleigh Greens,australia-victoria-npl,bet365_manual,,,,,Fill manually from Bet365 pre-match 1X2 odds. Observation only.
odds_api_io_70318304,2026-05-30,13:00,B93 Copenhagen,Aarhus Fremad,denmark-1-division,bet365_manual,,,,,Fill manually from Bet365 pre-match 1X2 odds. Observation only.
odds_api_io_69194946,2026-05-30,06:30,Belconnen United,Canberra Croatia FC,australia-capital-npl-1,bet365_manual,,,,,Fill manually from Bet365 pre-match 1X2 odds. Observation only.
odds_api_io_71378236,2026-05-30,18:00,Bentin Tacna Heroica,CD Estudiantil Cni,peru-liga-2,bet365_manual,,,,,Fill manually from Bet365 pre-match 1X2 odds. Observation only.
odds_api_io_67692272,2026-05-30,09:00,Bonnyrigg W. E.,Mounties Wanderers FC,australia-nsw-league-two,bet365_manual,,,,,Fill manually from Bet365 pre-match 1X2 odds. Observation only.
odds_api_io_69255076,2026-05-30,21:00,Botafogo FC PB,Maringa FC PR,brazil-brasileiro-serie-c,bet365_manual,,,,,Fill manually from Bet365 pre-match 1X2 odds. Observation only.
odds_api_io_69194940,2026-05-30,05:00,Brindabella Blues FC,Canberra Olympic,australia-capital-npl-1,bet365_manual,,,,,Fill manually from Bet365 pre-match 1X2 odds. Observation only.
odds_api_io_68160580,2026-05-30,09:00,Brunswick Juventus FC,Eltham Redbacks FC,australia-victoria-premier-league-1,bet365_manual,,,,,Fill manually from Bet365 pre-match 1X2 odds. Observation only.
odds_api_io_68162408,2026-05-30,06:00,FC Bulleen Lions,Avondale FC,australia-victoria-npl-women,bet365_manual,,,,,Fill manually from Bet365 pre-match 1X2 odds. Observation only.
odds_api_io_67125804,2026-05-30,17:30,CA Claypole,CA Central Cordoba Rosario,argentina-primera-c,bet365_manual,,,,,Fill manually from Bet365 pre-match 1X2 odds. Observation only.
odds_api_io_67122986,2026-05-30,17:30,CA Lugano,Deportivo Paraguayo,argentina-primera-c,bet365_manual,,,,,Fill manually from Bet365 pre-match 1X2 odds. Observation only.
odds_api_io_66886832,2026-05-30,19:00,CA Paranaense PR,Mirassol FC SP,brazil-brasileiro-serie-a,bet365_manual,,,,,Fill manually from Bet365 pre-match 1X2 odds. Observation only.
odds_api_io_67122988,2026-05-30,18:30,CA Puerto Nuevo,Club Mercedes,argentina-primera-c,bet365_manual,,,,,Fill manually from Bet365 pre-match 1X2 odds. Observation only.
odds_api_io_67903702,2026-05-30,08:00,Caboolture FC,Capalaba Bulldogs,australia-queensland-premier-league-1,bet365_manual,,,,,Fill manually from Bet365 pre-match 1X2 odds. Observation only.
odds_api_io_67692274,2026-05-30,09:00,Camden Tigers FC,Central Coast United FC,australia-nsw-league-two,bet365_manual,,,,,Fill manually from Bet365 pre-match 1X2 odds. Observation only.
odds_api_io_69194942,2026-05-30,05:00,Canberra Juventus FC,Tuggeranong Utd,australia-capital-npl-1,bet365_manual,,,,,Fill manually from Bet365 pre-match 1X2 odds. Observation only.
odds_api_io_67693578,2026-05-30,09:00,Canterbury Bankstown Berries,Inter Lions FC,australia-u20-nsw-premier-league-2,bet365_manual,,,,,Fill manually from Bet365 pre-match 1X2 odds. Observation only.
odds_api_io_68160204,2026-05-30,08:00,Caroline Springs George Cross FC,Green Gully SC,australia-victoria-npl,bet365_manual,,,,,Fill manually from Bet365 pre-match 1X2 odds. Observation only.
odds_api_io_67125802,2026-05-30,15:30,Central Ballester,CSDC Espanol,argentina-primera-c,bet365_manual,,,,,Fill manually from Bet365 pre-match 1X2 odds. Observation only.
odds_api_io_71717650,2026-05-30,06:00,Cerezo Osaka,FC Tokyo,japan-jleague,bet365_manual,,,,,Fill manually from Bet365 pre-match 1X2 odds. Observation only.
odds_api_io_67172592,2026-05-30,22:00,Charleston Battery,Detroit City FC,usa-usl-championship,bet365_manual,,,,,Fill manually from Bet365 pre-match 1X2 odds. Observation only.
odds_api_io_68995192,2026-05-30,11:35,Chengdu Rongcheng,Shandong Taishan FC,china-chinese-super-league,bet365_manual,,,,,Fill manually from Bet365 pre-match 1X2 odds. Observation only.
odds_api_io_68995196,2026-05-30,12:00,Chongqing Tonglianglong FC,Beijing Guoan,china-chinese-super-league,bet365_manual,,,,,Fill manually from Bet365 pre-match 1X2 odds. Observation only.
odds_api_io_68046544,2026-05-30,07:30,Chungnam Asan FC,Suwon Bluewings,republic-of-korea-k-league-2,bet365_manual,,,,,Fill manually from Bet365 pre-match 1X2 odds. Observation only.
odds_api_io_67119358,2026-05-30,17:30,Club Comunicaciones,CD Armenio,argentina-primera-b,bet365_manual,,,,,Fill manually from Bet365 pre-match 1X2 odds. Observation only.
odds_api_io_67125800,2026-05-30,17:30,Club El Porvenir,Deportivo Muniz,argentina-primera-c,bet365_manual,,,,,Fill manually from Bet365 pre-match 1X2 odds. Observation only.
odds_api_io_67125794,2026-05-30,18:30,Club Lujan,Leones de Rosario FC,argentina-primera-c,bet365_manual,,,,,Fill manually from Bet365 pre-match 1X2 odds. Observation only.
odds_api_io_71706460,2026-05-30,22:00,Colon FC,Miramar Misiones,uruguay-segunda-division,bet365_manual,,,,,Fill manually from Bet365 pre-match 1X2 odds. Observation only.
odds_api_io_67807404,2026-05-30,04:00,Cooks Hill United,Valentine FC,australia-northern-nsw-npl,bet365_manual,,,,,Fill manually from Bet365 pre-match 1X2 odds. Observation only.
odds_api_io_66886818,2026-05-30,19:00,CR Flamengo RJ,Coritiba FC PR,brazil-brasileiro-serie-a,bet365_manual,,,,,Fill manually from Bet365 pre-match 1X2 odds. Observation only.
odds_api_io_67119360,2026-05-30,17:30,CS Dock Sud,CA Brown de Adrogue,argentina-primera-b,bet365_manual,,,,,Fill manually from Bet365 pre-match 1X2 odds. Observation only.
odds_api_io_71737036,2026-05-30,18:00,Danubio FC,CA Progreso,uruguay-primera-division,bet365_manual,,,,,Fill manually from Bet365 pre-match 1X2 odds. Observation only.
odds_api_io_67122992,2026-05-30,22:00,Defensores de Cambaceres,Centro Espanol,argentina-primera-c,bet365_manual,,,,,Fill manually from Bet365 pre-match 1X2 odds. Observation only.
odds_api_io_67681882,2026-05-30,19:00,Deportes La Serena,Colo-Colo,chile-primera-division,bet365_manual,,,,,Fill manually from Bet365 pre-match 1X2 odds. Observation only.
odds_api_io_71396970,2026-05-30,20:00,Deportivo Garcilaso,Juan Pablo II College,peru-liga-1,bet365_manual,,,,,Fill manually from Bet365 pre-match 1X2 odds. Observation only.
odds_api_io_67693580,2026-05-30,09:00,Dulwich Hill,Hills United FC,australia-u20-nsw-premier-league-2,bet365_manual,,,,,Fill manually from Bet365 pre-match 1X2 odds. Observation only.
odds_api_io_68954854,2026-05-30,11:15,Dziugas,FK Panevezys,lithuania-a-lyga,bet365_manual,,,,,Fill manually from Bet365 pre-match 1X2 odds. Observation only.
odds_api_io_66886834,2026-05-30,20:30,EC Bahia BA,Botafogo FR RJ,brazil-brasileiro-serie-a,bet365_manual,,,,,Fill manually from Bet365 pre-match 1X2 odds. Observation only.
odds_api_io_68822944,2026-05-30,00:00,EC Juventude RS,America FC MG,brazil-brasileiro-serie-b,bet365_manual,,,,,Fill manually from Bet365 pre-match 1X2 odds. Observation only.
odds_api_io_67807406,2026-05-30,04:00,Edgeworth FC,Kahibah FC,australia-northern-nsw-npl,bet365_manual,,,,,Fill manually from Bet365 pre-match 1X2 odds. Observation only.
odds_api_io_68311628,2026-05-30,11:00,Eskilsminne IF,Trelleborgs FF,sweden-ettan-relegation/promotion,bet365_manual,,,,,Fill manually from Bet365 pre-match 1X2 odds. Observation only.
odds_api_io_67126146,2026-05-30,13:00,Falkenbergs FF,IK Oddevold,sweden-superettan,bet365_manual,,,,,Fill manually from Bet365 pre-match 1X2 odds. Observation only.
odds_api_io_68492556,2026-05-30,14:00,FK Auda Riga,Ogre United,latvia-virsliga,bet365_manual,,,,,Fill manually from Bet365 pre-match 1X2 odds. Observation only.
odds_api_io_68954858,2026-05-30,12:30,FK Banga Gargzdai,FA Siauliai,lithuania-a-lyga,bet365_manual,,,,,Fill manually from Bet365 pre-match 1X2 odds. Observation only.
odds_api_io_68492554,2026-05-30,12:00,FK Liepaja,FK Tukums 2000/TSS,latvia-virsliga,bet365_manual,,,,,Fill manually from Bet365 pre-match 1X2 odds. Observation only.
odds_api_io_69255066,2026-05-30,20:00,Floresta EC CE,AD Confianca SE,brazil-brasileiro-serie-c,bet365_manual,,,,,Fill manually from Bet365 pre-match 1X2 odds. Observation only.
odds_api_io_69115220,2026-05-30,07:00,Fremantle City,Perth Redstar FC,australia-western-australia-npl,bet365_manual,,,,,Fill manually from Bet365 pre-match 1X2 odds. Observation only.
odds_api_io_67126584,2026-05-30,13:00,GAIS,Kalmar FF,sweden-allsvenskan,bet365_manual,,,,,Fill manually from Bet365 pre-match 1X2 odds. Observation only.
odds_api_io_71717764,2026-05-30,07:00,Gamba Osaka,Tokyo Verdy,japan-jleague,bet365_manual,,,,,Fill manually from Bet365 pre-match 1X2 odds. Observation only.
odds_api_io_67126144,2026-05-30,13:00,GIF Sundsvall,Sandvikens IF,sweden-superettan,bet365_manual,,,,,Fill manually from Bet365 pre-match 1X2 odds. Observation only.
odds_api_io_68046548,2026-05-30,10:00,Gimhae FC,Gimpo FC,republic-of-korea-k-league-2,bet365_manual,,,,,Fill manually from Bet365 pre-match 1X2 odds. Observation only.
odds_api_io_71535542,2026-05-30,18:30,Gimnasia y Esgrima de Jujuy,CA Belgrano de Cordoba,argentina-copa-argentina,bet365_manual,,,,,Fill manually from Bet365 pre-match 1X2 odds. Observation only.
odds_api_io_68680078,2026-05-30,06:45,Glenorchy Knights FC,Launceston City FC,australia-tasmania-npl,bet365_manual,,,,,Fill manually from Bet365 pre-match 1X2 odds. Observation only.
odds_api_io_67878254,2026-05-30,05:00,Gold Coast United FC,Peninsula Power FC,australia-queensland-npl,bet365_manual,,,,,Fill manually from Bet365 pre-match 1X2 odds. Observation only.
odds_api_io_67878256,2026-05-30,07:00,Gold Coast Knights,Eastern Suburbs FC,australia-queensland-npl,bet365_manual,,,,,Fill manually from Bet365 pre-match 1X2 odds. Observation only.
odds_api_io_61623942,2026-05-30,19:00,Granada CF,Sporting Gijon,spain-laliga-2,bet365_manual,,,,,Fill manually from Bet365 pre-match 1X2 odds. Observation only.
odds_api_io_67904968,2026-05-30,09:00,Grange Thistle,Logan Lightning,australia-queensland-premier-league-1-women,bet365_manual,,,,,Fill manually from Bet365 pre-match 1X2 odds. Observation only.
odds_api_io_66886830,2026-05-30,20:30,Gremio FB Porto Alegrense RS,SC Corinthians SP,brazil-brasileiro-serie-a,bet365_manual,,,,,Fill manually from Bet365 pre-match 1X2 odds. Observation only.
odds_api_io_67693572,2026-05-30,08:30,Hakoah Sydney City East FC,Bankstown City FC,australia-u20-nsw-premier-league-2,bet365_manual,,,,,Fill manually from Bet365 pre-match 1X2 odds. Observation only.
odds_api_io_68310924,2026-05-30,14:00,Hammarby Talang FF,AFC Eskilstuna,sweden-ettan-relegation/promotion,bet365_manual,,,,,Fill manually from Bet365 pre-match 1X2 odds. Observation only.
odds_api_io_67172596,2026-05-30,23:00,Hartford Athletic,New Mexico United,usa-usl-championship,bet365_manual,,,,,Fill manually from Bet365 pre-match 1X2 odds. Observation only.
odds_api_io_68311630,2026-05-30,14:00,Hassleholms IF,Utsiktens BK,sweden-ettan-relegation/promotion,bet365_manual,,,,,Fill manually from Bet365 pre-match 1X2 odds. Observation only.
odds_api_io_67850008,2026-05-30,14:00,HB Torshavn,Vikingur Gota,faroe-islands-premier-league,bet365_manual,,,,,Fill manually from Bet365 pre-match 1X2 odds. Observation only.
odds_api_io_68162410,2026-05-30,06:15,Heidelberg United FC,Melbourne Victory FC Youth,australia-victoria-npl-women,bet365_manual,,,,,Fill manually from Bet365 pre-match 1X2 odds. Observation only.
odds_api_io_68995190,2026-05-30,11:00,Henan,Zhejiang FC,china-chinese-super-league,bet365_manual,,,,,Fill manually from Bet365 pre-match 1X2 odds. Observation only.
odds_api_io_68685998,2026-05-30,19:00,HFX Wanderers FC,Vancouver FC,canada-canadian-premier-league,bet365_manual,,,,,Fill manually from Bet365 pre-match 1X2 odds. Observation only.
odds_api_io_67091328,2026-05-30,12:00,HJK Helsinki,IFK Mariehamn,finland-veikkausliiga,bet365_manual,,,,,Fill manually from Bet365 pre-match 1X2 odds. Observation only.
odds_api_io_70318306,2026-05-30,13:00,Hobro IK,Middelfart BK,denmark-1-division,bet365_manual,,,,,Fill manually from Bet365 pre-match 1X2 odds. Observation only.
odds_api_io_68160196,2026-05-30,04:00,Hume City,South Melbourne FC,australia-victoria-npl,bet365_manual,,,,,Fill manually from Bet365 pre-match 1X2 odds. Observation only.
odds_api_io_67693576,2026-05-30,09:00,Hurstville FC,Rydalmere Lions FC,australia-u20-nsw-premier-league-2,bet365_manual,,,,,Fill manually from Bet365 pre-match 1X2 odds. Observation only.
odds_api_io_67091330,2026-05-30,14:00,IF Gnistan,Seinajoen JK,finland-veikkausliiga,bet365_manual,,,,,Fill manually from Bet365 pre-match 1X2 odds. Observation only.
odds_api_io_68310926,2026-05-30,14:00,IF Karlstad Fotbol,Sollentuna FK,sweden-ettan-relegation/promotion,bet365_manual,,,,,Fill manually from Bet365 pre-match 1X2 odds. Observation only.
odds_api_io_67172598,2026-05-30,23:00,Indy Eleven,Rhode Island FC,usa-usl-championship,bet365_manual,,,,,Fill manually from Bet365 pre-match 1X2 odds. Observation only.
odds_api_io_71535544,2026-05-30,21:00,Instituto AC Cordoba,CA Lanus,argentina-copa-argentina,bet365_manual,,,,,Fill manually from Bet365 pre-match 1X2 odds. Observation only.
odds_api_io_67905698,2026-05-30,09:00,Ipswich FC,Robina City,australia-u23-queensland-premier-league-1,bet365_manual,,,,,Fill manually from Bet365 pre-match 1X2 odds. Observation only.
odds_api_io_67912098,2026-05-30,17:30,Kansas City NWSL,Boston Legacy FC,usa-national-womens-soccer-league,bet365_manual,,,,,Fill manually from Bet365 pre-match 1X2 odds. Observation only.
odds_api_io_61467327,2026-05-30,12:30,KKS 1925 Kalisz,Unia Skierniewice,poland-ii-liga,bet365_manual,,,,,Fill manually from Bet365 pre-match 1X2 odds. Observation only.
odds_api_io_61467325,2026-05-30,12:30,KS Hutnik Krakow SSA,ZKS Stal Stalowa Wola,poland-ii-liga,bet365_manual,,,,,Fill manually from Bet365 pre-match 1X2 odds. Observation only.
odds_api_io_67091332,2026-05-30,14:00,Kuopion Palloseura,FC Inter Turku,finland-veikkausliiga,bet365_manual,,,,,Fill manually from Bet365 pre-match 1X2 odds. Observation only.
odds_api_io_71717818,2026-05-30,10:00,Kyoto Sanga FC,Kashiwa Reysol,japan-jleague,bet365_manual,,,,,Fill manually from Bet365 pre-match 1X2 odds. Observation only.
odds_api_io_67091336,2026-05-30,14:00,FC Lahti,Tampereen Ilves,finland-veikkausliiga,bet365_manual,,,,,Fill manually from Bet365 pre-match 1X2 odds. Observation only.
odds_api_io_67126132,2026-05-30,11:00,Landskrona BoIS,IK Brage,sweden-superettan,bet365_manual,,,,,Fill manually from Bet365 pre-match 1X2 odds. Observation only.
odds_api_io_68687686,2026-05-30,21:30,LDU Quito,Orense SC,ecuador-ligapro-primera-a,bet365_manual,,,,,Fill manually from Bet365 pre-match 1X2 odds. Observation only.
odds_api_io_67126140,2026-05-30,11:00,Ljungskile SK,Varbergs BoIS,sweden-superettan,bet365_manual,,,,,Fill manually from Bet365 pre-match 1X2 odds. Observation only.
odds_api_io_61467323,2026-05-30,12:30,LKS Lodz II,Sokol Kleczew,poland-ii-liga,bet365_manual,,,,,Fill manually from Bet365 pre-match 1X2 odds. Observation only.
odds_api_io_67172602,2026-05-30,23:00,Louisville City FC,Tampa Bay Rowdies,usa-usl-championship,bet365_manual,,,,,Fill manually from Bet365 pre-match 1X2 odds. Observation only.
odds_api_io_67807408,2026-05-30,06:30,Maitland FC,Belmont Swansea United FC,australia-northern-nsw-npl,bet365_manual,,,,,Fill manually from Bet365 pre-match 1X2 odds. Observation only.
odds_api_io_67126592,2026-05-30,13:00,Malmo FF,Halmstads BK,sweden-allsvenskan,bet365_manual,,,,,Fill manually from Bet365 pre-match 1X2 odds. Observation only.
odds_api_io_67690888,2026-05-30,07:00,Manly United FC,Blacktown City FC,australia-nsw-npl-1,bet365_manual,,,,,Fill manually from Bet365 pre-match 1X2 odds. Observation only.
odds_api_io_68687688,2026-05-30,19:00,Manta FC,Libertad Loja,ecuador-ligapro-primera-a,bet365_manual,,,,,Fill manually from Bet365 pre-match 1X2 odds. Observation only.
odds_api_io_68813652,2026-05-30,09:00,Marconi Stallions,Rockdale Ilinden FC,australia-nsw-npl-1,bet365_manual,,,,,Fill manually from Bet365 pre-match 1X2 odds. Observation only.
odds_api_io_68160584,2026-05-30,08:15,FC Melbourne Srbija,Langwarrin SC,australia-victoria-premier-league-1,bet365_manual,,,,,Fill manually from Bet365 pre-match 1X2 odds. Observation only.
odds_api_io_68989186,2026-05-30,22:00,Midwest United FC,Detroit City FC,usa-usl-w-league,bet365_manual,,,,,Fill manually from Bet365 pre-match 1X2 odds. Observation only.
odds_api_io_67904964,2026-05-30,08:00,Mitchelton FC,Caboolture FC,australia-queensland-premier-league-1-women,bet365_manual,,,,,Fill manually from Bet365 pre-match 1X2 odds. Observation only.
odds_api_io_61467319,2026-05-30,12:30,MKS Chojniczanka Chojnice,Rekord Bielsko Biala,poland-ii-liga,bet365_manual,,,,,Fill manually from Bet365 pre-match 1X2 odds. Observation only.
odds_api_io_67015218,2026-05-30,14:00,Molde FK,Sandefjord Fotball,norway-eliteserien,bet365_manual,,,,,Fill manually from Bet365 pre-match 1X2 odds. Observation only.
odds_api_io_69194948,2026-05-30,07:45,Monaro Panthers FC,Canberra White Eagles FC,australia-capital-npl-1,bet365_manual,,,,,Fill manually from Bet365 pre-match 1X2 odds. Observation only.
odds_api_io_67017976,2026-05-30,14:00,Moss FK,Stabaek IF,norway-1st-division,bet365_manual,,,,,Fill manually from Bet365 pre-match 1X2 odds. Observation only.
odds_api_io_68048890,2026-05-30,09:45,North Eastern Metrostars SC,Campbelltown City SC,australia-south-australia-npl,bet365_manual,,,,,Fill manually from Bet365 pre-match 1X2 odds. Observation only.
odds_api_io_67692626,2026-05-30,05:00,NWS Spirit FC,Gladesville Ravens,australia-nsw-premier-league-women,bet365_manual,,,,,Fill manually from Bet365 pre-match 1X2 odds. Observation only.
odds_api_io_69194944,2026-05-30,05:00,O'Connor Knights FC,Queanbeyan City FC,australia-capital-npl-1,bet365_manual,,,,,Fill manually from Bet365 pre-match 1X2 odds. Observation only.
odds_api_io_67017978,2026-05-30,14:00,Odds BK,Lyn 1896 FK,norway-1st-division,bet365_manual,,,,,Fill manually from Bet365 pre-match 1X2 odds. Observation only.
odds_api_io_61467315,2026-05-30,12:30,OKS Swit Szczecin,Olimpia Grudziadz,poland-ii-liga,bet365_manual,,,,,Fill manually from Bet365 pre-match 1X2 odds. Observation only.
odds_api_io_71578520,2026-05-30,19:30,CF Os Belenenses,SC Farense,portugal-liga-portugal-2,bet365_manual,,,,,Fill manually from Bet365 pre-match 1X2 odds. Observation only.
odds_api_io_67126138,2026-05-30,15:00,Osters IF,Norrby IF,sweden-superettan,bet365_manual,,,,,Fill manually from Bet365 pre-match 1X2 odds. Observation only.
odds_api_io_68686000,2026-05-30,22:00,Pacific FC,Atletico Ottawa,canada-canadian-premier-league,bet365_manual,,,,,Fill manually from Bet365 pre-match 1X2 odds. Observation only.
odds_api_io_68048884,2026-05-30,05:30,Para Hills Knights SC,Croydon FC,australia-south-australia-npl,bet365_manual,,,,,Fill manually from Bet365 pre-match 1X2 odds. Observation only.
odds_api_io_69339514,2026-05-30,16:00,Paris Saint-Germain,Arsenal FC,international-clubs-uefa-champions-league,bet365_manual,,,,,Fill manually from Bet365 pre-match 1X2 odds. Observation only.
odds_api_io_68214674,2026-05-30,11:30,Parnu JK Vaprus,Nomme Kalju FC,estonia-premium-liiga,bet365_manual,,,,,Fill manually from Bet365 pre-match 1X2 odds. Observation only.
odds_api_io_71706458,2026-05-30,19:00,Paysandu FC,CS Cerrito,uruguay-segunda-division,bet365_manual,,,,,Fill manually from Bet365 pre-match 1X2 odds. Observation only.
odds_api_io_67172610,2026-05-30,23:00,Pittsburgh Riverhounds,Miami FC,usa-usl-championship,bet365_manual,,,,,Fill manually from Bet365 pre-match 1X2 odds. Observation only.
odds_api_io_61467317,2026-05-30,12:30,Podbeskidzie Bielsko-Biała,Podhale Nowy Targ,poland-ii-liga,bet365_manual,,,,,Fill manually from Bet365 pre-match 1X2 odds. Observation only.
odds_api_io_71127920,2026-05-30,10:30,Port Darwin FC,Garuda FC,australia-northern-territory-premier-league,bet365_manual,,,,,Fill manually from Bet365 pre-match 1X2 odds. Observation only.
odds_api_io_67912100,2026-05-30,20:00,Portland Thorns FC,Utah Royals FC,usa-national-womens-soccer-league,bet365_manual,,,,,Fill manually from Bet365 pre-match 1X2 odds. Observation only.
odds_api_io_68995194,2026-05-30,10:00,Qingdao West Coast FC,Shanghai Shenhua FC,china-chinese-super-league,bet365_manual,,,,,Fill manually from Bet365 pre-match 1X2 odds. Observation only.
odds_api_io_71737034,2026-05-30,13:00,Racing Club Montevideo,Defensor Sporting,uruguay-primera-division,bet365_manual,,,,,Fill manually from Bet365 pre-match 1X2 odds. Observation only.
odds_api_io_67912096,2026-05-30,00:00,Racing Louisville FC,Denver Summit FC,usa-national-womens-soccer-league,bet365_manual,,,,,Fill manually from Bet365 pre-match 1X2 odds. Observation only.
odds_api_io_67119374,2026-05-30,18:30,Real Pilar FC,CD UAI Urquiza,argentina-primera-b,bet365_manual,,,,,Fill manually from Bet365 pre-match 1X2 odds. Observation only.
odds_api_io_61623952,2026-05-30,14:15,Real Sociedad San Sebastian B,Cultural Leonesa,spain-laliga-2,bet365_manual,,,,,Fill manually from Bet365 pre-match 1X2 odds. Observation only.
odds_api_io_68989164,2026-05-30,18:00,River Light FC,Minnesota Aurora,usa-usl-w-league,bet365_manual,,,,,Fill manually from Bet365 pre-match 1X2 odds. Observation only.
odds_api_io_68680076,2026-05-30,06:45,Riverside Olympic FC,Kingborough Lions United FC,australia-tasmania-npl,bet365_manual,,,,,Fill manually from Bet365 pre-match 1X2 odds. Observation only.
odds_api_io_67878258,2026-05-30,08:15,Rochedale Rovers,Moreton City Excelsior FC,australia-queensland-npl,bet365_manual,,,,,Fill manually from Bet365 pre-match 1X2 odds. Observation only.
odds_api_io_61467329,2026-05-30,12:30,Sandecja Nowy Sacz,Zaglebie Sosnowiec,poland-ii-liga,bet365_manual,,,,,Fill manually from Bet365 pre-match 1X2 odds. Observation only.
odds_api_io_71717646,2026-05-30,05:00,Sanfrecce Hiroshima,Kawasaki Frontale,japan-jleague,bet365_manual,,,,,Fill manually from Bet365 pre-match 1X2 odds. Observation only.
odds_api_io_66886822,2026-05-30,23:30,Santos FC SP,EC Vitoria BA,brazil-brasileiro-serie-a,bet365_manual,,,,,Fill manually from Bet365 pre-match 1X2 odds. Observation only.
odds_api_io_68822940,2026-05-30,23:30,SC Recife PE,Nautico PE,brazil-brasileiro-serie-b,bet365_manual,,,,,Fill manually from Bet365 pre-match 1X2 odds. Observation only.
odds_api_io_68007152,2026-05-30,12:00,Scotland,Curacao,international-int-friendly-games,bet365_manual,,,,,Fill manually from Bet365 pre-match 1X2 odds. Observation only.
odds_api_io_71732864,2026-05-30,19:00,SD Ponferradina,Atletico Madrid B,spain-primera-federacion,bet365_manual,,,,,Fill manually from Bet365 pre-match 1X2 odds. Observation only.
odds_api_io_69255070,2026-05-30,22:30,SER Caxias do Sul,Ituano FC SP,brazil-brasileiro-serie-c,bet365_manual,,,,,Fill manually from Bet365 pre-match 1X2 odds. Observation only.
odds_api_io_68995198,2026-05-30,12:00,Shenzhen Peng City,Qingdao Hainiu FC,china-chinese-super-league,bet365_manual,,,,,Fill manually from Bet365 pre-match 1X2 odds. Observation only.
odds_api_io_71685810,2026-05-30,11:00,FC Silon Taborsko,FC Banik Ostrava,czechia-1-liga,bet365_manual,,,,,Fill manually from Bet365 pre-match 1X2 odds. Observation only.
odds_api_io_69115224,2026-05-30,07:00,Sorrento FC,Bayswater City,australia-western-australia-npl,bet365_manual,,,,,Fill manually from Bet365 pre-match 1X2 odds. Observation only.
odds_api_io_68162404,2026-05-30,05:30,South Melbourne FC,Preston Lions,australia-victoria-npl-women,bet365_manual,,,,,Fill manually from Bet365 pre-match 1X2 odds. Observation only.
odds_api_io_71396968,2026-05-30,22:30,Sport Boys Association,Comerciantes Unidos,peru-liga-1,bet365_manual,,,,,Fill manually from Bet365 pre-match 1X2 odds. Observation only.
odds_api_io_67690896,2026-05-30,08:30,St George Saints FC,St George City FA,australia-nsw-npl-1,bet365_manual,,,,,Fill manually from Bet365 pre-match 1X2 odds. Observation only.
odds_api_io_69115222,2026-05-30,07:00,Stirling Macedonia FC,Balcatta,australia-western-australia-npl,bet365_manual,,,,,Fill manually from Bet365 pre-match 1X2 odds. Observation only.
odds_api_io_68048886,2026-05-30,05:30,Sturt Lions,FK Beograd,australia-south-australia-npl,bet365_manual,,,,,Fill manually from Bet365 pre-match 1X2 odds. Observation only.
odds_api_io_68046550,2026-05-30,10:00,Suwon FC,Seongnam Ilhwa,republic-of-korea-k-league-2,bet365_manual,,,,,Fill manually from Bet365 pre-match 1X2 odds. Observation only.
odds_api_io_67690890,2026-05-30,07:00,Sydney Olympic FC,SD Raiders FC,australia-nsw-npl-1,bet365_manual,,,,,Fill manually from Bet365 pre-match 1X2 odds. Observation only.
odds_api_io_68311634,2026-05-30,14:00,FC Trollhattan,Aatvidabergs FF,sweden-ettan-relegation/promotion,bet365_manual,,,,,Fill manually from Bet365 pre-match 1X2 odds. Observation only.
odds_api_io_68311636,2026-05-30,14:00,Tvaakers IF,Kristianstad FC,sweden-ettan-relegation/promotion,bet365_manual,,,,,Fill manually from Bet365 pre-match 1X2 odds. Observation only.
odds_api_io_67681896,2026-05-30,21:30,Universidad de Chile,Deportes Concepcion,chile-primera-division,bet365_manual,,,,,Fill manually from Bet365 pre-match 1X2 odds. Observation only.
odds_api_io_67681888,2026-05-30,00:30,Universidad de Concepcion,Deportes Union La Calera,chile-primera-division,bet365_manual,,,,,Fill manually from Bet365 pre-match 1X2 odds. Observation only.
odds_api_io_67690892,2026-05-30,05:00,University of Nsw,Wollongong Wolves FC,australia-nsw-npl-1,bet365_manual,,,,,Fill manually from Bet365 pre-match 1X2 odds. Observation only.
odds_api_io_71706456,2026-05-30,16:00,Uruguay Montevideo FC,Plaza Colonia,uruguay-segunda-division,bet365_manual,,,,,Fill manually from Bet365 pre-match 1X2 odds. Observation only.
odds_api_io_71717814,2026-05-30,08:00,V-Varen Nagasaki,Mito Hollyhock,japan-jleague,bet365_manual,,,,,Fill manually from Bet365 pre-match 1X2 odds. Observation only.
odds_api_io_67912102,2026-05-30,22:30,Washington Spirit,Seattle Reign FC,usa-national-womens-soccer-league,bet365_manual,,,,,Fill manually from Bet365 pre-match 1X2 odds. Observation only.
odds_api_io_69115228,2026-05-30,07:00,Western Knights SC,Perth Azzurri,australia-western-australia-npl,bet365_manual,,,,,Fill manually from Bet365 pre-match 1X2 odds. Observation only.
odds_api_io_68046546,2026-05-30,07:30,Yongin City FC,Daegu FC,republic-of-korea-k-league-2,bet365_manual,,,,,Fill manually from Bet365 pre-match 1X2 odds. Observation only.
odds_api_io_69255058,2026-05-31,19:00,AA Internacional Limeira SP,Ypiranga FC RS,brazil-brasileiro-serie-c,bet365_manual,,,,,Fill manually from Bet365 pre-match 1X2 odds. Observation only.
odds_api_io_70317960,2026-05-31,13:00,AC Horsens,Kolding IF,denmark-1-division,bet365_manual,,,,,Fill manually from Bet365 pre-match 1X2 odds. Observation only.
odds_api_io_67091338,2026-05-31,13:00,AC Oulu,FF Jaro,finland-veikkausliiga,bet365_manual,,,,,Fill manually from Bet365 pre-match 1X2 odds. Observation only.
odds_api_io_69289866,2026-05-31,00:30,Academia Quintana,Puerto Rico Surf SC,puerto-rico-lpr-pro,bet365_manual,,,,,Fill manually from Bet365 pre-match 1X2 odds. Observation only.
odds_api_io_71737086,2026-05-31,13:00,Albion FC,Montevideo City Torque,uruguay-primera-division,bet365_manual,,,,,Fill manually from Bet365 pre-match 1X2 odds. Observation only.
odds_api_io_69255068,2026-05-31,21:30,Anapolis FC GO,Maranhao AC MA,brazil-brasileiro-serie-c,bet365_manual,,,,,Fill manually from Bet365 pre-match 1X2 odds. Observation only.
odds_api_io_67912108,2026-05-31,23:00,Angel City FC,North Carolina Courage,usa-national-womens-soccer-league,bet365_manual,,,,,Fill manually from Bet365 pre-match 1X2 odds. Observation only.
odds_api_io_68046556,2026-05-31,10:00,Ansan Greeners FC,Cheonan City FC,republic-of-korea-k-league-2,bet365_manual,,,,,Fill manually from Bet365 pre-match 1X2 odds. Observation only.
odds_api_io_67126588,2026-05-31,12:00,BK Hacken,Hammarby IF,sweden-allsvenskan,bet365_manual,,,,,Fill manually from Bet365 pre-match 1X2 odds. Observation only.
odds_api_io_68162412,2026-05-31,05:00,Boroondara Eagles,Essendon Royals SC,australia-victoria-npl-women,bet365_manual,,,,,Fill manually from Bet365 pre-match 1X2 odds. Observation only.
odds_api_io_69829654,2026-05-31,21:30,Brazil,Panama,international-int-friendly-games,bet365_manual,,,,,Fill manually from Bet365 pre-match 1X2 odds. Observation only.
odds_api_io_71425978,2026-05-31,14:00,Brighton and Hove Albion WFC,Manchester City WFC,england-amateur-fa-cup-women,bet365_manual,,,,,Fill manually from Bet365 pre-match 1X2 odds. Observation only.
odds_api_io_67904166,2026-05-31,06:00,Brisbane Knights,Caloundra FC,australia-queensland-premier-league-2,bet365_manual,,,,,Fill manually from Bet365 pre-match 1X2 odds. Observation only.
odds_api_io_67807412,2026-05-31,03:00,Broadmeadow Magic FC,Lambton Jaffas FC,australia-northern-nsw-npl,bet365_manual,,,,,Fill manually from Bet365 pre-match 1X2 odds. Observation only.
odds_api_io_67017970,2026-05-31,15:00,Bryne FK,Hoedd IL,norway-1st-division,bet365_manual,,,,,Fill manually from Bet365 pre-match 1X2 odds. Observation only.
odds_api_io_67692628,2026-05-31,04:40,Bulls FC Academy,Western City Rangers FC,australia-nsw-premier-league-women,bet365_manual,,,,,Fill manually from Bet365 pre-match 1X2 odds. Observation only.
odds_api_io_61623956,2026-05-31,16:30,Burgos CF,FC Andorra,spain-laliga-2,bet365_manual,,,,,Fill manually from Bet365 pre-match 1X2 odds. Observation only.
odds_api_io_71706464,2026-05-31,15:30,CA Fenix Montevideo,Club Atletico Rentistas,uruguay-segunda-division,bet365_manual,,,,,Fill manually from Bet365 pre-match 1X2 odds. Observation only.
odds_api_io_71737090,2026-05-31,18:00,CA Juventud de Las Piedras,Montevideo Wanderers,uruguay-primera-division,bet365_manual,,,,,Fill manually from Bet365 pre-match 1X2 odds. Observation only.
odds_api_io_71706466,2026-05-31,18:30,CA River Plate (URU),CA Atenas de San Carlos,uruguay-segunda-division,bet365_manual,,,,,Fill manually from Bet365 pre-match 1X2 odds. Observation only.
odds_api_io_71396976,2026-05-31,18:15,FC Cajamarca,Alianza Lima,peru-liga-1,bet365_manual,,,,,Fill manually from Bet365 pre-match 1X2 odds. Observation only.
odds_api_io_69195340,2026-05-31,05:00,Canberra Croatia FC,Belconnen United,australia-capital-npl-women,bet365_manual,,,,,Fill manually from Bet365 pre-match 1X2 odds. Observation only.
odds_api_io_69195338,2026-05-31,04:30,Canberra Olympic,West Canberra Wanderers FC,australia-capital-npl-women,bet365_manual,,,,,Fill manually from Bet365 pre-match 1X2 odds. Observation only.
odds_api_io_67904768,2026-05-31,08:00,Capalaba FC,Queenland Lions FC,australia-queensland-npl-women,bet365_manual,,,,,Fill manually from Bet365 pre-match 1X2 odds. Observation only.
odds_api_io_61623936,2026-05-31,16:30,CD Castellon,SD Eibar,spain-laliga-2,bet365_manual,,,,,Fill manually from Bet365 pre-match 1X2 odds. Observation only.
odds_api_io_68687684,2026-05-31,00:00,CD Cuenca,Delfin SC,ecuador-ligapro-primera-a,bet365_manual,,,,,Fill manually from Bet365 pre-match 1X2 odds. Observation only.
odds_api_io_61623944,2026-05-31,19:00,CD Leganes,CD Mirandes,spain-laliga-2,bet365_manual,,,,,Fill manually from Bet365 pre-match 1X2 odds. Observation only.
odds_api_io_67681890,2026-05-31,21:30,CD O´Higgins,CD Everton Vina del Mar,chile-primera-division,bet365_manual,,,,,Fill manually from Bet365 pre-match 1X2 odds. Observation only.
odds_api_io_71732868,2026-05-31,14:15,CE Europa,RC Celta Fortuna,spain-primera-federacion,bet365_manual,,,,,Fill manually from Bet365 pre-match 1X2 odds. Observation only.
odds_api_io_68822934,2026-05-31,19:00,Ceara SC CE,Operario Ferroviario EC PR,brazil-brasileiro-serie-b,bet365_manual,,,,,Fill manually from Bet365 pre-match 1X2 odds. Observation only.
odds_api_io_67912104,2026-05-31,17:00,Chicago Stars FC,San Diego Wave FC,usa-national-womens-soccer-league,bet365_manual,,,,,Fill manually from Bet365 pre-match 1X2 odds. Observation only.
odds_api_io_71396986,2026-05-31,22:00,Cienciano,Sporting Cristal,peru-liga-1,bet365_manual,,,,,Fill manually from Bet365 pre-match 1X2 odds. Observation only.
odds_api_io_68680082,2026-05-31,04:30,Clarence Zebras FC,South East United FC,australia-tasmania-npl,bet365_manual,,,,,Fill manually from Bet365 pre-match 1X2 odds. Observation only.
odds_api_io_66886836,2026-05-31,23:30,Clube do Remo PA,Sao Paulo FC SP,brazil-brasileiro-serie-a,bet365_manual,,,,,Fill manually from Bet365 pre-match 1X2 odds. Observation only.
odds_api_io_61623938,2026-05-31,19:00,Cordoba CF,SD Huesca,spain-laliga-2,bet365_manual,,,,,Fill manually from Bet365 pre-match 1X2 odds. Observation only.
odds_api_io_66886820,2026-05-31,19:00,CR Vasco da Gama RJ,Atletico Mineiro MG,brazil-brasileiro-serie-a,bet365_manual,,,,,Fill manually from Bet365 pre-match 1X2 odds. Observation only.
odds_api_io_66886828,2026-05-31,23:30,Cruzeiro EC MG,Fluminense FC RJ,brazil-brasileiro-serie-a,bet365_manual,,,,,Fill manually from Bet365 pre-match 1X2 odds. Observation only.
odds_api_io_68687676,2026-05-31,23:10,CS Emelec,CD Universidad Catolica del Ecuador,ecuador-ligapro-primera-a,bet365_manual,,,,,Fill manually from Bet365 pre-match 1X2 odds. Observation only.
odds_api_io_68822942,2026-05-31,23:30,Cuiaba EC MT,CR Brasil AL,brazil-brasileiro-serie-b,bet365_manual,,,,,Fill manually from Bet365 pre-match 1X2 odds. Observation only.
odds_api_io_71127922,2026-05-31,06:30,Darwin Hearts FC,Palmerston Rovers,australia-northern-territory-premier-league,bet365_manual,,,,,Fill manually from Bet365 pre-match 1X2 odds. Observation only.
odds_api_io_67126594,2026-05-31,12:00,Degerfors IF,IF Brommapojkarna,sweden-allsvenskan,bet365_manual,,,,,Fill manually from Bet365 pre-match 1X2 odds. Observation only.
odds_api_io_67681886,2026-05-31,16:30,Deportes Limache,Coquimbo Unido,chile-primera-division,bet365_manual,,,,,Fill manually from Bet365 pre-match 1X2 odds. Observation only.
odds_api_io_71737092,2026-05-31,21:30,Deportivo Maldonado,Club Nacional de Football,uruguay-primera-division,bet365_manual,,,,,Fill manually from Bet365 pre-match 1X2 odds. Observation only.
odds_api_io_71352752,2026-05-31,00:00,Deportivo Toluca FC,Tigres UANL,international-clubs-concacaf-champions-cup,bet365_manual,,,,,Fill manually from Bet365 pre-match 1X2 odds. Observation only.
odds_api_io_67017972,2026-05-31,15:00,Egersunds IK,Stroemsgodset IF,norway-1st-division,bet365_manual,,,,,Fill manually from Bet365 pre-match 1X2 odds. Observation only.
odds_api_io_67172594,2026-05-31,01:00,El Paso Locomotive FC,Lexington SC,usa-usl-championship,bet365_manual,,,,,Fill manually from Bet365 pre-match 1X2 odds. Observation only.
odds_api_io_70317962,2026-05-31,13:00,Esbjerg FB,Lyngby BK,denmark-1-division,bet365_manual,,,,,Fill manually from Bet365 pre-match 1X2 odds. Observation only.
odds_api_io_71717824,2026-05-31,05:00,Fagiano Okayama,Urawa Red Diamonds,japan-jleague,bet365_manual,,,,,Fill manually from Bet365 pre-match 1X2 odds. Observation only.
odds_api_io_71604166,2026-05-31,17:30,FC Farul Constanta,AFC Chindia Targoviste,romania-superliga,bet365_manual,,,,,Fill manually from Bet365 pre-match 1X2 odds. Observation only.
odds_api_io_71396974,2026-05-31,16:00,FBC Melgar,Alianza Atletico,peru-liga-1,bet365_manual,,,,,Fill manually from Bet365 pre-match 1X2 odds. Observation only.
odds_api_io_69255062,2026-05-31,23:30,Figueirense FC SC,Paysandu SC PA,brazil-brasileiro-serie-c,bet365_manual,,,,,Fill manually from Bet365 pre-match 1X2 odds. Observation only.
odds_api_io_68686002,2026-05-31,20:00,Forge FC Hamilton,Cavalry FC,canada-canadian-premier-league,bet365_manual,,,,,Fill manually from Bet365 pre-match 1X2 odds. Observation only.
odds_api_io_68492558,2026-05-31,13:00,FS Jelgava,BFC Daugavpils,latvia-virsliga,bet365_manual,,,,,Fill manually from Bet365 pre-match 1X2 odds. Observation only.
odds_api_io_67904764,2026-05-31,05:00,Gold Coast United FC,Sunshine Coast Wanderers FC,australia-queensland-npl-women,bet365_manual,,,,,Fill manually from Bet365 pre-match 1X2 odds. Observation only.
odds_api_io_67912106,2026-05-31,19:00,Gotham FC,Houston Dash,usa-national-womens-soccer-league,bet365_manual,,,,,Fill manually from Bet365 pre-match 1X2 odds. Observation only.
odds_api_io_69255060,2026-05-31,19:00,Guarani FC SP,Amazonas FC AM,brazil-brasileiro-serie-c,bet365_manual,,,,,Fill manually from Bet365 pre-match 1X2 odds. Observation only.
odds_api_io_68687680,2026-05-31,20:30,Guayaquil City FC,CSD Independiente del Valle,ecuador-ligapro-primera-a,bet365_manual,,,,,Fill manually from Bet365 pre-match 1X2 odds. Observation only.
odds_api_io_68161354,2026-05-31,05:30,Heidelberg United FC,Dandenong Thunder FC,australia-u23-victoria-npl,bet365_manual,,,,,Fill manually from Bet365 pre-match 1X2 odds. Observation only.
odds_api_io_67126134,2026-05-31,15:00,Helsingborgs IF,IFK Norrkoping FK,sweden-superettan,bet365_manual,,,,,Fill manually from Bet365 pre-match 1X2 odds. Observation only.
odds_api_io_70317964,2026-05-31,13:00,Hillerod Fodbold,Hvidovre IF,denmark-1-division,bet365_manual,,,,,Fill manually from Bet365 pre-match 1X2 odds. Observation only.
odds_api_io_67681884,2026-05-31,19:00,Huachipato,CD Universidad Catolica,chile-primera-division,bet365_manual,,,,,Fill manually from Bet365 pre-match 1X2 odds. Observation only.
odds_api_io_71706462,2026-05-31,12:30,Huracan FC,La Luz FC,uruguay-segunda-division,bet365_manual,,,,,Fill manually from Bet365 pre-match 1X2 odds. Observation only.
odds_api_io_68046552,2026-05-31,07:30,Hwaseong FC,Gyeongnam FC,republic-of-korea-k-league-2,bet365_manual,,,,,Fill manually from Bet365 pre-match 1X2 odds. Observation only.
odds_api_io_68194666,2026-05-31,17:00,IBV Vestmannaeyjar,Keflavik IF,iceland-besta-deild,bet365_manual,,,,,Fill manually from Bet365 pre-match 1X2 odds. Observation only.
odds_api_io_67126136,2026-05-31,13:00,IFK Varnamo,Nordic United FC,sweden-superettan,bet365_manual,,,,,Fill manually from Bet365 pre-match 1X2 odds. Observation only.
odds_api_io_68046554,2026-05-31,07:30,Jeonnam Dragons,Seoul E-Land FC,republic-of-korea-k-league-2,bet365_manual,,,,,Fill manually from Bet365 pre-match 1X2 odds. Observation only.
odds_api_io_71740604,2026-05-31,16:30,KAA Gent,KRC Genk,belgium-pro-league,bet365_manual,,,,,Fill manually from Bet365 pre-match 1X2 odds. Observation only.
odds_api_io_68310928,2026-05-31,14:00,Karlbergs BK,FBK Karlstad,sweden-ettan-relegation/promotion,bet365_manual,,,,,Fill manually from Bet365 pre-match 1X2 odds. Observation only.
odds_api_io_67017974,2026-05-31,15:00,Kongsvinger IL Toppfotball,Aasane Fotball,norway-1st-division,bet365_manual,,,,,Fill manually from Bet365 pre-match 1X2 odds. Observation only.
odds_api_io_68194668,2026-05-31,17:00,KR Reykjavik,KA Akureyri,iceland-besta-deild,bet365_manual,,,,,Fill manually from Bet365 pre-match 1X2 odds. Observation only.
odds_api_io_67807838,2026-05-31,06:00,Lake Macquarie City FC,New Lambton FC,australia-northern-nsw-premier-league-women,bet365_manual,,,,,Fill manually from Bet365 pre-match 1X2 odds. Observation only.
odds_api_io_67172600,2026-05-31,02:30,Las Vegas Lights,FC Tulsa,usa-usl-championship,bet365_manual,,,,,Fill manually from Bet365 pre-match 1X2 odds. Observation only.
odds_api_io_68822932,2026-05-31,14:00,Londrina EC PR,Vila Nova FC GO,brazil-brasileiro-serie-b,bet365_manual,,,,,Fill manually from Bet365 pre-match 1X2 odds. Observation only.
odds_api_io_71396984,2026-05-31,20:15,Los Chankas CYC,UTC de Cajamarca,peru-liga-1,bet365_manual,,,,,Fill manually from Bet365 pre-match 1X2 odds. Observation only.
odds_api_io_67692630,2026-05-31,05:00,Macarthur Rams,Illawarra Stingrays,australia-nsw-premier-league-women,bet365_manual,,,,,Fill manually from Bet365 pre-match 1X2 odds. Observation only.
odds_api_io_67878260,2026-05-31,04:30,Magic United Tfa,Lions FC,australia-queensland-npl,bet365_manual,,,,,Fill manually from Bet365 pre-match 1X2 odds. Observation only.
odds_api_io_69829506,2026-05-31,02:00,Mexico,Australia,international-int-friendly-games,bet365_manual,,,,,Fill manually from Bet365 pre-match 1X2 odds. Observation only.
odds_api_io_67904172,2026-05-31,07:00,Mitchelton FC,SWQ Thunder FC,australia-queensland-premier-league-2,bet365_manual,,,,,Fill manually from Bet365 pre-match 1X2 odds. Observation only.
odds_api_io_67172604,2026-05-31,02:00,Monterey Bay FC,Loudoun United FC,usa-usl-championship,bet365_manual,,,,,Fill manually from Bet365 pre-match 1X2 odds. Observation only.
odds_api_io_68687678,2026-05-31,18:00,Mushuc Runa SC,SD Aucas,ecuador-ligapro-primera-a,bet365_manual,,,,,Fill manually from Bet365 pre-match 1X2 odds. Observation only.
odds_api_io_67126142,2026-05-31,15:00,Ostersunds FK,Orebro SK,sweden-superettan,bet365_manual,,,,,Fill manually from Bet365 pre-match 1X2 odds. Observation only.
odds_api_io_68214676,2026-05-31,14:00,Paide Linnameeskond,FC Kuressaare,estonia-premium-liiga,bet365_manual,,,,,Fill manually from Bet365 pre-match 1X2 odds. Observation only.
odds_api_io_69767376,2026-05-31,07:00,Perth Azzurri,Sorrento FC,australia-npl-western-australia-women,bet365_manual,,,,,Fill manually from Bet365 pre-match 1X2 odds. Observation only.
odds_api_io_67172608,2026-05-31,02:30,Phoenix Rising FC,Sacramento Republic FC,usa-usl-championship,bet365_manual,,,,,Fill manually from Bet365 pre-match 1X2 odds. Observation only.
odds_api_io_68310930,2026-05-31,12:00,Piteaa IF,FC Stockholm Internazionale,sweden-ettan-relegation/promotion,bet365_manual,,,,,Fill manually from Bet365 pre-match 1X2 odds. Observation only.
odds_api_io_67604836,2026-05-31,15:00,PK-35 Helsinki,HJK Klubi 04,finland-ykkosliiga,bet365_manual,,,,,Fill manually from Bet365 pre-match 1X2 odds. Observation only.
odds_api_io_67693566,2026-05-31,08:00,Prospect United,Northern Tigers FC,australia-u20-nsw-premier-league-2,bet365_manual,,,,,Fill manually from Bet365 pre-match 1X2 odds. Observation only.
odds_api_io_71535546,2026-05-31,22:00,Racing Club Avellaneda,Defensa y Justicia,argentina-copa-argentina,bet365_manual,,,,,Fill manually from Bet365 pre-match 1X2 odds. Observation only.
odds_api_io_61623950,2026-05-31,16:30,Racing Santander,Cadiz CF,spain-laliga-2,bet365_manual,,,,,Fill manually from Bet365 pre-match 1X2 odds. Observation only.
odds_api_io_67017980,2026-05-31,15:00,Ranheim,Sandnes Ulf,norway-1st-division,bet365_manual,,,,,Fill manually from Bet365 pre-match 1X2 odds. Observation only.
odds_api_io_67017982,2026-05-31,15:00,Raufoss IL,FK Haugesund,norway-1st-division,bet365_manual,,,,,Fill manually from Bet365 pre-match 1X2 odds. Observation only.
odds_api_io_61623940,2026-05-31,16:30,RC Deportivo De La Coruna,UD Las Palmas,spain-laliga-2,bet365_manual,,,,,Fill manually from Bet365 pre-match 1X2 odds. Observation only.
odds_api_io_61623954,2026-05-31,16:30,Real Zaragoza,Malaga CF,spain-laliga-2,bet365_manual,,,,,Fill manually from Bet365 pre-match 1X2 odds. Observation only.
odds_api_io_66886826,2026-05-31,14:00,Red Bull Bragantino SP,SC Internacional RS,brazil-brasileiro-serie-a,bet365_manual,,,,,Fill manually from Bet365 pre-match 1X2 odds. Observation only.
odds_api_io_69255074,2026-05-31,19:00,Santa Cruz FC PE,Ferroviaria Araraquara SP,brazil-brasileiro-serie-c,bet365_manual,,,,,Fill manually from Bet365 pre-match 1X2 odds. Observation only.
odds_api_io_68822928,2026-05-31,14:00,Sao Bernardo FC,Gremio Novorizontino SP,brazil-brasileiro-serie-b,bet365_manual,,,,,Fill manually from Bet365 pre-match 1X2 odds. Observation only.
odds_api_io_66886824,2026-05-31,19:00,SE Palmeiras SP,Chapecoense SC,brazil-brasileiro-serie-a,bet365_manual,,,,,Fill manually from Bet365 pre-match 1X2 odds. Observation only.
odds_api_io_71717832,2026-05-31,05:00,Shimizu S-Pulse,Yokohama F Marinos,japan-jleague,bet365_manual,,,,,Fill manually from Bet365 pre-match 1X2 odds. Observation only.
odds_api_io_67172612,2026-05-31,18:00,Sporting Jax,Brooklyn FC,usa-usl-championship,bet365_manual,,,,,Fill manually from Bet365 pre-match 1X2 odds. Observation only.
odds_api_io_68161352,2026-05-31,05:00,ST Albans Saints Dinamo SC,Preston Lions FC,australia-u23-victoria-npl,bet365_manual,,,,,Fill manually from Bet365 pre-match 1X2 odds. Observation only.
odds_api_io_67017984,2026-05-31,15:00,Stroemmen IF,Sogndal Fotball,norway-1st-division,bet365_manual,,,,,Fill manually from Bet365 pre-match 1X2 odds. Observation only.
odds_api_io_69767382,2026-05-31,07:45,Subiaco AFC,Fremantle City FC,australia-npl-western-australia-women,bet365_manual,,,,,Fill manually from Bet365 pre-match 1X2 odds. Observation only.
odds_api_io_67690900,2026-05-31,04:30,Sydney United 58 FC,Sutherland Sharks,australia-nsw-npl-1,bet365_manual,,,,,Fill manually from Bet365 pre-match 1X2 odds. Observation only.
odds_api_io_67692638,2026-05-31,07:40,Sydney Olympic FC,Western Sydney Wanderers Youth,australia-nsw-premier-league-women,bet365_manual,,,,,Fill manually from Bet365 pre-match 1X2 odds. Observation only.
odds_api_io_67904176,2026-05-31,08:00,Taringa Rovers SFC,Southside Eagles,australia-queensland-premier-league-2,bet365_manual,,,,,Fill manually from Bet365 pre-match 1X2 odds. Observation only.
odds_api_io_68194670,2026-05-31,17:00,Thor Akureyri,Stjarnan Gardabae,iceland-besta-deild,bet365_manual,,,,,Fill manually from Bet365 pre-match 1X2 odds. Observation only.
odds_api_io_68995200,2026-05-31,11:00,Tianjin Jinmen Tiger,Dalian Yingbo FC,china-chinese-super-league,bet365_manual,,,,,Fill manually from Bet365 pre-match 1X2 odds. Observation only.
odds_api_io_69195342,2026-05-31,06:15,Tuggeranong United FC,Majura FC,australia-capital-npl-women,bet365_manual,,,,,Fill manually from Bet365 pre-match 1X2 odds. Observation only.
odds_api_io_61623946,2026-05-31,16:30,UD Almeria,Real Valladolid,spain-laliga-2,bet365_manual,,,,,Fill manually from Bet365 pre-match 1X2 odds. Observation only.
odds_api_io_68310932,2026-05-31,12:30,Umea FC,IFK Stocksund,sweden-ettan-relegation/promotion,bet365_manual,,,,,Fill manually from Bet365 pre-match 1X2 odds. Observation only.
odds_api_io_71396972,2026-05-31,01:00,Universitario de Deportes,Sport Huancayo,peru-liga-1,bet365_manual,,,,,Fill manually from Bet365 pre-match 1X2 odds. Observation only.
odds_api_io_68194672,2026-05-31,19:15,Valur Reykjavik,Vikingur Reykjavik,iceland-besta-deild,bet365_manual,,,,,Fill manually from Bet365 pre-match 1X2 odds. Observation only.
odds_api_io_67126596,2026-05-31,12:00,Vasteraas SK,IFK Goteborg,sweden-allsvenskan,bet365_manual,,,,,Fill manually from Bet365 pre-match 1X2 odds. Observation only.
odds_api_io_71732870,2026-05-31,18:30,Villarreal CF B,Zamora CF,spain-primera-federacion,bet365_manual,,,,,Fill manually from Bet365 pre-match 1X2 odds. Observation only.
odds_api_io_68048892,2026-05-31,07:15,West Adelaide SC,Adelaide City FC,australia-south-australia-npl,bet365_manual,,,,,Fill manually from Bet365 pre-match 1X2 odds. Observation only.
odds_api_io_68995202,2026-05-31,11:35,Wuhan Three Towns FC,Yunnan Yukun,china-chinese-super-league,bet365_manual,,,,,Fill manually from Bet365 pre-match 1X2 odds. Observation only.
