sport_query,event_id,date_denmark,home,away,league,sport,bookmaker_count,reason
football,71336698,2026-05-14 17:20,Samail SC,Sohar,Oman - Omani League,Football,0,not_good_competition_or_low_coverage
football,61898610,2026-05-14 17:30,ASKO Kottmannsdorf,SV Dellach/Gail,"Austria Amateur - Karnten, Karntner Liga",Football,0,not_good_competition_or_low_coverage
football,67921068,2026-05-14 18:00,Sandefjord Fotball 2,Drobak-Frogn,Norway - 3rd Division Group 6,Football,0,not_good_competition_or_low_coverage
football,70683966,2026-05-14 18:00,KaaPo,Vg-62,Finland - Kolmonen,Football,0,not_good_competition_or_low_coverage
football,71403928,2026-05-14 18:00,Bouri,AL Tadamun Buri,Bahrain - 2nd Division,Football,0,not_good_competition_or_low_coverage
football,71403930,2026-05-14 18:00,Isa Town,Al Ittifaq BHR,Bahrain - 2nd Division,Football,0,not_good_competition_or_low_coverage
football,61894062,2026-05-14 18:00,SPG Edelserpentin,SV Eberau,"Austria Amateur - Burgenland, Burgenlandliga",Football,0,not_good_competition_or_low_coverage
football,71403932,2026-05-14 18:00,East Riffa,Qalali Club,Bahrain - 2nd Division,Football,0,not_good_competition_or_low_coverage
football,71312158,2026-05-14 18:00,RC Celta de Vigo,UD Las Palmas,Spain - U19 Division de Honor Juvenil,Football,0,excluded_youth_reserve_friendly_or_exhibition
football,68158790,2026-05-14 18:00,CA Huracan,Independiente Reserve,"Argentina - Copa Proyeccion Final, Reserves",Football,0,excluded_youth_reserve_friendly_or_exhibition
football,67919260,2026-05-14 18:00,Gamle Oslo FK,SF Grei,Norway - 3rd Division Group 1,Football,0,not_good_competition_or_low_coverage
football,70162024,2026-05-14 18:00,FK Suduva Marijampole B,FK Utenos Utenis,Lithuania - II Lyga,Football,0,excluded_youth_reserve_friendly_or_exhibition
football,68377548,2026-05-14 18:30,IK Sleipner,Smedby AIS,"Sweden - Division 2, Promotion Playoffs",Football,0,not_good_competition_or_low_coverage
football,71336700,2026-05-14 18:35,Al Nahda,Al-Seeb,Oman - Omani League,Football,0,not_good_competition_or_low_coverage
football,67953278,2026-05-14 18:35,Al-Wehda FC,Al-Jabalain,Saudi Arabia - Division 1,Football,0,not_good_competition_or_low_coverage
football,67953286,2026-05-14 18:45,Al-Orobah,AL Anwar,Saudi Arabia - Division 1,Football,0,not_good_competition_or_low_coverage
football,70844430,2026-05-14 19:00,Arborg,Alafoss,Iceland - 4. deild,Football,0,not_good_competition_or_low_coverage
football,69923670,2026-05-14 19:00,Fish United,NOPS,Finland - Kolmonen,Football,0,not_good_competition_or_low_coverage
football,71312160,2026-05-14 19:00,Granada CF,CF Valencia,Spain - U19 Division de Honor Juvenil,Football,0,excluded_youth_reserve_friendly_or_exhibition
football,67919890,2026-05-14 19:00,Gneist,Austevoll,Norway - 3rd Division Group 3,Football,0,not_good_competition_or_low_coverage
football,70906778,2026-05-14 19:15,FC Lokomotiv 1929 Sofia,PFK Beroe Stara Zagora,Bulgaria - Parva Liga,Football,0,not_good_competition_or_low_coverage
football,71296260,2026-05-14 20:00,CE Juventude de Estancia SE,EC Vitoria BA,"Brazil - Copa do Brasil, Women",Football,0,not_good_competition_or_low_coverage
football,67953276,2026-05-14 20:00,Al-Faisaly FC,Al-Batin,Saudi Arabia - Division 1,Football,0,not_good_competition_or_low_coverage
football,67953282,2026-05-14 20:00,AL Draih,Al Bukiryah,Saudi Arabia - Division 1,Football,0,not_good_competition_or_low_coverage
football,67953288,2026-05-14 20:00,AL Ula,Al-Zulfi FC,Saudi Arabia - Division 1,Football,0,not_good_competition_or_low_coverage
football,68751762,2026-05-14 20:00,America FC MG,EC Bahia BA,Brazil - U20 Campeonato Brasileiro,Football,0,excluded_youth_reserve_friendly_or_exhibition
football,68158758,2026-05-14 20:00,CA River Plate (Arg),Instituto AC Cordoba Reserves,"Argentina - Copa Proyeccion Final, Reserves",Football,0,excluded_youth_reserve_friendly_or_exhibition
football,69688798,2026-05-14 20:00,Atletico Mineiro MG,Mirassol FC SP,Brazil - U20 Brasileiro Serie B,Football,0,excluded_youth_reserve_friendly_or_exhibition
football,68158774,2026-05-14 20:00,CD Godoy Cruz,Gimnasia de Mendoza Reserve,"Argentina - Copa Proyeccion Final, Reserves",Football,0,excluded_youth_reserve_friendly_or_exhibition
football,68158762,2026-05-14 20:00,CA Sarmiento de Junin,San Lorenzo de Almagro Res.,"Argentina - Copa Proyeccion Final, Reserves",Football,0,excluded_youth_reserve_friendly_or_exhibition
football,68158770,2026-05-14 20:00,CA Union Santa Fe Reserve,CA Talleres de Cordoba Reserve,"Argentina - Copa Proyeccion Final, Reserves",Football,0,excluded_youth_reserve_friendly_or_exhibition
football,69688800,2026-05-14 20:00,Ceara SC CE,Gremio Novorizontino SP,Brazil - U20 Brasileiro Serie B,Football,0,excluded_youth_reserve_friendly_or_exhibition
football,68158778,2026-05-14 20:00,Deportivo Riestra Afbc Reserve,San Martin de San Juan Reserve,"Argentina - Copa Proyeccion Final, Reserves",Football,0,excluded_youth_reserve_friendly_or_exhibition
football,68158782,2026-05-14 20:00,CA Lanus,Estudiantes de LP Reserve,"Argentina - Copa Proyeccion Final, Reserves",Football,0,excluded_youth_reserve_friendly_or_exhibition
football,70844432,2026-05-14 20:30,Alftanes,KFR,Iceland - 4. deild,Football,0,not_good_competition_or_low_coverage
football,69279792,2026-05-14 20:30,Inhumas EC GO,Royal GO,"Brazil - U20 Goiano, 1. Divisao",Football,0,excluded_youth_reserve_friendly_or_exhibition
football,71242310,2026-05-14 21:00,Bradford City FC,Bolton Wanderers,England - League One,Football,0,not_good_competition_or_low_coverage
football,71474744,2026-05-14 21:00,Sportivo Luqueno,Guarani Asuncion,"Paraguay - Primera Division Reserve, Apertura",Football,0,excluded_youth_reserve_friendly_or_exhibition
football,71474746,2026-05-14 21:00,Sportivo Trinidense,Deportivo Recoleta Reserve,"Paraguay - Primera Division Reserve, Apertura",Football,0,excluded_youth_reserve_friendly_or_exhibition
football,70379160,2026-05-14 21:00,Always Ready,The Strongest,Bolivia - Division Profesional,Football,0,not_good_competition_or_low_coverage
football,70579302,2026-05-14 21:00,Midleton FC,Mayfield United FC,Ireland - FAI Cup,Football,0,not_good_competition_or_low_coverage
football,68042486,2026-05-14 22:00,Libertad Asuncion,CS 2 de Mayo,"Paraguay - Division de Honor, Apertura",Football,0,not_good_competition_or_low_coverage
football,71128218,2026-05-14 22:30,Red Bull Bragantino SP,SC Corinthians SP,"Brazil - Paulista, Women",Football,0,not_good_competition_or_low_coverage
football,70401294,2026-05-14 23:00,Chapecoense SC,Botafogo FR RJ,Brazil - Copa do Brasil,Football,0,not_good_competition_or_low_coverage
tennis,541474,2026-05-14 17:15,Herman Hoeyeraal,Nicolas Garcia Longo,ITF Men - Maringa,Tennis,0,not_good_competition_or_low_coverage
tennis,149892,2026-05-14 17:15,Lucca Liu,Bruno Kuzuhara,ITF Men - Pensacola,Tennis,0,not_good_competition_or_low_coverage
tennis,149930,2026-05-14 17:17,Mateus Alves,Jefferson Wendler Filho,ITF Men - Maringa,Tennis,0,not_good_competition_or_low_coverage
tennis,149795,2026-05-14 18:00,Roberto Cid Subervi,Drew Van Orderlain,ITF Men - Pensacola,Tennis,0,not_good_competition_or_low_coverage
tennis,150068,2026-05-14 18:00,Donald Nikolas Stoot,Adhithya Ganesan,ITF Men - Pensacola,Tennis,0,not_good_competition_or_low_coverage
tennis,150069,2026-05-14 18:00,Kaylan Bigun,Dan Martin,ITF Men - Pensacola,Tennis,0,not_good_competition_or_low_coverage
tennis,150150,2026-05-14 18:00,Ilyas Milad Fahim,Andrew Fenty,ITF Men - Pensacola,Tennis,0,not_good_competition_or_low_coverage
tennis,541710,2026-05-14 18:00,Nick Hardt,Aleksa Ciric,ITF Men - Pensacola,Tennis,0,not_good_competition_or_low_coverage
tennis,541495,2026-05-14 18:00,Thijs Boogaard,Ali Habib,ITF Men - Hurghada,Tennis,0,not_good_competition_or_low_coverage
tennis,541521,2026-05-14 19:00,Enzo Lima,Tomas Martinez,ITF Men - Maringa,Tennis,0,not_good_competition_or_low_coverage
tennis,541319,2026-05-14 19:15,Alessandro Pecci,Tommaso Compagnucci,ITF Men - Reggio Emilia,Tennis,0,not_good_competition_or_low_coverage
tennis,30718975,2026-05-14 19:15,Ezequiel Monferrer,Wilson Leite,ITF Men - Maringa,Tennis,0,not_good_competition_or_low_coverage
tennis,71389898,2026-05-14 19:30,"Miroshnichenko, Veronica","Gamracy, Hana",UTR Women - UTR PTT Newport Beach Women 11,Tennis,0,not_good_competition_or_low_coverage
tennis,71389902,2026-05-14 19:30,"Piai, Eduarda","Safarova, Zdena",UTR Women - UTR PTT Newport Beach Women 11,Tennis,0,not_good_competition_or_low_coverage
tennis,71390004,2026-05-14 19:30,"Olar, Jacob","Renfrow, Noble",UTR Men - UTR PTT Newport Beach Men 11,Tennis,0,not_good_competition_or_low_coverage
tennis,30718976,2026-05-14 20:00,Mateo Del Pino,Pavlos Tsitsipas,ITF Men - Maringa,Tennis,0,not_good_competition_or_low_coverage
tennis,30725084,2026-05-14 20:15,Nino Ehrenschneider,Saveliy Ivanov,ITF Men - Hurghada,Tennis,0,not_good_competition_or_low_coverage
tennis,30718934,2026-05-14 20:15,Johannus Monday,Marwan Ehab,ITF Men - Hurghada,Tennis,0,not_good_competition_or_low_coverage
tennis,30725109,2026-05-14 21:15,Luis Felipe Miguel,Pedro Andre De Almeida Santos,ITF Men - Maringa,Tennis,0,not_good_competition_or_low_coverage
tennis,71389866,2026-05-14 21:30,"Arangio, Gala","Huynh, Yen Nhi",UTR Women - UTR PTT Newport Beach Women 11,Tennis,0,not_good_competition_or_low_coverage
tennis,71390002,2026-05-14 21:30,"Berger, Benjamin","Rajski, Maciej",UTR Men - UTR PTT Newport Beach Men 11,Tennis,0,not_good_competition_or_low_coverage
tennis,71390010,2026-05-14 21:30,"Zamora, Noah","Giesen, Jonty",UTR Men - UTR PTT Newport Beach Men 11,Tennis,0,not_good_competition_or_low_coverage
tennis,541750,2026-05-14 23:00,Joao Vitor Scramin Do Lago,Nicolas Bruna,ITF Men - Maringa,Tennis,0,not_good_competition_or_low_coverage
basketball,71419014,2026-05-14 18:00,ZKK Pula,ZKK Medvescak Zagreb,Croatia - A1 Liga Women,Basketball,0,not_good_competition_or_low_coverage
basketball,71345856,2026-05-14 18:00,Trefl Sopot,Dziki Warszawa,Poland - PLK,Basketball,0,not_good_competition_or_low_coverage
basketball,71463702,2026-05-14 18:00,Kaposvari KK,Atomeromu SE,Hungary - NB I. A,Basketball,0,not_good_competition_or_low_coverage
basketball,71076912,2026-05-14 18:00,BC AEK Athens,BC Aris Thessaloniki,Greece - Greek Basketball League,Basketball,0,not_good_competition_or_low_coverage
basketball,71356810,2026-05-14 18:00,Kirklareli Fen Bilimleri,Turgutlu Bld,"Turkiye - 1. Lig, Women",Basketball,0,not_good_competition_or_low_coverage
basketball,71476238,2026-05-14 18:30,Gladiators Trier,Rostock Seawolves,Germany - BBL,Basketball,0,not_good_competition_or_low_coverage
basketball,71464894,2026-05-14 18:30,Vef Riga,Rigas Zelli,Latvia - LBL,Basketball,0,not_good_competition_or_low_coverage
basketball,71408376,2026-05-14 19:00,VFL Kirchheim Knights,BG Gottingen,Germany - Pro A,Basketball,0,not_good_competition_or_low_coverage
basketball,71310108,2026-05-14 19:30,Cherno More IG,Balkan Botevgrad,Bulgaria - NBL,Basketball,0,not_good_competition_or_low_coverage
basketball,71443880,2026-05-14 20:00,CB Coruna,Menorca Basquet,Spain - Primera FEB,Basketball,0,not_good_competition_or_low_coverage
basketball,71446326,2026-05-14 20:15,Legia Warszawa,MKS Dabrowa Gornicza,Poland - PLK,Basketball,0,not_good_competition_or_low_coverage
basketball,71427478,2026-05-14 21:00,Basket Zaragoza 2002,Valencia BC,Spain - Liga Femenina,Basketball,0,not_good_competition_or_low_coverage
basketball,71325494,2026-05-14 21:30,Haukar,UMF Njardvik,"Iceland - Urvalsdeild, Women",Basketball,0,not_good_competition_or_low_coverage
basketball,71231666,2026-05-14 22:30,CP Esgueira,Sporting Cp,Portugal - LPB,Basketball,0,not_good_competition_or_low_coverage
basketball,71314288,2026-05-14 22:30,Imortal BC,FC Porto,Portugal - LPB,Basketball,0,not_good_competition_or_low_coverage
cricket,71001484,2026-05-14 21:00,Merryboys Sport Club,Powergen Penal Sports Club,Trinidad and Tobago - Trinidad T20 Festival,Cricket,0,not_good_competition_or_low_coverage
rugby-union,,,,,,,,"HTTP 400: {""error"":""Invalid sport slug""}"
rugby-league,,,,,,,,"HTTP 400: {""error"":""Invalid sport slug""}"
