fixture_id,match_date,match_time,home_team,away_team,league,source_name,source_type,market_home_odds,market_draw_odds,market_away_odds,price_captured_at_utc,source_quality
odds_api_io_61515244,2026-05-17,13:30,1. FC Magdeburg,1 FC Kaiserslautern,germany-2-bundesliga,odds_api_io_Bet365_ML,free_api_market_proxy,1.5,4.75,5.0,2026-05-17T13:03:01.280131+00:00,free_api_market_proxy_capped_multi_event_call
odds_api_io_61515256,2026-05-17,13:30,Arminia Bielefeld,Hertha BSC,germany-2-bundesliga,odds_api_io_Bet365_ML,free_api_market_proxy,1.7,3.8,4.5,2026-05-17T13:03:01.280131+00:00,free_api_market_proxy_capped_multi_event_call
odds_api_io_61515258,2026-05-17,13:30,Dynamo Dresden,Holstein Kiel,germany-2-bundesliga,odds_api_io_Bet365_ML,free_api_market_proxy,1.75,4.0,4.1,2026-05-17T13:03:01.280131+00:00,free_api_market_proxy_capped_multi_event_call
odds_api_io_69279590,2026-05-17,13:30,Hamilton Academical WFC,Montrose FC,scotland-premier-league-women,odds_api_io_Bet365_ML,free_api_market_proxy,7.5,4.75,1.3,2026-05-17T13:03:01.280131+00:00,free_api_market_proxy_capped_multi_event_call
odds_api_io_61515248,2026-05-17,13:30,Hannover 96,1 FC Nuremberg,germany-2-bundesliga,odds_api_io_Bet365_ML,free_api_market_proxy,1.5,4.5,5.75,2026-05-17T13:03:01.280131+00:00,free_api_market_proxy_capped_multi_event_call
odds_api_io_70966260,2026-05-17,13:30,FC Hradec Kralove,FK Pardubice,czechia-2-liga-women,odds_api_io_Bet365_ML,free_api_market_proxy,1.363,5.0,5.5,2026-05-17T13:03:01.280131+00:00,free_api_market_proxy_capped_multi_event_call
odds_api_io_61515246,2026-05-17,13:30,Karlsruher SC,VfL Bochum,germany-2-bundesliga,odds_api_io_Bet365_ML,free_api_market_proxy,2.45,3.75,2.45,2026-05-17T13:03:01.280131+00:00,free_api_market_proxy_capped_multi_event_call
odds_api_io_61515254,2026-05-17,13:30,Schalke 04,Eintracht Braunschweig,germany-2-bundesliga,odds_api_io_Bet365_ML,free_api_market_proxy,1.727,3.8,4.5,2026-05-17T13:03:01.280131+00:00,free_api_market_proxy_capped_multi_event_call
odds_api_io_61515242,2026-05-17,13:30,SV 07 Elversberg,SC Preussen 06 Munster,germany-2-bundesliga,odds_api_io_Bet365_ML,free_api_market_proxy,1.25,6.5,9.0,2026-05-17T13:03:01.280131+00:00,free_api_market_proxy_capped_multi_event_call
odds_api_io_61515250,2026-05-17,13:30,SV Darmstadt 98,SC Paderborn 07,germany-2-bundesliga,odds_api_io_Bet365_ML,free_api_market_proxy,3.5,3.9,1.9,2026-05-17T13:03:01.280131+00:00,free_api_market_proxy_capped_multi_event_call
odds_api_io_71467818,2026-05-17,14:00,AC Prato 1908,ASD Seravezza Pozzi Calcio,italy-serie-d-group-e,odds_api_io_Bet365_ML,free_api_market_proxy,1.6,3.5,4.75,2026-05-17T13:03:09.739885+00:00,free_api_market_proxy_extra_multi_event_call
odds_api_io_71471574,2026-05-17,14:00,AC Vigasio,Obermais,italy-serie-d-group-c,odds_api_io_Bet365_ML,free_api_market_proxy,1.7,3.4,4.2,2026-05-17T13:03:09.739885+00:00,free_api_market_proxy_extra_multi_event_call
odds_api_io_70231956,2026-05-17,14:00,Aris Thessaloniki,APO Levadiakos FC,greece-super-league,odds_api_io_Bet365_ML,free_api_market_proxy,1.9,3.4,4.2,2026-05-17T13:03:09.739885+00:00,free_api_market_proxy_extra_multi_event_call
odds_api_io_71467824,2026-05-17,14:00,ASD Martina Calcio 1947,Paganese Calcio,italy-serie-d-group-h,odds_api_io_Bet365_ML,free_api_market_proxy,2.05,3.1,3.2,2026-05-17T13:03:09.739885+00:00,free_api_market_proxy_extra_multi_event_call
odds_api_io_71439998,2026-05-17,14:00,Ayvalikgucu Belediyespor,52 Orduspor FK,turkiye-amateur-3-lig-playoffs,odds_api_io_Bet365_ML,free_api_market_proxy,2.875,3.4,2.1,2026-05-17T13:03:09.739885+00:00,free_api_market_proxy_extra_multi_event_call
odds_api_io_68311602,2026-05-17,14:00,BK Olympic,Aatvidabergs FF,sweden-ettan-relegation/promotion,odds_api_io_Bet365_ML,free_api_market_proxy,2.2,3.3,2.875,2026-05-17T13:03:09.739885+00:00,free_api_market_proxy_extra_multi_event_call
odds_api_io_71467784,2026-05-17,14:00,Calcio Desenzano,US Grosseto,italy-serie-d-poule-scudetto,odds_api_io_Bet365_ML,free_api_market_proxy,1.85,3.3,3.7,2026-05-17T13:03:09.739885+00:00,free_api_market_proxy_extra_multi_event_call
odds_api_io_71482712,2026-05-17,14:00,CD Leganes B,CF Trival Valderas Alcoron,spain-amateur-tercera-federacion-group-7,odds_api_io_Bet365_ML,free_api_market_proxy,2.45,2.7,2.7,2026-05-17T13:03:09.739885+00:00,free_api_market_proxy_extra_multi_event_call
odds_api_io_61789404,2026-05-17,14:00,CS Fola Esch-Alzette,FC Marisca Mersch,luxembourg-promotion-d'honneur,odds_api_io_Bet365_ML,free_api_market_proxy,1.48,4.2,5.0,2026-05-17T13:03:09.739885+00:00,free_api_market_proxy_extra_multi_event_call
odds_api_io_68310896,2026-05-17,14:00,Enkopings SK,Sollentuna FK,sweden-ettan-relegation/promotion,odds_api_io_Bet365_ML,free_api_market_proxy,1.95,3.8,3.0,2026-05-17T13:03:09.739885+00:00,free_api_market_proxy_extra_multi_event_call
odds_api_io_68311600,2026-05-17,14:00,Eskilsminne IF,Skovde AIK,sweden-ettan-relegation/promotion,odds_api_io_Bet365_ML,free_api_market_proxy,1.75,3.5,3.8,2026-05-17T13:03:09.739885+00:00,free_api_market_proxy_extra_multi_event_call
odds_api_io_61301257,2026-05-17,14:00,Everton FC,Sunderland AFC,england-premier-league,odds_api_io_Bet365_ML,free_api_market_proxy,1.85,3.7,3.9,2026-05-17T13:03:09.739885+00:00,free_api_market_proxy_extra_multi_event_call
odds_api_io_69670716,2026-05-17,14:00,FA Siauliai B,FK Ekranas,lithuania-1-lyga,odds_api_io_Bet365_ML,free_api_market_proxy,2.9,3.75,2.0,2026-05-17T13:03:09.739885+00:00,free_api_market_proxy_extra_multi_event_call
odds_api_io_68492528,2026-05-17,14:00,FK Auda Riga,FC RFS,latvia-virsliga,odds_api_io_Bet365_ML,free_api_market_proxy,4.333,3.8,1.6,2026-05-17T13:03:09.739885+00:00,free_api_market_proxy_extra_multi_event_call
odds_api_io_70708878,2026-05-17,14:00,FK Cukaricki Belgrade,FK Partizan Belgrade,serbia-superliga,odds_api_io_Bet365_ML,free_api_market_proxy,5.75,4.75,1.38,2026-05-17T13:03:09.739885+00:00,free_api_market_proxy_extra_multi_event_call
odds_api_io_68310900,2026-05-17,14:00,Gefle IF,Assyriska FF,sweden-ettan-relegation/promotion,odds_api_io_Bet365_ML,free_api_market_proxy,2.1,3.4,2.9,2026-05-17T13:03:09.739885+00:00,free_api_market_proxy_extra_multi_event_call
odds_api_io_67845758,2026-05-17,14:00,HPS,HJK Helsinki,finland-kansallinen-liiga-women,odds_api_io_Bet365_ML,free_api_market_proxy,5.5,4.5,1.42,2026-05-17T13:03:09.739885+00:00,free_api_market_proxy_extra_multi_event_call
odds_api_io_68310902,2026-05-17,14:00,IF Karlstad Fotbol,Vasalunds IF,sweden-ettan-relegation/promotion,odds_api_io_Bet365_ML,free_api_market_proxy,1.95,3.6,3.2,2026-05-17T13:03:09.739885+00:00,free_api_market_proxy_extra_multi_event_call
odds_api_io_68310904,2026-05-17,14:00,IFK Stocksund,Piteaa IF,sweden-ettan-relegation/promotion,odds_api_io_Bet365_ML,free_api_market_proxy,1.75,4.0,3.4,2026-05-17T13:03:09.739885+00:00,free_api_market_proxy_extra_multi_event_call
odds_api_io_61788920,2026-05-17,14:00,FC Jeunesse Canach,Atert Bissen,luxembourg-division-nationale,odds_api_io_Bet365_ML,free_api_market_proxy,6.0,5.0,1.333,2026-05-17T13:03:09.739885+00:00,free_api_market_proxy_extra_multi_event_call
odds_api_io_69342848,2026-05-17,14:00,Kaisar Kyzylorda,Tobol Kostanay,kazakhstan-premier-league,odds_api_io_Bet365_ML,free_api_market_proxy,3.3,3.2,2.0,2026-05-17T13:03:09.739885+00:00,free_api_market_proxy_extra_multi_event_call
odds_api_io_68306812,2026-05-17,14:00,KF Aegir,IF Vestri,iceland-1-deild,odds_api_io_Bet365_ML,free_api_market_proxy,3.5,3.75,1.75,2026-05-17T13:03:09.739885+00:00,free_api_market_proxy_extra_multi_event_call
odds_api_io_71427438,2026-05-17,14:00,KF Dukagjini,FC Drita,kosovo-superliga,odds_api_io_Bet365_ML,free_api_market_proxy,1.48,3.75,6.0,2026-05-17T13:03:09.739885+00:00,free_api_market_proxy_extra_multi_event_call
odds_api_io_68214656,2026-05-17,14:00,FC Kuressaare,Nomme Kalju FC,estonia-premium-liiga,odds_api_io_Bet365_ML,free_api_market_proxy,7.0,4.5,1.363,2026-05-17T13:03:09.739885+00:00,free_api_market_proxy_extra_multi_event_call
odds_api_io_61301259,2026-05-17,14:00,Leeds United,Brighton & Hove Albion,england-premier-league,odds_api_io_Bet365_ML,free_api_market_proxy,3.3,3.6,2.1,2026-05-17T13:03:09.739885+00:00,free_api_market_proxy_extra_multi_event_call
odds_api_io_71411460,2026-05-17,14:00,Lommel SK,FCV Dender EH,belgium-pro-league,odds_api_io_Bet365_ML,free_api_market_proxy,2.15,3.3,2.8,2026-05-17T13:03:09.739885+00:00,free_api_market_proxy_extra_multi_event_call
odds_api_io_71069098,2026-05-17,14:00,Mamelodi Sundowns,AS Far Rabat,international-clubs-caf-champions-league,odds_api_io_Bet365_ML,free_api_market_proxy,1.727,3.2,4.75,2026-05-17T13:03:09.739885+00:00,free_api_market_proxy_extra_multi_event_call
odds_api_io_65382126,2026-05-17,14:00,FC Mendrisio,USV Eschen-Mauren,switzerland-erste-liga,odds_api_io_Bet365_ML,free_api_market_proxy,1.909,3.6,3.25,2026-05-17T13:03:09.739885+00:00,free_api_market_proxy_extra_multi_event_call
odds_api_io_62216468,2026-05-17,14:00,FC Meyrin,FC Echallens Region,switzerland-erste-liga,odds_api_io_Bet365_ML,free_api_market_proxy,1.833,3.8,3.3,2026-05-17T13:03:09.739885+00:00,free_api_market_proxy_extra_multi_event_call
odds_api_io_70502988,2026-05-17,14:00,Mohun Bagan Super Giant,SC East Bengal,india-indian-super-league,odds_api_io_Bet365_ML,free_api_market_proxy,2.1,3.4,2.875,2026-05-17T13:03:09.739885+00:00,free_api_market_proxy_extra_multi_event_call
odds_api_io_69880318,2026-05-17,14:00,National Bank of Egypt SC,El Gouna FC,egypt-premier-league,odds_api_io_Bet365_ML,free_api_market_proxy,2.05,2.875,3.7,2026-05-17T13:03:09.739885+00:00,free_api_market_proxy_extra_multi_event_call
odds_api_io_61286591,2026-05-17,14:00,NK Slaven Belupo,GNK Dinamo Zagreb,croatia-hnl,odds_api_io_Bet365_ML,free_api_market_proxy,5.0,3.6,1.55,2026-05-17T13:03:09.739885+00:00,free_api_market_proxy_extra_multi_event_call
odds_api_io_70231958,2026-05-17,14:00,OFI Crete,Volos NPS,greece-super-league,odds_api_io_Bet365_ML,free_api_market_proxy,1.727,4.0,4.2,2026-05-17T13:03:09.739885+00:00,free_api_market_proxy_extra_multi_event_call
odds_api_io_61788918,2026-05-17,14:00,FC Rodange 91,FC Mamer 32,luxembourg-division-nationale,odds_api_io_Bet365_ML,free_api_market_proxy,1.9,3.5,3.3,2026-05-17T13:03:09.739885+00:00,free_api_market_proxy_extra_multi_event_call
odds_api_io_63185781,2026-05-17,14:00,Sabah Masazir,Neftchi Baku PFC,azerbaijan-premier-league,odds_api_io_Bet365_ML,free_api_market_proxy,2.05,3.5,2.9,2026-05-17T13:03:09.739885+00:00,free_api_market_proxy_extra_multi_event_call
odds_api_io_66886782,2026-05-17,14:00,Santos FC SP,Coritiba FC PR,brazil-brasileiro-serie-a,odds_api_io_Bet365_ML,free_api_market_proxy,1.7,3.6,5.25,2026-05-17T13:03:09.739885+00:00,free_api_market_proxy_extra_multi_event_call
odds_api_io_61789408,2026-05-17,14:00,SC Bettembourg,FC Etzella Ettelbruck,luxembourg-promotion-d'honneur,odds_api_io_Bet365_ML,free_api_market_proxy,2.625,3.75,2.15,2026-05-17T13:03:09.739885+00:00,free_api_market_proxy_extra_multi_event_call
odds_api_io_71467788,2026-05-17,14:00,Scafatese Calcio 1922,Barletta Calcio,italy-serie-d-poule-scudetto,odds_api_io_Bet365_ML,free_api_market_proxy,2.0,2.2,6.0,2026-05-17T13:03:09.739885+00:00,free_api_market_proxy_extra_multi_event_call
odds_api_io_71467790,2026-05-17,14:00,SCD Ligorna 1922,Varese FC,italy-serie-d-group-a,odds_api_io_Bet365_ML,free_api_market_proxy,1.85,3.0,4.0,2026-05-17T13:03:09.739885+00:00,free_api_market_proxy_extra_multi_event_call
odds_api_io_67849994,2026-05-17,14:00,Skala IF,B36 Torshavn,faroe-islands-premier-league,odds_api_io_Bet365_ML,free_api_market_proxy,4.5,3.9,1.571,2026-05-17T13:03:09.739885+00:00,free_api_market_proxy_extra_multi_event_call
odds_api_io_68320796,2026-05-17,14:00,Skiljebo SK,Kungsangens IF,sweden-division-2-promotion-playoffs,odds_api_io_Bet365_ML,free_api_market_proxy,1.571,4.0,4.333,2026-05-17T13:03:09.739885+00:00,free_api_market_proxy_extra_multi_event_call
odds_api_io_71467826,2026-05-17,14:00,SSD Nissa FC,Reggina 1914,italy-serie-d-group-i,odds_api_io_Bet365_ML,free_api_market_proxy,2.8,2.9,2.4,2026-05-17T13:03:09.739885+00:00,free_api_market_proxy_extra_multi_event_call
odds_api_io_61788930,2026-05-17,14:00,Swift Hesperange,FC Victoria Rosport,luxembourg-division-nationale,odds_api_io_Bet365_ML,free_api_market_proxy,2.0,3.5,3.0,2026-05-17T13:03:09.739885+00:00,free_api_market_proxy_extra_multi_event_call
odds_api_io_71467820,2026-05-17,14:00,Teramo Calcio,Notaresco Calcio,italy-serie-d-group-f,odds_api_io_Bet365_ML,free_api_market_proxy,1.48,3.6,5.75,2026-05-17T13:03:09.739885+00:00,free_api_market_proxy_extra_multi_event_call
odds_api_io_68311604,2026-05-17,14:00,Trelleborgs FF,FC Trollhattan,sweden-ettan-relegation/promotion,odds_api_io_Bet365_ML,free_api_market_proxy,1.42,4.333,5.75,2026-05-17T13:03:09.739885+00:00,free_api_market_proxy_extra_multi_event_call
odds_api_io_61788928,2026-05-17,14:00,US Mondorf-Les-Bains,Union Titus Petange,luxembourg-division-nationale,odds_api_io_Bet365_ML,free_api_market_proxy,1.6,3.7,4.5,2026-05-17T13:03:09.739885+00:00,free_api_market_proxy_extra_multi_event_call
odds_api_io_71467812,2026-05-17,14:00,USD Casatese Merate,AC Chievo Verona,italy-serie-d-group-b,odds_api_io_Bet365_ML,free_api_market_proxy,2.15,2.7,3.1,2026-05-17T13:03:09.739885+00:00,free_api_market_proxy_extra_multi_event_call
odds_api_io_71467780,2026-05-17,14:00,Vado FC,US Folgore Caratese,italy-serie-d-poule-scudetto,odds_api_io_Bet365_ML,free_api_market_proxy,2.15,3.1,3.0,2026-05-17T13:03:09.739885+00:00,free_api_market_proxy_extra_multi_event_call
odds_api_io_70774886,2026-05-17,14:00,Victoria United Limbe,Aigle Royal Du Moungo,cameroon-elite-one,odds_api_io_Bet365_ML,free_api_market_proxy,2.875,3.0,2.3,2026-05-17T13:03:09.739885+00:00,free_api_market_proxy_extra_multi_event_call
odds_api_io_61301265,2026-05-17,14:00,Wolverhampton Wanderers,Fulham FC,england-premier-league,odds_api_io_Bet365_ML,free_api_market_proxy,3.8,3.75,1.9,2026-05-17T13:03:09.739885+00:00,free_api_market_proxy_extra_multi_event_call
fd_B1_2026-05-17_Anderlecht_Mechelen,2026-05-17,12:30,Anderlecht,Mechelen,B1,football_data_bet365_proxy,delayed_market_proxy,1.83,3.6,3.75,2026-05-17T13:02:05.538923+00:00,free_delayed_fixture_odds_proxy
fd_B1_2026-05-17_Anderlecht_Mechelen,2026-05-17,12:30,Anderlecht,Mechelen,B1,football_data_max_market_proxy,delayed_market_proxy,1.87,4.0,4.0,2026-05-17T13:02:05.538923+00:00,free_delayed_fixture_odds_proxy
fd_B1_2026-05-17_Anderlecht_Mechelen,2026-05-17,12:30,Anderlecht,Mechelen,B1,football_data_average_market_proxy,delayed_market_proxy,1.8,3.72,3.79,2026-05-17T13:02:05.538923+00:00,free_delayed_fixture_odds_proxy
fd_B1_2026-05-17_Club_Brugge_St._Gilloise,2026-05-17,17:30,Club Brugge,St. Gilloise,B1,football_data_bet365_proxy,delayed_market_proxy,2.05,3.5,3.1,2026-05-17T13:02:05.538923+00:00,free_delayed_fixture_odds_proxy
fd_B1_2026-05-17_Club_Brugge_St._Gilloise,2026-05-17,17:30,Club Brugge,St. Gilloise,B1,football_data_max_market_proxy,delayed_market_proxy,2.1,3.8,3.45,2026-05-17T13:02:05.538923+00:00,free_delayed_fixture_odds_proxy
fd_B1_2026-05-17_Club_Brugge_St._Gilloise,2026-05-17,17:30,Club Brugge,St. Gilloise,B1,football_data_average_market_proxy,delayed_market_proxy,2.02,3.51,3.23,2026-05-17T13:02:05.538923+00:00,free_delayed_fixture_odds_proxy
fd_D2_2026-05-17_Bielefeld_Hertha,2026-05-17,14:30,Bielefeld,Hertha,D2,football_data_bet365_proxy,delayed_market_proxy,1.73,3.9,4.33,2026-05-17T13:02:05.538923+00:00,free_delayed_fixture_odds_proxy
fd_D2_2026-05-17_Bielefeld_Hertha,2026-05-17,14:30,Bielefeld,Hertha,D2,football_data_max_market_proxy,delayed_market_proxy,1.75,4.4,4.33,2026-05-17T13:02:05.538923+00:00,free_delayed_fixture_odds_proxy
fd_D2_2026-05-17_Bielefeld_Hertha,2026-05-17,14:30,Bielefeld,Hertha,D2,football_data_average_market_proxy,delayed_market_proxy,1.7,4.08,3.93,2026-05-17T13:02:05.538923+00:00,free_delayed_fixture_odds_proxy
fd_D2_2026-05-17_Darmstadt_Paderborn,2026-05-17,14:30,Darmstadt,Paderborn,D2,football_data_bet365_proxy,delayed_market_proxy,3.25,4.1,1.83,2026-05-17T13:02:05.538923+00:00,free_delayed_fixture_odds_proxy
fd_D2_2026-05-17_Darmstadt_Paderborn,2026-05-17,14:30,Darmstadt,Paderborn,D2,football_data_max_market_proxy,delayed_market_proxy,3.5,4.33,1.93,2026-05-17T13:02:05.538923+00:00,free_delayed_fixture_odds_proxy
fd_D2_2026-05-17_Darmstadt_Paderborn,2026-05-17,14:30,Darmstadt,Paderborn,D2,football_data_average_market_proxy,delayed_market_proxy,3.32,4.04,1.84,2026-05-17T13:02:05.538923+00:00,free_delayed_fixture_odds_proxy
fd_D2_2026-05-17_Dresden_Holstein_Kiel,2026-05-17,14:30,Dresden,Holstein Kiel,D2,football_data_bet365_proxy,delayed_market_proxy,1.67,4.1,4.2,2026-05-17T13:02:05.538923+00:00,free_delayed_fixture_odds_proxy
fd_D2_2026-05-17_Dresden_Holstein_Kiel,2026-05-17,14:30,Dresden,Holstein Kiel,D2,football_data_max_market_proxy,delayed_market_proxy,1.73,4.1,4.5,2026-05-17T13:02:05.538923+00:00,free_delayed_fixture_odds_proxy
fd_D2_2026-05-17_Dresden_Holstein_Kiel,2026-05-17,14:30,Dresden,Holstein Kiel,D2,football_data_average_market_proxy,delayed_market_proxy,1.67,3.93,4.19,2026-05-17T13:02:05.538923+00:00,free_delayed_fixture_odds_proxy
fd_D2_2026-05-17_Elversberg_Preußen_Münster,2026-05-17,14:30,Elversberg,Preußen Münster,D2,football_data_bet365_proxy,delayed_market_proxy,1.22,6.0,10.0,2026-05-17T13:02:05.538923+00:00,free_delayed_fixture_odds_proxy
fd_D2_2026-05-17_Elversberg_Preußen_Münster,2026-05-17,14:30,Elversberg,Preußen Münster,D2,football_data_max_market_proxy,delayed_market_proxy,1.26,6.5,13.0,2026-05-17T13:02:05.538923+00:00,free_delayed_fixture_odds_proxy
fd_D2_2026-05-17_Elversberg_Preußen_Münster,2026-05-17,14:30,Elversberg,Preußen Münster,D2,football_data_average_market_proxy,delayed_market_proxy,1.21,6.11,10.13,2026-05-17T13:02:05.538923+00:00,free_delayed_fixture_odds_proxy
fd_D2_2026-05-17_Greuther_Furth_Fortuna_Dusseldorf,2026-05-17,14:30,Greuther Furth,Fortuna Dusseldorf,D2,football_data_bet365_proxy,delayed_market_proxy,2.5,3.6,2.5,2026-05-17T13:02:05.538923+00:00,free_delayed_fixture_odds_proxy
fd_D2_2026-05-17_Greuther_Furth_Fortuna_Dusseldorf,2026-05-17,14:30,Greuther Furth,Fortuna Dusseldorf,D2,football_data_max_market_proxy,delayed_market_proxy,2.6,3.75,2.63,2026-05-17T13:02:05.538923+00:00,free_delayed_fixture_odds_proxy
fd_D2_2026-05-17_Greuther_Furth_Fortuna_Dusseldorf,2026-05-17,14:30,Greuther Furth,Fortuna Dusseldorf,D2,football_data_average_market_proxy,delayed_market_proxy,2.45,3.59,2.48,2026-05-17T13:02:05.538923+00:00,free_delayed_fixture_odds_proxy
fd_D2_2026-05-17_Hannover_Nurnberg,2026-05-17,14:30,Hannover,Nurnberg,D2,football_data_bet365_proxy,delayed_market_proxy,1.44,4.75,5.75,2026-05-17T13:02:05.538923+00:00,free_delayed_fixture_odds_proxy
fd_D2_2026-05-17_Hannover_Nurnberg,2026-05-17,14:30,Hannover,Nurnberg,D2,football_data_max_market_proxy,delayed_market_proxy,1.45,5.0,6.6,2026-05-17T13:02:05.538923+00:00,free_delayed_fixture_odds_proxy
fd_D2_2026-05-17_Hannover_Nurnberg,2026-05-17,14:30,Hannover,Nurnberg,D2,football_data_average_market_proxy,delayed_market_proxy,1.41,4.69,5.84,2026-05-17T13:02:05.538923+00:00,free_delayed_fixture_odds_proxy
fd_D2_2026-05-17_Karlsruhe_Bochum,2026-05-17,14:30,Karlsruhe,Bochum,D2,football_data_bet365_proxy,delayed_market_proxy,2.45,3.9,2.38,2026-05-17T13:02:05.538923+00:00,free_delayed_fixture_odds_proxy
fd_D2_2026-05-17_Karlsruhe_Bochum,2026-05-17,14:30,Karlsruhe,Bochum,D2,football_data_max_market_proxy,delayed_market_proxy,2.6,4.0,2.45,2026-05-17T13:02:05.538923+00:00,free_delayed_fixture_odds_proxy
fd_D2_2026-05-17_Karlsruhe_Bochum,2026-05-17,14:30,Karlsruhe,Bochum,D2,football_data_average_market_proxy,delayed_market_proxy,2.48,3.82,2.35,2026-05-17T13:02:05.538923+00:00,free_delayed_fixture_odds_proxy
fd_D2_2026-05-17_Magdeburg_Kaiserslautern,2026-05-17,14:30,Magdeburg,Kaiserslautern,D2,football_data_bet365_proxy,delayed_market_proxy,1.67,4.1,4.2,2026-05-17T13:02:05.538923+00:00,free_delayed_fixture_odds_proxy
fd_D2_2026-05-17_Magdeburg_Kaiserslautern,2026-05-17,14:30,Magdeburg,Kaiserslautern,D2,football_data_max_market_proxy,delayed_market_proxy,1.77,4.33,4.2,2026-05-17T13:02:05.538923+00:00,free_delayed_fixture_odds_proxy
fd_D2_2026-05-17_Magdeburg_Kaiserslautern,2026-05-17,14:30,Magdeburg,Kaiserslautern,D2,football_data_average_market_proxy,delayed_market_proxy,1.69,4.12,3.93,2026-05-17T13:02:05.538923+00:00,free_delayed_fixture_odds_proxy
fd_D2_2026-05-17_Schalke_04_Braunschweig,2026-05-17,14:30,Schalke 04,Braunschweig,D2,football_data_bet365_proxy,delayed_market_proxy,1.9,3.6,3.7,2026-05-17T13:02:05.538923+00:00,free_delayed_fixture_odds_proxy
fd_D2_2026-05-17_Schalke_04_Braunschweig,2026-05-17,14:30,Schalke 04,Braunschweig,D2,football_data_max_market_proxy,delayed_market_proxy,1.9,4.0,3.9,2026-05-17T13:02:05.538923+00:00,free_delayed_fixture_odds_proxy
fd_D2_2026-05-17_Schalke_04_Braunschweig,2026-05-17,14:30,Schalke 04,Braunschweig,D2,football_data_average_market_proxy,delayed_market_proxy,1.83,3.73,3.59,2026-05-17T13:02:05.538923+00:00,free_delayed_fixture_odds_proxy
fd_E0_2026-05-17_Man_United_Nott'm_Forest,2026-05-17,12:30,Man United,Nott'm Forest,premier_league,football_data_bet365_proxy,delayed_market_proxy,1.6,4.2,5.25,2026-05-17T13:02:05.538923+00:00,free_delayed_fixture_odds_proxy
fd_E0_2026-05-17_Man_United_Nott'm_Forest,2026-05-17,12:30,Man United,Nott'm Forest,premier_league,football_data_max_market_proxy,delayed_market_proxy,1.62,4.33,5.25,2026-05-17T13:02:05.538923+00:00,free_delayed_fixture_odds_proxy
fd_E0_2026-05-17_Man_United_Nott'm_Forest,2026-05-17,12:30,Man United,Nott'm Forest,premier_league,football_data_average_market_proxy,delayed_market_proxy,1.58,4.23,4.94,2026-05-17T13:02:05.538923+00:00,free_delayed_fixture_odds_proxy
fd_E0_2026-05-17_Brentford_Crystal_Palace,2026-05-17,15:00,Brentford,Crystal Palace,premier_league,football_data_bet365_proxy,delayed_market_proxy,1.73,4.2,4.33,2026-05-17T13:02:05.538923+00:00,free_delayed_fixture_odds_proxy
fd_E0_2026-05-17_Brentford_Crystal_Palace,2026-05-17,15:00,Brentford,Crystal Palace,premier_league,football_data_max_market_proxy,delayed_market_proxy,1.77,4.5,4.4,2026-05-17T13:02:05.538923+00:00,free_delayed_fixture_odds_proxy
fd_E0_2026-05-17_Brentford_Crystal_Palace,2026-05-17,15:00,Brentford,Crystal Palace,premier_league,football_data_average_market_proxy,delayed_market_proxy,1.71,4.09,4.17,2026-05-17T13:02:05.538923+00:00,free_delayed_fixture_odds_proxy
fd_E0_2026-05-17_Everton_Sunderland,2026-05-17,15:00,Everton,Sunderland,premier_league,football_data_bet365_proxy,delayed_market_proxy,1.8,3.75,4.33,2026-05-17T13:02:05.538923+00:00,free_delayed_fixture_odds_proxy
fd_E0_2026-05-17_Everton_Sunderland,2026-05-17,15:00,Everton,Sunderland,premier_league,football_data_max_market_proxy,delayed_market_proxy,1.83,3.75,4.35,2026-05-17T13:02:05.538923+00:00,free_delayed_fixture_odds_proxy
fd_E0_2026-05-17_Everton_Sunderland,2026-05-17,15:00,Everton,Sunderland,premier_league,football_data_average_market_proxy,delayed_market_proxy,1.81,3.63,4.18,2026-05-17T13:02:05.538923+00:00,free_delayed_fixture_odds_proxy
fd_E0_2026-05-17_Leeds_Brighton,2026-05-17,15:00,Leeds,Brighton,premier_league,football_data_bet365_proxy,delayed_market_proxy,3.2,3.6,2.15,2026-05-17T13:02:05.538923+00:00,free_delayed_fixture_odds_proxy
fd_E0_2026-05-17_Leeds_Brighton,2026-05-17,15:00,Leeds,Brighton,premier_league,football_data_max_market_proxy,delayed_market_proxy,3.2,3.7,2.22,2026-05-17T13:02:05.538923+00:00,free_delayed_fixture_odds_proxy
fd_E0_2026-05-17_Leeds_Brighton,2026-05-17,15:00,Leeds,Brighton,premier_league,football_data_average_market_proxy,delayed_market_proxy,3.09,3.57,2.14,2026-05-17T13:02:05.538923+00:00,free_delayed_fixture_odds_proxy
fd_E0_2026-05-17_Wolves_Fulham,2026-05-17,15:00,Wolves,Fulham,premier_league,football_data_bet365_proxy,delayed_market_proxy,3.8,3.8,1.9,2026-05-17T13:02:05.538923+00:00,free_delayed_fixture_odds_proxy
fd_E0_2026-05-17_Wolves_Fulham,2026-05-17,15:00,Wolves,Fulham,premier_league,football_data_max_market_proxy,delayed_market_proxy,3.8,4.0,1.95,2026-05-17T13:02:05.538923+00:00,free_delayed_fixture_odds_proxy
fd_E0_2026-05-17_Wolves_Fulham,2026-05-17,15:00,Wolves,Fulham,premier_league,football_data_average_market_proxy,delayed_market_proxy,3.68,3.78,1.87,2026-05-17T13:02:05.538923+00:00,free_delayed_fixture_odds_proxy
fd_E0_2026-05-17_Newcastle_West_Ham,2026-05-17,17:30,Newcastle,West Ham,premier_league,football_data_bet365_proxy,delayed_market_proxy,2.1,3.8,3.2,2026-05-17T13:02:05.538923+00:00,free_delayed_fixture_odds_proxy
fd_E0_2026-05-17_Newcastle_West_Ham,2026-05-17,17:30,Newcastle,West Ham,premier_league,football_data_max_market_proxy,delayed_market_proxy,2.1,4.0,3.25,2026-05-17T13:02:05.538923+00:00,free_delayed_fixture_odds_proxy
fd_E0_2026-05-17_Newcastle_West_Ham,2026-05-17,17:30,Newcastle,West Ham,premier_league,football_data_average_market_proxy,delayed_market_proxy,2.05,3.78,3.15,2026-05-17T13:02:05.538923+00:00,free_delayed_fixture_odds_proxy
fd_E0_2026-05-18_Arsenal_Burnley,2026-05-18,20:00,Arsenal,Burnley,premier_league,football_data_bet365_proxy,delayed_market_proxy,1.09,11.0,23.0,2026-05-17T13:02:05.538923+00:00,free_delayed_fixture_odds_proxy
fd_E0_2026-05-18_Arsenal_Burnley,2026-05-18,20:00,Arsenal,Burnley,premier_league,football_data_max_market_proxy,delayed_market_proxy,1.11,11.0,26.0,2026-05-17T13:02:05.538923+00:00,free_delayed_fixture_odds_proxy
fd_E0_2026-05-18_Arsenal_Burnley,2026-05-18,20:00,Arsenal,Burnley,premier_league,football_data_average_market_proxy,delayed_market_proxy,1.08,10.12,22.13,2026-05-17T13:02:05.538923+00:00,free_delayed_fixture_odds_proxy
fd_F1_2026-05-17_Brest_Angers,2026-05-17,20:00,Brest,Angers,ligue_1,football_data_bet365_proxy,delayed_market_proxy,1.8,3.6,4.0,2026-05-17T13:02:05.538923+00:00,free_delayed_fixture_odds_proxy
fd_F1_2026-05-17_Brest_Angers,2026-05-17,20:00,Brest,Angers,ligue_1,football_data_max_market_proxy,delayed_market_proxy,1.85,3.8,4.35,2026-05-17T13:02:05.538923+00:00,free_delayed_fixture_odds_proxy
fd_F1_2026-05-17_Brest_Angers,2026-05-17,20:00,Brest,Angers,ligue_1,football_data_average_market_proxy,delayed_market_proxy,1.79,3.64,4.16,2026-05-17T13:02:05.538923+00:00,free_delayed_fixture_odds_proxy
fd_F1_2026-05-17_Lille_Auxerre,2026-05-17,20:00,Lille,Auxerre,ligue_1,football_data_bet365_proxy,delayed_market_proxy,1.36,4.5,7.5,2026-05-17T13:02:05.538923+00:00,free_delayed_fixture_odds_proxy
fd_F1_2026-05-17_Lille_Auxerre,2026-05-17,20:00,Lille,Auxerre,ligue_1,football_data_max_market_proxy,delayed_market_proxy,1.4,5.0,8.5,2026-05-17T13:02:05.538923+00:00,free_delayed_fixture_odds_proxy
fd_F1_2026-05-17_Lille_Auxerre,2026-05-17,20:00,Lille,Auxerre,ligue_1,football_data_average_market_proxy,delayed_market_proxy,1.36,4.77,7.87,2026-05-17T13:02:05.538923+00:00,free_delayed_fixture_odds_proxy
fd_F1_2026-05-17_Lorient_Le_Havre,2026-05-17,20:00,Lorient,Le Havre,ligue_1,football_data_bet365_proxy,delayed_market_proxy,2.55,3.3,2.5,2026-05-17T13:02:05.538923+00:00,free_delayed_fixture_odds_proxy
fd_F1_2026-05-17_Lorient_Le_Havre,2026-05-17,20:00,Lorient,Le Havre,ligue_1,football_data_max_market_proxy,delayed_market_proxy,2.7,3.6,2.63,2026-05-17T13:02:05.538923+00:00,free_delayed_fixture_odds_proxy
fd_F1_2026-05-17_Lorient_Le_Havre,2026-05-17,20:00,Lorient,Le Havre,ligue_1,football_data_average_market_proxy,delayed_market_proxy,2.55,3.43,2.56,2026-05-17T13:02:05.538923+00:00,free_delayed_fixture_odds_proxy
fd_F1_2026-05-17_Lyon_Lens,2026-05-17,20:00,Lyon,Lens,ligue_1,football_data_bet365_proxy,delayed_market_proxy,1.73,4.0,4.1,2026-05-17T13:02:05.538923+00:00,free_delayed_fixture_odds_proxy
fd_F1_2026-05-17_Lyon_Lens,2026-05-17,20:00,Lyon,Lens,ligue_1,football_data_max_market_proxy,delayed_market_proxy,1.8,4.25,4.45,2026-05-17T13:02:05.538923+00:00,free_delayed_fixture_odds_proxy
fd_F1_2026-05-17_Lyon_Lens,2026-05-17,20:00,Lyon,Lens,ligue_1,football_data_average_market_proxy,delayed_market_proxy,1.73,4.03,4.04,2026-05-17T13:02:05.538923+00:00,free_delayed_fixture_odds_proxy
fd_F1_2026-05-17_Marseille_Rennes,2026-05-17,20:00,Marseille,Rennes,ligue_1,football_data_bet365_proxy,delayed_market_proxy,1.95,3.7,3.25,2026-05-17T13:02:05.538923+00:00,free_delayed_fixture_odds_proxy
fd_F1_2026-05-17_Marseille_Rennes,2026-05-17,20:00,Marseille,Rennes,ligue_1,football_data_max_market_proxy,delayed_market_proxy,2.05,3.8,3.55,2026-05-17T13:02:05.538923+00:00,free_delayed_fixture_odds_proxy
fd_F1_2026-05-17_Marseille_Rennes,2026-05-17,20:00,Marseille,Rennes,ligue_1,football_data_average_market_proxy,delayed_market_proxy,1.99,3.69,3.33,2026-05-17T13:02:05.538923+00:00,free_delayed_fixture_odds_proxy
fd_F1_2026-05-17_Nantes_Toulouse,2026-05-17,20:00,Nantes,Toulouse,ligue_1,football_data_bet365_proxy,delayed_market_proxy,2.5,3.5,2.5,2026-05-17T13:02:05.538923+00:00,free_delayed_fixture_odds_proxy
fd_F1_2026-05-17_Nantes_Toulouse,2026-05-17,20:00,Nantes,Toulouse,ligue_1,football_data_max_market_proxy,delayed_market_proxy,2.6,3.66,2.6,2026-05-17T13:02:05.538923+00:00,free_delayed_fixture_odds_proxy
fd_F1_2026-05-17_Nantes_Toulouse,2026-05-17,20:00,Nantes,Toulouse,ligue_1,football_data_average_market_proxy,delayed_market_proxy,2.52,3.51,2.55,2026-05-17T13:02:05.538923+00:00,free_delayed_fixture_odds_proxy
fd_F1_2026-05-17_Nice_Metz,2026-05-17,20:00,Nice,Metz,ligue_1,football_data_bet365_proxy,delayed_market_proxy,1.36,5.0,7.0,2026-05-17T13:02:05.538923+00:00,free_delayed_fixture_odds_proxy
fd_F1_2026-05-17_Nice_Metz,2026-05-17,20:00,Nice,Metz,ligue_1,football_data_max_market_proxy,delayed_market_proxy,1.37,5.33,8.5,2026-05-17T13:02:05.538923+00:00,free_delayed_fixture_odds_proxy
fd_F1_2026-05-17_Nice_Metz,2026-05-17,20:00,Nice,Metz,ligue_1,football_data_average_market_proxy,delayed_market_proxy,1.34,5.09,7.75,2026-05-17T13:02:05.538923+00:00,free_delayed_fixture_odds_proxy
fd_F1_2026-05-17_Paris_FC_Paris_SG,2026-05-17,20:00,Paris FC,Paris SG,ligue_1,football_data_bet365_proxy,delayed_market_proxy,5.5,4.1,1.53,2026-05-17T13:02:05.538923+00:00,free_delayed_fixture_odds_proxy
fd_F1_2026-05-17_Paris_FC_Paris_SG,2026-05-17,20:00,Paris FC,Paris SG,ligue_1,football_data_max_market_proxy,delayed_market_proxy,5.75,4.7,1.58,2026-05-17T13:02:05.538923+00:00,free_delayed_fixture_odds_proxy
fd_F1_2026-05-17_Paris_FC_Paris_SG,2026-05-17,20:00,Paris FC,Paris SG,ligue_1,football_data_average_market_proxy,delayed_market_proxy,5.15,4.54,1.52,2026-05-17T13:02:05.538923+00:00,free_delayed_fixture_odds_proxy
fd_F1_2026-05-17_Strasbourg_Monaco,2026-05-17,20:00,Strasbourg,Monaco,ligue_1,football_data_bet365_proxy,delayed_market_proxy,2.88,3.8,2.1,2026-05-17T13:02:05.538923+00:00,free_delayed_fixture_odds_proxy
fd_F1_2026-05-17_Strasbourg_Monaco,2026-05-17,20:00,Strasbourg,Monaco,ligue_1,football_data_max_market_proxy,delayed_market_proxy,2.9,4.0,2.2,2026-05-17T13:02:05.538923+00:00,free_delayed_fixture_odds_proxy
fd_F1_2026-05-17_Strasbourg_Monaco,2026-05-17,20:00,Strasbourg,Monaco,ligue_1,football_data_average_market_proxy,delayed_market_proxy,2.86,3.83,2.15,2026-05-17T13:02:05.538923+00:00,free_delayed_fixture_odds_proxy
fd_G1_2026-05-17_Aris_Levadeiakos,2026-05-17,15:00,Aris,Levadeiakos,G1,football_data_max_market_proxy,delayed_market_proxy,1.95,3.66,3.8,2026-05-17T13:02:05.538923+00:00,free_delayed_fixture_odds_proxy
fd_G1_2026-05-17_Aris_Levadeiakos,2026-05-17,15:00,Aris,Levadeiakos,G1,football_data_average_market_proxy,delayed_market_proxy,1.89,3.4,3.61,2026-05-17T13:02:05.538923+00:00,free_delayed_fixture_odds_proxy
fd_G1_2026-05-17_OFI_Crete_Volos_NFC,2026-05-17,15:00,OFI Crete,Volos NFC,G1,football_data_max_market_proxy,delayed_market_proxy,1.91,3.8,3.7,2026-05-17T13:02:05.538923+00:00,free_delayed_fixture_odds_proxy
fd_G1_2026-05-17_OFI_Crete_Volos_NFC,2026-05-17,15:00,OFI Crete,Volos NFC,G1,football_data_average_market_proxy,delayed_market_proxy,1.85,3.59,3.53,2026-05-17T13:02:05.538923+00:00,free_delayed_fixture_odds_proxy
fd_G1_2026-05-17_AEK_Olympiakos,2026-05-17,17:30,AEK,Olympiakos,G1,football_data_bet365_proxy,delayed_market_proxy,3.2,3.1,2.15,2026-05-17T13:02:05.538923+00:00,free_delayed_fixture_odds_proxy
fd_G1_2026-05-17_AEK_Olympiakos,2026-05-17,17:30,AEK,Olympiakos,G1,football_data_max_market_proxy,delayed_market_proxy,3.2,3.3,2.35,2026-05-17T13:02:05.538923+00:00,free_delayed_fixture_odds_proxy
fd_G1_2026-05-17_AEK_Olympiakos,2026-05-17,17:30,AEK,Olympiakos,G1,football_data_average_market_proxy,delayed_market_proxy,3.01,3.15,2.22,2026-05-17T13:02:05.538923+00:00,free_delayed_fixture_odds_proxy
fd_G1_2026-05-17_Panathinaikos_PAOK,2026-05-17,17:30,Panathinaikos,PAOK,G1,football_data_bet365_proxy,delayed_market_proxy,3.75,3.4,1.91,2026-05-17T13:02:05.538923+00:00,free_delayed_fixture_odds_proxy
fd_G1_2026-05-17_Panathinaikos_PAOK,2026-05-17,17:30,Panathinaikos,PAOK,G1,football_data_max_market_proxy,delayed_market_proxy,3.8,4.0,2.02,2026-05-17T13:02:05.538923+00:00,free_delayed_fixture_odds_proxy
fd_G1_2026-05-17_Panathinaikos_PAOK,2026-05-17,17:30,Panathinaikos,PAOK,G1,football_data_average_market_proxy,delayed_market_proxy,3.53,3.38,1.92,2026-05-17T13:02:05.538923+00:00,free_delayed_fixture_odds_proxy
fd_I1_2026-05-17_Como_Parma,2026-05-17,11:00,Como,Parma,serie_a,football_data_bet365_proxy,delayed_market_proxy,1.25,5.25,12.0,2026-05-17T13:02:05.538923+00:00,free_delayed_fixture_odds_proxy
fd_I1_2026-05-17_Como_Parma,2026-05-17,11:00,Como,Parma,serie_a,football_data_max_market_proxy,delayed_market_proxy,1.28,6.0,13.0,2026-05-17T13:02:05.538923+00:00,free_delayed_fixture_odds_proxy
fd_I1_2026-05-17_Como_Parma,2026-05-17,11:00,Como,Parma,serie_a,football_data_average_market_proxy,delayed_market_proxy,1.24,5.69,11.34,2026-05-17T13:02:05.538923+00:00,free_delayed_fixture_odds_proxy
fd_I1_2026-05-17_Genoa_Milan,2026-05-17,11:00,Genoa,Milan,serie_a,football_data_bet365_proxy,delayed_market_proxy,4.5,3.7,1.7,2026-05-17T13:02:05.538923+00:00,free_delayed_fixture_odds_proxy
fd_I1_2026-05-17_Genoa_Milan,2026-05-17,11:00,Genoa,Milan,serie_a,football_data_max_market_proxy,delayed_market_proxy,4.85,3.8,1.76,2026-05-17T13:02:05.538923+00:00,free_delayed_fixture_odds_proxy
fd_I1_2026-05-17_Genoa_Milan,2026-05-17,11:00,Genoa,Milan,serie_a,football_data_average_market_proxy,delayed_market_proxy,4.65,3.69,1.71,2026-05-17T13:02:05.538923+00:00,free_delayed_fixture_odds_proxy
fd_I1_2026-05-17_Juventus_Fiorentina,2026-05-17,11:00,Juventus,Fiorentina,serie_a,football_data_bet365_proxy,delayed_market_proxy,1.33,5.0,8.5,2026-05-17T13:02:05.538923+00:00,free_delayed_fixture_odds_proxy
fd_I1_2026-05-17_Juventus_Fiorentina,2026-05-17,11:00,Juventus,Fiorentina,serie_a,football_data_max_market_proxy,delayed_market_proxy,1.35,6.0,9.4,2026-05-17T13:02:05.538923+00:00,free_delayed_fixture_odds_proxy
fd_I1_2026-05-17_Juventus_Fiorentina,2026-05-17,11:00,Juventus,Fiorentina,serie_a,football_data_average_market_proxy,delayed_market_proxy,1.31,5.28,8.38,2026-05-17T13:02:05.538923+00:00,free_delayed_fixture_odds_proxy
fd_I1_2026-05-17_Pisa_Napoli,2026-05-17,11:00,Pisa,Napoli,serie_a,football_data_bet365_proxy,delayed_market_proxy,9.0,4.5,1.36,2026-05-17T13:02:05.538923+00:00,free_delayed_fixture_odds_proxy
fd_I1_2026-05-17_Pisa_Napoli,2026-05-17,11:00,Pisa,Napoli,serie_a,football_data_max_market_proxy,delayed_market_proxy,9.0,5.0,1.4,2026-05-17T13:02:05.538923+00:00,free_delayed_fixture_odds_proxy
fd_I1_2026-05-17_Pisa_Napoli,2026-05-17,11:00,Pisa,Napoli,serie_a,football_data_average_market_proxy,delayed_market_proxy,8.06,4.63,1.37,2026-05-17T13:02:05.538923+00:00,free_delayed_fixture_odds_proxy
fd_I1_2026-05-17_Roma_Lazio,2026-05-17,11:00,Roma,Lazio,serie_a,football_data_bet365_proxy,delayed_market_proxy,1.53,4.0,5.75,2026-05-17T13:02:05.538923+00:00,free_delayed_fixture_odds_proxy
fd_I1_2026-05-17_Roma_Lazio,2026-05-17,11:00,Roma,Lazio,serie_a,football_data_max_market_proxy,delayed_market_proxy,1.57,4.5,6.5,2026-05-17T13:02:05.538923+00:00,free_delayed_fixture_odds_proxy
fd_I1_2026-05-17_Roma_Lazio,2026-05-17,11:00,Roma,Lazio,serie_a,football_data_average_market_proxy,delayed_market_proxy,1.52,4.09,6.0,2026-05-17T13:02:05.538923+00:00,free_delayed_fixture_odds_proxy
fd_I1_2026-05-17_Inter_Verona,2026-05-17,14:00,Inter,Verona,serie_a,football_data_bet365_proxy,delayed_market_proxy,1.2,8.0,9.0,2026-05-17T13:02:05.538923+00:00,free_delayed_fixture_odds_proxy
fd_I1_2026-05-17_Inter_Verona,2026-05-17,14:00,Inter,Verona,serie_a,football_data_max_market_proxy,delayed_market_proxy,1.22,8.0,15.0,2026-05-17T13:02:05.538923+00:00,free_delayed_fixture_odds_proxy
fd_I1_2026-05-17_Inter_Verona,2026-05-17,14:00,Inter,Verona,serie_a,football_data_average_market_proxy,delayed_market_proxy,1.18,6.85,12.88,2026-05-17T13:02:05.538923+00:00,free_delayed_fixture_odds_proxy
fd_I1_2026-05-17_Atalanta_Bologna,2026-05-17,17:00,Atalanta,Bologna,serie_a,football_data_bet365_proxy,delayed_market_proxy,1.62,4.2,4.75,2026-05-17T13:02:05.538923+00:00,free_delayed_fixture_odds_proxy
fd_I1_2026-05-17_Atalanta_Bologna,2026-05-17,17:00,Atalanta,Bologna,serie_a,football_data_max_market_proxy,delayed_market_proxy,1.67,4.2,5.0,2026-05-17T13:02:05.538923+00:00,free_delayed_fixture_odds_proxy
fd_I1_2026-05-17_Atalanta_Bologna,2026-05-17,17:00,Atalanta,Bologna,serie_a,football_data_average_market_proxy,delayed_market_proxy,1.64,4.06,4.65,2026-05-17T13:02:05.538923+00:00,free_delayed_fixture_odds_proxy
fd_I1_2026-05-17_Cagliari_Torino,2026-05-17,19:45,Cagliari,Torino,serie_a,football_data_bet365_proxy,delayed_market_proxy,2.3,3.1,3.2,2026-05-17T13:02:05.538923+00:00,free_delayed_fixture_odds_proxy
fd_I1_2026-05-17_Cagliari_Torino,2026-05-17,19:45,Cagliari,Torino,serie_a,football_data_max_market_proxy,delayed_market_proxy,2.45,3.2,3.33,2026-05-17T13:02:05.538923+00:00,free_delayed_fixture_odds_proxy
fd_I1_2026-05-17_Cagliari_Torino,2026-05-17,19:45,Cagliari,Torino,serie_a,football_data_average_market_proxy,delayed_market_proxy,2.35,3.11,3.08,2026-05-17T13:02:05.538923+00:00,free_delayed_fixture_odds_proxy
fd_I1_2026-05-17_Sassuolo_Lecce,2026-05-17,19:45,Sassuolo,Lecce,serie_a,football_data_bet365_proxy,delayed_market_proxy,2.7,3.2,2.63,2026-05-17T13:02:05.538923+00:00,free_delayed_fixture_odds_proxy
fd_I1_2026-05-17_Sassuolo_Lecce,2026-05-17,19:45,Sassuolo,Lecce,serie_a,football_data_max_market_proxy,delayed_market_proxy,2.8,3.3,2.75,2026-05-17T13:02:05.538923+00:00,free_delayed_fixture_odds_proxy
fd_I1_2026-05-17_Sassuolo_Lecce,2026-05-17,19:45,Sassuolo,Lecce,serie_a,football_data_average_market_proxy,delayed_market_proxy,2.67,3.18,2.61,2026-05-17T13:02:05.538923+00:00,free_delayed_fixture_odds_proxy
fd_I1_2026-05-17_Udinese_Cremonese,2026-05-17,19:45,Udinese,Cremonese,serie_a,football_data_bet365_proxy,delayed_market_proxy,2.3,3.3,3.0,2026-05-17T13:02:05.538923+00:00,free_delayed_fixture_odds_proxy
fd_I1_2026-05-17_Udinese_Cremonese,2026-05-17,19:45,Udinese,Cremonese,serie_a,football_data_max_market_proxy,delayed_market_proxy,2.45,3.3,3.05,2026-05-17T13:02:05.538923+00:00,free_delayed_fixture_odds_proxy
fd_I1_2026-05-17_Udinese_Cremonese,2026-05-17,19:45,Udinese,Cremonese,serie_a,football_data_average_market_proxy,delayed_market_proxy,2.34,3.26,2.97,2026-05-17T13:02:05.538923+00:00,free_delayed_fixture_odds_proxy
fd_N1_2026-05-17_AZ_Alkmaar_NAC_Breda,2026-05-17,13:30,AZ Alkmaar,NAC Breda,N1,football_data_bet365_proxy,delayed_market_proxy,1.38,4.75,7.5,2026-05-17T13:02:05.538923+00:00,free_delayed_fixture_odds_proxy
fd_N1_2026-05-17_AZ_Alkmaar_NAC_Breda,2026-05-17,13:30,AZ Alkmaar,NAC Breda,N1,football_data_max_market_proxy,delayed_market_proxy,1.38,5.33,7.5,2026-05-17T13:02:05.538923+00:00,free_delayed_fixture_odds_proxy
fd_N1_2026-05-17_AZ_Alkmaar_NAC_Breda,2026-05-17,13:30,AZ Alkmaar,NAC Breda,N1,football_data_average_market_proxy,delayed_market_proxy,1.34,5.17,7.19,2026-05-17T13:02:05.538923+00:00,free_delayed_fixture_odds_proxy
fd_N1_2026-05-17_Heerenveen_Ajax,2026-05-17,13:30,Heerenveen,Ajax,N1,football_data_bet365_proxy,delayed_market_proxy,2.9,3.9,2.05,2026-05-17T13:02:05.538923+00:00,free_delayed_fixture_odds_proxy
fd_N1_2026-05-17_Heerenveen_Ajax,2026-05-17,13:30,Heerenveen,Ajax,N1,football_data_max_market_proxy,delayed_market_proxy,3.1,4.35,2.05,2026-05-17T13:02:05.538923+00:00,free_delayed_fixture_odds_proxy
fd_N1_2026-05-17_Heerenveen_Ajax,2026-05-17,13:30,Heerenveen,Ajax,N1,football_data_average_market_proxy,delayed_market_proxy,2.93,4.08,2.03,2026-05-17T13:02:05.538923+00:00,free_delayed_fixture_odds_proxy
fd_N1_2026-05-17_Heracles_Groningen,2026-05-17,13:30,Heracles,Groningen,N1,football_data_bet365_proxy,delayed_market_proxy,4.75,4.2,1.6,2026-05-17T13:02:05.538923+00:00,free_delayed_fixture_odds_proxy
fd_N1_2026-05-17_Heracles_Groningen,2026-05-17,13:30,Heracles,Groningen,N1,football_data_max_market_proxy,delayed_market_proxy,5.0,4.7,1.62,2026-05-17T13:02:05.538923+00:00,free_delayed_fixture_odds_proxy
fd_N1_2026-05-17_Heracles_Groningen,2026-05-17,13:30,Heracles,Groningen,N1,football_data_average_market_proxy,delayed_market_proxy,4.63,4.43,1.57,2026-05-17T13:02:05.538923+00:00,free_delayed_fixture_odds_proxy
fd_N1_2026-05-17_Nijmegen_Go_Ahead_Eagles,2026-05-17,13:30,Nijmegen,Go Ahead Eagles,N1,football_data_bet365_proxy,delayed_market_proxy,1.38,4.75,7.0,2026-05-17T13:02:05.538923+00:00,free_delayed_fixture_odds_proxy
fd_N1_2026-05-17_Nijmegen_Go_Ahead_Eagles,2026-05-17,13:30,Nijmegen,Go Ahead Eagles,N1,football_data_max_market_proxy,delayed_market_proxy,1.4,5.5,8.0,2026-05-17T13:02:05.538923+00:00,free_delayed_fixture_odds_proxy
fd_N1_2026-05-17_Nijmegen_Go_Ahead_Eagles,2026-05-17,13:30,Nijmegen,Go Ahead Eagles,N1,football_data_average_market_proxy,delayed_market_proxy,1.35,5.25,6.98,2026-05-17T13:02:05.538923+00:00,free_delayed_fixture_odds_proxy
fd_N1_2026-05-17_PSV_Eindhoven_Twente,2026-05-17,13:30,PSV Eindhoven,Twente,N1,football_data_bet365_proxy,delayed_market_proxy,2.05,4.0,2.88,2026-05-17T13:02:05.538923+00:00,free_delayed_fixture_odds_proxy
fd_N1_2026-05-17_PSV_Eindhoven_Twente,2026-05-17,13:30,PSV Eindhoven,Twente,N1,football_data_max_market_proxy,delayed_market_proxy,2.1,4.2,3.05,2026-05-17T13:02:05.538923+00:00,free_delayed_fixture_odds_proxy
fd_N1_2026-05-17_PSV_Eindhoven_Twente,2026-05-17,13:30,PSV Eindhoven,Twente,N1,football_data_average_market_proxy,delayed_market_proxy,2.04,4.06,2.91,2026-05-17T13:02:05.538923+00:00,free_delayed_fixture_odds_proxy
fd_N1_2026-05-17_Sparta_Rotterdam_Excelsior,2026-05-17,13:30,Sparta Rotterdam,Excelsior,N1,football_data_bet365_proxy,delayed_market_proxy,2.05,3.7,3.2,2026-05-17T13:02:05.538923+00:00,free_delayed_fixture_odds_proxy
fd_N1_2026-05-17_Sparta_Rotterdam_Excelsior,2026-05-17,13:30,Sparta Rotterdam,Excelsior,N1,football_data_max_market_proxy,delayed_market_proxy,2.05,4.0,3.2,2026-05-17T13:02:05.538923+00:00,free_delayed_fixture_odds_proxy
fd_N1_2026-05-17_Sparta_Rotterdam_Excelsior,2026-05-17,13:30,Sparta Rotterdam,Excelsior,N1,football_data_average_market_proxy,delayed_market_proxy,2.02,3.9,3.04,2026-05-17T13:02:05.538923+00:00,free_delayed_fixture_odds_proxy
fd_N1_2026-05-17_Utrecht_For_Sittard,2026-05-17,13:30,Utrecht,For Sittard,N1,football_data_bet365_proxy,delayed_market_proxy,1.48,4.75,5.5,2026-05-17T13:02:05.538923+00:00,free_delayed_fixture_odds_proxy
fd_N1_2026-05-17_Utrecht_For_Sittard,2026-05-17,13:30,Utrecht,For Sittard,N1,football_data_max_market_proxy,delayed_market_proxy,1.51,4.8,6.1,2026-05-17T13:02:05.538923+00:00,free_delayed_fixture_odds_proxy
fd_N1_2026-05-17_Utrecht_For_Sittard,2026-05-17,13:30,Utrecht,For Sittard,N1,football_data_average_market_proxy,delayed_market_proxy,1.46,4.66,5.61,2026-05-17T13:02:05.538923+00:00,free_delayed_fixture_odds_proxy
fd_N1_2026-05-17_Volendam_Telstar,2026-05-17,13:30,Volendam,Telstar,N1,football_data_bet365_proxy,delayed_market_proxy,2.7,3.6,2.38,2026-05-17T13:02:05.538923+00:00,free_delayed_fixture_odds_proxy
fd_N1_2026-05-17_Volendam_Telstar,2026-05-17,13:30,Volendam,Telstar,N1,football_data_max_market_proxy,delayed_market_proxy,2.75,3.75,2.45,2026-05-17T13:02:05.538923+00:00,free_delayed_fixture_odds_proxy
fd_N1_2026-05-17_Volendam_Telstar,2026-05-17,13:30,Volendam,Telstar,N1,football_data_average_market_proxy,delayed_market_proxy,2.65,3.63,2.34,2026-05-17T13:02:05.538923+00:00,free_delayed_fixture_odds_proxy
fd_N1_2026-05-17_Zwolle_Feyenoord,2026-05-17,13:30,Zwolle,Feyenoord,N1,football_data_bet365_proxy,delayed_market_proxy,4.33,4.1,1.65,2026-05-17T13:02:05.538923+00:00,free_delayed_fixture_odds_proxy
fd_N1_2026-05-17_Zwolle_Feyenoord,2026-05-17,13:30,Zwolle,Feyenoord,N1,football_data_max_market_proxy,delayed_market_proxy,4.75,4.5,1.7,2026-05-17T13:02:05.538923+00:00,free_delayed_fixture_odds_proxy
fd_N1_2026-05-17_Zwolle_Feyenoord,2026-05-17,13:30,Zwolle,Feyenoord,N1,football_data_average_market_proxy,delayed_market_proxy,4.32,4.3,1.63,2026-05-17T13:02:05.538923+00:00,free_delayed_fixture_odds_proxy
fd_SC0_2026-05-17_Dundee_Aberdeen,2026-05-17,14:00,Dundee,Aberdeen,SC0,football_data_bet365_proxy,delayed_market_proxy,2.35,3.3,2.85,2026-05-17T13:02:05.538923+00:00,free_delayed_fixture_odds_proxy
fd_SC0_2026-05-17_Dundee_Aberdeen,2026-05-17,14:00,Dundee,Aberdeen,SC0,football_data_max_market_proxy,delayed_market_proxy,2.45,3.6,3.0,2026-05-17T13:02:05.538923+00:00,free_delayed_fixture_odds_proxy
fd_SC0_2026-05-17_Dundee_Aberdeen,2026-05-17,14:00,Dundee,Aberdeen,SC0,football_data_average_market_proxy,delayed_market_proxy,2.35,3.39,2.79,2026-05-17T13:02:05.538923+00:00,free_delayed_fixture_odds_proxy
fd_SC0_2026-05-17_Livingston_Kilmarnock,2026-05-17,14:00,Livingston,Kilmarnock,SC0,football_data_bet365_proxy,delayed_market_proxy,2.7,3.5,2.35,2026-05-17T13:02:05.538923+00:00,free_delayed_fixture_odds_proxy
fd_SC0_2026-05-17_Livingston_Kilmarnock,2026-05-17,14:00,Livingston,Kilmarnock,SC0,football_data_max_market_proxy,delayed_market_proxy,2.9,3.6,2.4,2026-05-17T13:02:05.538923+00:00,free_delayed_fixture_odds_proxy
fd_SC0_2026-05-17_Livingston_Kilmarnock,2026-05-17,14:00,Livingston,Kilmarnock,SC0,football_data_average_market_proxy,delayed_market_proxy,2.77,3.45,2.33,2026-05-17T13:02:05.538923+00:00,free_delayed_fixture_odds_proxy
fd_SC0_2026-05-17_St_Mirren_Dundee_United,2026-05-17,14:00,St Mirren,Dundee United,SC0,football_data_bet365_proxy,delayed_market_proxy,2.2,3.4,3.1,2026-05-17T13:02:05.538923+00:00,free_delayed_fixture_odds_proxy
fd_SC0_2026-05-17_St_Mirren_Dundee_United,2026-05-17,14:00,St Mirren,Dundee United,SC0,football_data_max_market_proxy,delayed_market_proxy,2.2,3.6,3.2,2026-05-17T13:02:05.538923+00:00,free_delayed_fixture_odds_proxy
fd_SC0_2026-05-17_St_Mirren_Dundee_United,2026-05-17,14:00,St Mirren,Dundee United,SC0,football_data_average_market_proxy,delayed_market_proxy,2.14,3.49,3.07,2026-05-17T13:02:05.538923+00:00,free_delayed_fixture_odds_proxy
fd_SP1_2026-05-17_Ath_Bilbao_Celta,2026-05-17,18:00,Ath Bilbao,Celta,la_liga,football_data_bet365_proxy,delayed_market_proxy,2.15,3.2,3.4,2026-05-17T13:02:05.538923+00:00,free_delayed_fixture_odds_proxy
fd_SP1_2026-05-17_Ath_Bilbao_Celta,2026-05-17,18:00,Ath Bilbao,Celta,la_liga,football_data_max_market_proxy,delayed_market_proxy,2.25,3.2,3.75,2026-05-17T13:02:05.538923+00:00,free_delayed_fixture_odds_proxy
fd_SP1_2026-05-17_Ath_Bilbao_Celta,2026-05-17,18:00,Ath Bilbao,Celta,la_liga,football_data_average_market_proxy,delayed_market_proxy,2.15,3.11,3.42,2026-05-17T13:02:05.538923+00:00,free_delayed_fixture_odds_proxy
fd_SP1_2026-05-17_Ath_Madrid_Girona,2026-05-17,18:00,Ath Madrid,Girona,la_liga,football_data_bet365_proxy,delayed_market_proxy,1.73,3.6,4.5,2026-05-17T13:02:05.538923+00:00,free_delayed_fixture_odds_proxy
fd_SP1_2026-05-17_Ath_Madrid_Girona,2026-05-17,18:00,Ath Madrid,Girona,la_liga,football_data_max_market_proxy,delayed_market_proxy,1.8,4.0,4.5,2026-05-17T13:02:05.538923+00:00,free_delayed_fixture_odds_proxy
fd_SP1_2026-05-17_Ath_Madrid_Girona,2026-05-17,18:00,Ath Madrid,Girona,la_liga,football_data_average_market_proxy,delayed_market_proxy,1.74,3.74,4.25,2026-05-17T13:02:05.538923+00:00,free_delayed_fixture_odds_proxy
fd_SP1_2026-05-17_Elche_Getafe,2026-05-17,18:00,Elche,Getafe,la_liga,football_data_bet365_proxy,delayed_market_proxy,2.2,3.0,3.4,2026-05-17T13:02:05.538923+00:00,free_delayed_fixture_odds_proxy
fd_SP1_2026-05-17_Elche_Getafe,2026-05-17,18:00,Elche,Getafe,la_liga,football_data_max_market_proxy,delayed_market_proxy,2.25,3.0,4.0,2026-05-17T13:02:05.538923+00:00,free_delayed_fixture_odds_proxy
fd_SP1_2026-05-17_Elche_Getafe,2026-05-17,18:00,Elche,Getafe,la_liga,football_data_average_market_proxy,delayed_market_proxy,2.2,2.91,3.57,2026-05-17T13:02:05.538923+00:00,free_delayed_fixture_odds_proxy
fd_SP1_2026-05-17_Levante_Mallorca,2026-05-17,18:00,Levante,Mallorca,la_liga,football_data_bet365_proxy,delayed_market_proxy,2.1,3.4,3.3,2026-05-17T13:02:05.538923+00:00,free_delayed_fixture_odds_proxy
fd_SP1_2026-05-17_Levante_Mallorca,2026-05-17,18:00,Levante,Mallorca,la_liga,football_data_max_market_proxy,delayed_market_proxy,2.2,3.4,3.6,2026-05-17T13:02:05.538923+00:00,free_delayed_fixture_odds_proxy
fd_SP1_2026-05-17_Levante_Mallorca,2026-05-17,18:00,Levante,Mallorca,la_liga,football_data_average_market_proxy,delayed_market_proxy,2.12,3.33,3.27,2026-05-17T13:02:05.538923+00:00,free_delayed_fixture_odds_proxy
fd_SP1_2026-05-17_Osasuna_Espanol,2026-05-17,18:00,Osasuna,Espanol,la_liga,football_data_bet365_proxy,delayed_market_proxy,2.05,3.1,3.8,2026-05-17T13:02:05.538923+00:00,free_delayed_fixture_odds_proxy
fd_SP1_2026-05-17_Osasuna_Espanol,2026-05-17,18:00,Osasuna,Espanol,la_liga,football_data_max_market_proxy,delayed_market_proxy,2.1,3.25,4.0,2026-05-17T13:02:05.538923+00:00,free_delayed_fixture_odds_proxy
fd_SP1_2026-05-17_Osasuna_Espanol,2026-05-17,18:00,Osasuna,Espanol,la_liga,football_data_average_market_proxy,delayed_market_proxy,2.05,3.11,3.7,2026-05-17T13:02:05.538923+00:00,free_delayed_fixture_odds_proxy
fd_SP1_2026-05-17_Oviedo_Alaves,2026-05-17,18:00,Oviedo,Alaves,la_liga,football_data_bet365_proxy,delayed_market_proxy,3.7,3.6,1.9,2026-05-17T13:02:05.538923+00:00,free_delayed_fixture_odds_proxy
fd_SP1_2026-05-17_Oviedo_Alaves,2026-05-17,18:00,Oviedo,Alaves,la_liga,football_data_max_market_proxy,delayed_market_proxy,3.8,3.75,1.95,2026-05-17T13:02:05.538923+00:00,free_delayed_fixture_odds_proxy
fd_SP1_2026-05-17_Oviedo_Alaves,2026-05-17,18:00,Oviedo,Alaves,la_liga,football_data_average_market_proxy,delayed_market_proxy,3.69,3.56,1.9,2026-05-17T13:02:05.538923+00:00,free_delayed_fixture_odds_proxy
fd_SP1_2026-05-17_Sevilla_Real_Madrid,2026-05-17,18:00,Sevilla,Real Madrid,la_liga,football_data_bet365_proxy,delayed_market_proxy,3.0,3.5,2.15,2026-05-17T13:02:05.538923+00:00,free_delayed_fixture_odds_proxy
fd_SP1_2026-05-17_Sevilla_Real_Madrid,2026-05-17,18:00,Sevilla,Real Madrid,la_liga,football_data_max_market_proxy,delayed_market_proxy,3.1,4.0,2.25,2026-05-17T13:02:05.538923+00:00,free_delayed_fixture_odds_proxy
fd_SP1_2026-05-17_Sevilla_Real_Madrid,2026-05-17,18:00,Sevilla,Real Madrid,la_liga,football_data_average_market_proxy,delayed_market_proxy,3.03,3.5,2.16,2026-05-17T13:02:05.538923+00:00,free_delayed_fixture_odds_proxy
fd_SP1_2026-05-17_Sociedad_Valencia,2026-05-17,18:00,Sociedad,Valencia,la_liga,football_data_bet365_proxy,delayed_market_proxy,2.15,3.4,3.2,2026-05-17T13:02:05.538923+00:00,free_delayed_fixture_odds_proxy
fd_SP1_2026-05-17_Sociedad_Valencia,2026-05-17,18:00,Sociedad,Valencia,la_liga,football_data_max_market_proxy,delayed_market_proxy,2.2,3.5,3.4,2026-05-17T13:02:05.538923+00:00,free_delayed_fixture_odds_proxy
fd_SP1_2026-05-17_Sociedad_Valencia,2026-05-17,18:00,Sociedad,Valencia,la_liga,football_data_average_market_proxy,delayed_market_proxy,2.13,3.37,3.21,2026-05-17T13:02:05.538923+00:00,free_delayed_fixture_odds_proxy
fd_SP1_2026-05-17_Vallecano_Villarreal,2026-05-17,18:00,Vallecano,Villarreal,la_liga,football_data_bet365_proxy,delayed_market_proxy,2.35,3.5,2.63,2026-05-17T13:02:05.538923+00:00,free_delayed_fixture_odds_proxy
fd_SP1_2026-05-17_Vallecano_Villarreal,2026-05-17,18:00,Vallecano,Villarreal,la_liga,football_data_max_market_proxy,delayed_market_proxy,2.45,3.8,2.75,2026-05-17T13:02:05.538923+00:00,free_delayed_fixture_odds_proxy
fd_SP1_2026-05-17_Vallecano_Villarreal,2026-05-17,18:00,Vallecano,Villarreal,la_liga,football_data_average_market_proxy,delayed_market_proxy,2.38,3.48,2.69,2026-05-17T13:02:05.538923+00:00,free_delayed_fixture_odds_proxy
fd_SP1_2026-05-17_Barcelona_Betis,2026-05-17,20:15,Barcelona,Betis,la_liga,football_data_bet365_proxy,delayed_market_proxy,1.33,6.0,7.5,2026-05-17T13:02:05.538923+00:00,free_delayed_fixture_odds_proxy
fd_SP1_2026-05-17_Barcelona_Betis,2026-05-17,20:15,Barcelona,Betis,la_liga,football_data_max_market_proxy,delayed_market_proxy,1.4,6.0,8.0,2026-05-17T13:02:05.538923+00:00,free_delayed_fixture_odds_proxy
fd_SP1_2026-05-17_Barcelona_Betis,2026-05-17,20:15,Barcelona,Betis,la_liga,football_data_average_market_proxy,delayed_market_proxy,1.33,5.5,7.08,2026-05-17T13:02:05.538923+00:00,free_delayed_fixture_odds_proxy
fd_SP2_2026-05-17_La_Coruna_Andorra,2026-05-17,13:00,La Coruna,Andorra,SP2,football_data_bet365_proxy,delayed_market_proxy,1.62,4.33,4.33,2026-05-17T13:02:05.538923+00:00,free_delayed_fixture_odds_proxy
fd_SP2_2026-05-17_La_Coruna_Andorra,2026-05-17,13:00,La Coruna,Andorra,SP2,football_data_max_market_proxy,delayed_market_proxy,1.62,4.33,5.8,2026-05-17T13:02:05.538923+00:00,free_delayed_fixture_odds_proxy
fd_SP2_2026-05-17_La_Coruna_Andorra,2026-05-17,13:00,La Coruna,Andorra,SP2,football_data_average_market_proxy,delayed_market_proxy,1.56,3.94,5.01,2026-05-17T13:02:05.538923+00:00,free_delayed_fixture_odds_proxy
fd_SP2_2026-05-17_Zaragoza_Sp_Gijon,2026-05-17,20:15,Zaragoza,Sp Gijon,SP2,football_data_bet365_proxy,delayed_market_proxy,1.81,3.7,4.0,2026-05-17T13:02:05.538923+00:00,free_delayed_fixture_odds_proxy
fd_SP2_2026-05-17_Zaragoza_Sp_Gijon,2026-05-17,20:15,Zaragoza,Sp Gijon,SP2,football_data_max_market_proxy,delayed_market_proxy,1.86,3.8,4.1,2026-05-17T13:02:05.538923+00:00,free_delayed_fixture_odds_proxy
fd_SP2_2026-05-17_Zaragoza_Sp_Gijon,2026-05-17,20:15,Zaragoza,Sp Gijon,SP2,football_data_average_market_proxy,delayed_market_proxy,1.82,3.49,3.83,2026-05-17T13:02:05.538923+00:00,free_delayed_fixture_odds_proxy
fd_SP2_2026-05-18_Leganes_Huesca,2026-05-18,19:30,Leganes,Huesca,SP2,football_data_bet365_proxy,delayed_market_proxy,2.01,3.5,3.5,2026-05-17T13:02:05.538923+00:00,free_delayed_fixture_odds_proxy
fd_SP2_2026-05-18_Leganes_Huesca,2026-05-18,19:30,Leganes,Huesca,SP2,football_data_max_market_proxy,delayed_market_proxy,2.05,3.5,4.0,2026-05-17T13:02:05.538923+00:00,free_delayed_fixture_odds_proxy
fd_SP2_2026-05-18_Leganes_Huesca,2026-05-18,19:30,Leganes,Huesca,SP2,football_data_average_market_proxy,delayed_market_proxy,1.95,3.29,3.57,2026-05-17T13:02:05.538923+00:00,free_delayed_fixture_odds_proxy
fd_T1_2026-05-17_Kayserispor_Konyaspor,2026-05-17,15:00,Kayserispor,Konyaspor,T1,football_data_bet365_proxy,delayed_market_proxy,1.86,3.8,3.6,2026-05-17T13:02:05.538923+00:00,free_delayed_fixture_odds_proxy
fd_T1_2026-05-17_Kayserispor_Konyaspor,2026-05-17,15:00,Kayserispor,Konyaspor,T1,football_data_max_market_proxy,delayed_market_proxy,1.91,4.0,3.7,2026-05-17T13:02:05.538923+00:00,free_delayed_fixture_odds_proxy
fd_T1_2026-05-17_Kayserispor_Konyaspor,2026-05-17,15:00,Kayserispor,Konyaspor,T1,football_data_average_market_proxy,delayed_market_proxy,1.87,3.68,3.53,2026-05-17T13:02:05.538923+00:00,free_delayed_fixture_odds_proxy
fd_T1_2026-05-17_Antalyaspor_Kocaelispor,2026-05-17,18:00,Antalyaspor,Kocaelispor,T1,football_data_bet365_proxy,delayed_market_proxy,1.49,4.2,5.75,2026-05-17T13:02:05.538923+00:00,free_delayed_fixture_odds_proxy
fd_T1_2026-05-17_Antalyaspor_Kocaelispor,2026-05-17,18:00,Antalyaspor,Kocaelispor,T1,football_data_max_market_proxy,delayed_market_proxy,1.57,4.2,6.5,2026-05-17T13:02:05.538923+00:00,free_delayed_fixture_odds_proxy
fd_T1_2026-05-17_Antalyaspor_Kocaelispor,2026-05-17,18:00,Antalyaspor,Kocaelispor,T1,football_data_average_market_proxy,delayed_market_proxy,1.5,3.97,5.88,2026-05-17T13:02:05.538923+00:00,free_delayed_fixture_odds_proxy
fd_T1_2026-05-17_Fenerbahce_Eyupspor,2026-05-17,18:00,Fenerbahce,Eyupspor,T1,football_data_bet365_proxy,delayed_market_proxy,1.22,6.25,9.0,2026-05-17T13:02:05.538923+00:00,free_delayed_fixture_odds_proxy
fd_T1_2026-05-17_Fenerbahce_Eyupspor,2026-05-17,18:00,Fenerbahce,Eyupspor,T1,football_data_max_market_proxy,delayed_market_proxy,1.28,6.5,11.0,2026-05-17T13:02:05.538923+00:00,free_delayed_fixture_odds_proxy
fd_T1_2026-05-17_Fenerbahce_Eyupspor,2026-05-17,18:00,Fenerbahce,Eyupspor,T1,football_data_average_market_proxy,delayed_market_proxy,1.23,5.9,9.53,2026-05-17T13:02:05.538923+00:00,free_delayed_fixture_odds_proxy
fd_T1_2026-05-17_Kasimpasa_Galatasaray,2026-05-17,18:00,Kasimpasa,Galatasaray,T1,football_data_bet365_proxy,delayed_market_proxy,3.75,3.5,1.91,2026-05-17T13:02:05.538923+00:00,free_delayed_fixture_odds_proxy
fd_T1_2026-05-17_Kasimpasa_Galatasaray,2026-05-17,18:00,Kasimpasa,Galatasaray,T1,football_data_max_market_proxy,delayed_market_proxy,4.1,3.7,1.95,2026-05-17T13:02:05.538923+00:00,free_delayed_fixture_odds_proxy
fd_T1_2026-05-17_Kasimpasa_Galatasaray,2026-05-17,18:00,Kasimpasa,Galatasaray,T1,football_data_average_market_proxy,delayed_market_proxy,3.67,3.52,1.88,2026-05-17T13:02:05.538923+00:00,free_delayed_fixture_odds_proxy
fd_T1_2026-05-17_Trabzonspor_Genclerbirligi,2026-05-17,18:00,Trabzonspor,Genclerbirligi,T1,football_data_bet365_proxy,delayed_market_proxy,3.25,3.5,2.1,2026-05-17T13:02:05.538923+00:00,free_delayed_fixture_odds_proxy
fd_T1_2026-05-17_Trabzonspor_Genclerbirligi,2026-05-17,18:00,Trabzonspor,Genclerbirligi,T1,football_data_max_market_proxy,delayed_market_proxy,3.25,3.75,2.45,2026-05-17T13:02:05.538923+00:00,free_delayed_fixture_odds_proxy
fd_T1_2026-05-17_Trabzonspor_Genclerbirligi,2026-05-17,18:00,Trabzonspor,Genclerbirligi,T1,football_data_average_market_proxy,delayed_market_proxy,2.96,3.55,2.15,2026-05-17T13:02:05.538923+00:00,free_delayed_fixture_odds_proxy
