snapshot_id,prediction_id,fixture_id,match_date,match_time,home_team,away_team,league,sample_phase,model_source,model_coverage,source_name,source_type,source_quality,selection,market_odds,fair_odds,probability,market_implied_probability,probability_edge,ev,match_confidence
9837dcff3b8349454f97,83f8423642e431ea50ab,odds_api_io_71423472,2026-05-21,07:00,Khangarid,Central Stallions FC,mongolia-premier-league,automatic_forward_price_proxy,baseline_league_average_forward_fixture,baseline_unmatched_fixture,odds_api_io_Bet365_ML,free_api_market_proxy,free_api_market_proxy_capped_multi_event_call,home,3.25,2.65,0.3772,0.307692,0.069508,0.2259,1.0
ed1a23d236878e1a52b0,83f8423642e431ea50ab,odds_api_io_71423472,2026-05-21,07:00,Khangarid,Central Stallions FC,mongolia-premier-league,automatic_forward_price_proxy,baseline_league_average_forward_fixture,baseline_unmatched_fixture,odds_api_io_Bet365_ML,free_api_market_proxy,free_api_market_proxy_capped_multi_event_call,draw,4.0,3.65,0.274,0.25,0.024,0.096,1.0
c34db8a1ca5228cd2bed,83f8423642e431ea50ab,odds_api_io_71423472,2026-05-21,07:00,Khangarid,Central Stallions FC,mongolia-premier-league,automatic_forward_price_proxy,baseline_league_average_forward_fixture,baseline_unmatched_fixture,odds_api_io_Bet365_ML,free_api_market_proxy,free_api_market_proxy_capped_multi_event_call,away,1.8,2.87,0.3488,0.555556,-0.206756,-0.37216,1.0
4769a3cb3a6e09ff3178,5763fec1b06f6206ba91,odds_api_io_70926698,2026-05-21,12:00,Adama City FC,Welwalo Adigrat,ethiopia-premier-league,automatic_forward_price_proxy,baseline_league_average_forward_fixture,baseline_unmatched_fixture,odds_api_io_Bet365_ML,free_api_market_proxy,free_api_market_proxy_capped_multi_event_call,home,2.7,2.65,0.3772,0.37037,0.00683,0.01844,1.0
75cc7b545a42cf8dc104,5763fec1b06f6206ba91,odds_api_io_70926698,2026-05-21,12:00,Adama City FC,Welwalo Adigrat,ethiopia-premier-league,automatic_forward_price_proxy,baseline_league_average_forward_fixture,baseline_unmatched_fixture,odds_api_io_Bet365_ML,free_api_market_proxy,free_api_market_proxy_capped_multi_event_call,draw,2.75,3.65,0.274,0.363636,-0.089636,-0.2465,1.0
c043b8976f136e66948e,5763fec1b06f6206ba91,odds_api_io_70926698,2026-05-21,12:00,Adama City FC,Welwalo Adigrat,ethiopia-premier-league,automatic_forward_price_proxy,baseline_league_average_forward_fixture,baseline_unmatched_fixture,odds_api_io_Bet365_ML,free_api_market_proxy,free_api_market_proxy_capped_multi_event_call,away,2.625,2.87,0.3488,0.380952,-0.032152,-0.0844,1.0
b3c6908e0a5d90464b3b,2f5dbeddbf31407471dd,odds_api_io_70926696,2026-05-21,12:00,Arba Minch Ketema,Sidama Bunna SC,ethiopia-premier-league,automatic_forward_price_proxy,baseline_league_average_forward_fixture,baseline_unmatched_fixture,odds_api_io_Bet365_ML,free_api_market_proxy,free_api_market_proxy_capped_multi_event_call,home,4.5,2.65,0.3772,0.222222,0.154978,0.6974,1.0
fec782f72dece8a4b656,2f5dbeddbf31407471dd,odds_api_io_70926696,2026-05-21,12:00,Arba Minch Ketema,Sidama Bunna SC,ethiopia-premier-league,automatic_forward_price_proxy,baseline_league_average_forward_fixture,baseline_unmatched_fixture,odds_api_io_Bet365_ML,free_api_market_proxy,free_api_market_proxy_capped_multi_event_call,draw,3.0,3.65,0.274,0.333333,-0.059333,-0.178,1.0
906058e67ad9860b0755,2f5dbeddbf31407471dd,odds_api_io_70926696,2026-05-21,12:00,Arba Minch Ketema,Sidama Bunna SC,ethiopia-premier-league,automatic_forward_price_proxy,baseline_league_average_forward_fixture,baseline_unmatched_fixture,odds_api_io_Bet365_ML,free_api_market_proxy,free_api_market_proxy_capped_multi_event_call,away,1.75,2.87,0.3488,0.571429,-0.222629,-0.3896,1.0
0f33476ff3ba2b28f9ac,fa96105afc60af805c33,odds_api_io_61651686,2026-05-21,12:30,FC Shakhtar Donetsk,Kolos Kovalivka,ukraine-premier-league,automatic_forward_price_proxy,baseline_league_average_forward_fixture,baseline_unmatched_fixture,odds_api_io_Bet365_ML,free_api_market_proxy,free_api_market_proxy_capped_multi_event_call,home,1.285,2.65,0.3772,0.77821,-0.40101,-0.515298,1.0
5b0d2d7eb4e1b99c13c8,fa96105afc60af805c33,odds_api_io_61651686,2026-05-21,12:30,FC Shakhtar Donetsk,Kolos Kovalivka,ukraine-premier-league,automatic_forward_price_proxy,baseline_league_average_forward_fixture,baseline_unmatched_fixture,odds_api_io_Bet365_ML,free_api_market_proxy,free_api_market_proxy_capped_multi_event_call,draw,4.333,3.65,0.274,0.230787,0.043213,0.187242,1.0
3a7edc90405bdeff8445,fa96105afc60af805c33,odds_api_io_61651686,2026-05-21,12:30,FC Shakhtar Donetsk,Kolos Kovalivka,ukraine-premier-league,automatic_forward_price_proxy,baseline_league_average_forward_fixture,baseline_unmatched_fixture,odds_api_io_Bet365_ML,free_api_market_proxy,free_api_market_proxy_capped_multi_event_call,away,9.5,2.87,0.3488,0.105263,0.243537,2.3136,1.0
d23a4360096faea77f79,cada5a82e5d0d5cf3ff8,odds_api_io_63637933,2026-05-21,13:00,Cabrayil,Simal,azerbaijan-first-division,automatic_forward_price_proxy,baseline_league_average_forward_fixture,baseline_unmatched_fixture,odds_api_io_Bet365_ML,free_api_market_proxy,free_api_market_proxy_capped_multi_event_call,home,2.75,2.65,0.3772,0.363636,0.013564,0.0373,1.0
8f5258a3bf71b4028d43,cada5a82e5d0d5cf3ff8,odds_api_io_63637933,2026-05-21,13:00,Cabrayil,Simal,azerbaijan-first-division,automatic_forward_price_proxy,baseline_league_average_forward_fixture,baseline_unmatched_fixture,odds_api_io_Bet365_ML,free_api_market_proxy,free_api_market_proxy_capped_multi_event_call,draw,3.7,3.65,0.274,0.27027,0.00373,0.0138,1.0
57c3a6afd0ad6c8e1ec1,cada5a82e5d0d5cf3ff8,odds_api_io_63637933,2026-05-21,13:00,Cabrayil,Simal,azerbaijan-first-division,automatic_forward_price_proxy,baseline_league_average_forward_fixture,baseline_unmatched_fixture,odds_api_io_Bet365_ML,free_api_market_proxy,free_api_market_proxy_capped_multi_event_call,away,2.05,2.87,0.3488,0.487805,-0.139005,-0.28496,1.0
a08221286a58d83dadfc,f62c847024e96ec899be,odds_api_io_70945952,2026-05-21,13:00,FC Fard Alborz,FC Pars Jonoubi Jam,iran-azadegan-league,automatic_forward_price_proxy,baseline_league_average_forward_fixture,baseline_unmatched_fixture,odds_api_io_Bet365_ML,free_api_market_proxy,free_api_market_proxy_capped_multi_event_call,home,2.4,2.65,0.3772,0.416667,-0.039467,-0.09472,1.0
4ec3d8b8b9e9b2cfacd3,f62c847024e96ec899be,odds_api_io_70945952,2026-05-21,13:00,FC Fard Alborz,FC Pars Jonoubi Jam,iran-azadegan-league,automatic_forward_price_proxy,baseline_league_average_forward_fixture,baseline_unmatched_fixture,odds_api_io_Bet365_ML,free_api_market_proxy,free_api_market_proxy_capped_multi_event_call,draw,2.6,3.65,0.274,0.384615,-0.110615,-0.2876,1.0
74f0ab0bfd997ba36d8b,f62c847024e96ec899be,odds_api_io_70945952,2026-05-21,13:00,FC Fard Alborz,FC Pars Jonoubi Jam,iran-azadegan-league,automatic_forward_price_proxy,baseline_league_average_forward_fixture,baseline_unmatched_fixture,odds_api_io_Bet365_ML,free_api_market_proxy,free_api_market_proxy_capped_multi_event_call,away,3.2,2.87,0.3488,0.3125,0.0363,0.11616,1.0
ccf0d03573a7fdf64bb0,7b13665d99b8e64d7af1,odds_api_io_70479398,2026-05-21,13:00,Jkt Tanzania,Fountain Gate FC,tanzania-premier-league,automatic_forward_price_proxy,baseline_league_average_forward_fixture,baseline_unmatched_fixture,odds_api_io_Bet365_ML,free_api_market_proxy,free_api_market_proxy_capped_multi_event_call,home,1.666,2.65,0.3772,0.60024,-0.22304,-0.371585,1.0
a1bc203a0575a3632bbd,7b13665d99b8e64d7af1,odds_api_io_70479398,2026-05-21,13:00,Jkt Tanzania,Fountain Gate FC,tanzania-premier-league,automatic_forward_price_proxy,baseline_league_average_forward_fixture,baseline_unmatched_fixture,odds_api_io_Bet365_ML,free_api_market_proxy,free_api_market_proxy_capped_multi_event_call,draw,3.2,3.65,0.274,0.3125,-0.0385,-0.1232,1.0
ea3accc04c1cf1b9ecd2,7b13665d99b8e64d7af1,odds_api_io_70479398,2026-05-21,13:00,Jkt Tanzania,Fountain Gate FC,tanzania-premier-league,automatic_forward_price_proxy,baseline_league_average_forward_fixture,baseline_unmatched_fixture,odds_api_io_Bet365_ML,free_api_market_proxy,free_api_market_proxy_capped_multi_event_call,away,5.0,2.87,0.3488,0.2,0.1488,0.744,1.0
e423a0e2eadc97e92eab,5b81a9210d66b13bef8d,odds_api_io_63637931,2026-05-21,13:00,Moik Baku,Difai Agsu,azerbaijan-first-division,automatic_forward_price_proxy,baseline_league_average_forward_fixture,baseline_unmatched_fixture,odds_api_io_Bet365_ML,free_api_market_proxy,free_api_market_proxy_capped_multi_event_call,home,1.909,2.65,0.3772,0.523834,-0.146634,-0.279925,1.0
02a50e0b74290058d3aa,5b81a9210d66b13bef8d,odds_api_io_63637931,2026-05-21,13:00,Moik Baku,Difai Agsu,azerbaijan-first-division,automatic_forward_price_proxy,baseline_league_average_forward_fixture,baseline_unmatched_fixture,odds_api_io_Bet365_ML,free_api_market_proxy,free_api_market_proxy_capped_multi_event_call,draw,3.4,3.65,0.274,0.294118,-0.020118,-0.0684,1.0
0d9476198f91beb392ec,5b81a9210d66b13bef8d,odds_api_io_63637931,2026-05-21,13:00,Moik Baku,Difai Agsu,azerbaijan-first-division,automatic_forward_price_proxy,baseline_league_average_forward_fixture,baseline_unmatched_fixture,odds_api_io_Bet365_ML,free_api_market_proxy,free_api_market_proxy_capped_multi_event_call,away,3.4,2.87,0.3488,0.294118,0.054682,0.18592,1.0
0d44ebbd1701882c8f92,45fcc798aa385d17f8a9,odds_api_io_71426280,2026-05-21,13:00,Resistencia SC,Club General Caballero JLM,paraguay-segunda-division,automatic_forward_price_proxy,baseline_league_average_forward_fixture,baseline_unmatched_fixture,odds_api_io_Bet365_ML,free_api_market_proxy,free_api_market_proxy_extra_multi_event_call,home,2.625,2.65,0.3772,0.380952,-0.003752,-0.00985,1.0
5b2f15b9b4a2db6dd19d,45fcc798aa385d17f8a9,odds_api_io_71426280,2026-05-21,13:00,Resistencia SC,Club General Caballero JLM,paraguay-segunda-division,automatic_forward_price_proxy,baseline_league_average_forward_fixture,baseline_unmatched_fixture,odds_api_io_Bet365_ML,free_api_market_proxy,free_api_market_proxy_extra_multi_event_call,draw,3.2,3.65,0.274,0.3125,-0.0385,-0.1232,1.0
fbe07f2cfb287737db8d,45fcc798aa385d17f8a9,odds_api_io_71426280,2026-05-21,13:00,Resistencia SC,Club General Caballero JLM,paraguay-segunda-division,automatic_forward_price_proxy,baseline_league_average_forward_fixture,baseline_unmatched_fixture,odds_api_io_Bet365_ML,free_api_market_proxy,free_api_market_proxy_extra_multi_event_call,away,2.35,2.87,0.3488,0.425532,-0.076732,-0.18032,1.0
64e8959528b6be00eaf4,a1474961126b4b19a963,odds_api_io_70946042,2026-05-21,13:15,Mes Shahr-e Babak,Shahrdari Nowshahr,iran-azadegan-league,automatic_forward_price_proxy,baseline_league_average_forward_fixture,baseline_unmatched_fixture,odds_api_io_Bet365_ML,free_api_market_proxy,free_api_market_proxy_extra_multi_event_call,home,1.6,2.65,0.3772,0.625,-0.2478,-0.39648,1.0
da858eebc49b614fdc8f,a1474961126b4b19a963,odds_api_io_70946042,2026-05-21,13:15,Mes Shahr-e Babak,Shahrdari Nowshahr,iran-azadegan-league,automatic_forward_price_proxy,baseline_league_average_forward_fixture,baseline_unmatched_fixture,odds_api_io_Bet365_ML,free_api_market_proxy,free_api_market_proxy_extra_multi_event_call,draw,3.0,3.65,0.274,0.333333,-0.059333,-0.178,1.0
cb6e69c70e36ce8a2a5f,a1474961126b4b19a963,odds_api_io_70946042,2026-05-21,13:15,Mes Shahr-e Babak,Shahrdari Nowshahr,iran-azadegan-league,automatic_forward_price_proxy,baseline_league_average_forward_fixture,baseline_unmatched_fixture,odds_api_io_Bet365_ML,free_api_market_proxy,free_api_market_proxy_extra_multi_event_call,away,6.25,2.87,0.3488,0.16,0.1888,1.18,1.0
cd5673fb7a9a49731664,0559988a0aab90ffc8e7,odds_api_io_70946044,2026-05-21,13:15,Nassaji Mazandaran FC,Navad Urmia FC,iran-azadegan-league,automatic_forward_price_proxy,baseline_league_average_forward_fixture,baseline_unmatched_fixture,odds_api_io_Bet365_ML,free_api_market_proxy,free_api_market_proxy_extra_multi_event_call,home,1.38,2.65,0.3772,0.724638,-0.347438,-0.479464,1.0
686da5a1835baf03e1d0,0559988a0aab90ffc8e7,odds_api_io_70946044,2026-05-21,13:15,Nassaji Mazandaran FC,Navad Urmia FC,iran-azadegan-league,automatic_forward_price_proxy,baseline_league_average_forward_fixture,baseline_unmatched_fixture,odds_api_io_Bet365_ML,free_api_market_proxy,free_api_market_proxy_extra_multi_event_call,draw,3.7,3.65,0.274,0.27027,0.00373,0.0138,1.0
164e39d838e3f9e2b057,0559988a0aab90ffc8e7,odds_api_io_70946044,2026-05-21,13:15,Nassaji Mazandaran FC,Navad Urmia FC,iran-azadegan-league,automatic_forward_price_proxy,baseline_league_average_forward_fixture,baseline_unmatched_fixture,odds_api_io_Bet365_ML,free_api_market_proxy,free_api_market_proxy_extra_multi_event_call,away,8.5,2.87,0.3488,0.117647,0.231153,1.9648,1.0
e8c7e6439a2326461de1,dcd35d938ce4802c41a8,odds_api_io_68746498,2026-05-21,14:00,Inter Kashi FC,SC East Bengal,india-indian-super-league,automatic_forward_price_proxy,baseline_league_average_forward_fixture,baseline_unmatched_fixture,odds_api_io_Bet365_ML,free_api_market_proxy,free_api_market_proxy_extra_multi_event_call,home,8.0,2.65,0.3772,0.125,0.2522,2.0176,1.0
7d70a8ef424a3931ecdd,dcd35d938ce4802c41a8,odds_api_io_68746498,2026-05-21,14:00,Inter Kashi FC,SC East Bengal,india-indian-super-league,automatic_forward_price_proxy,baseline_league_average_forward_fixture,baseline_unmatched_fixture,odds_api_io_Bet365_ML,free_api_market_proxy,free_api_market_proxy_extra_multi_event_call,draw,4.333,3.65,0.274,0.230787,0.043213,0.187242,1.0
de79be414a005257b665,dcd35d938ce4802c41a8,odds_api_io_68746498,2026-05-21,14:00,Inter Kashi FC,SC East Bengal,india-indian-super-league,automatic_forward_price_proxy,baseline_league_average_forward_fixture,baseline_unmatched_fixture,odds_api_io_Bet365_ML,free_api_market_proxy,free_api_market_proxy_extra_multi_event_call,away,1.333,2.87,0.3488,0.750188,-0.401388,-0.53505,1.0
b2a7d8c73ba20dc014a1,aaaa86f53ca132aa9dfb,odds_api_io_71489164,2026-05-21,14:00,Jamshedpur FC,Odisha FC,india-indian-super-league,automatic_forward_price_proxy,baseline_league_average_forward_fixture,baseline_unmatched_fixture,odds_api_io_Bet365_ML,free_api_market_proxy,free_api_market_proxy_extra_multi_event_call,home,1.333,2.65,0.3772,0.750188,-0.372988,-0.497192,1.0
8dd07ba807e83a0de8ad,aaaa86f53ca132aa9dfb,odds_api_io_71489164,2026-05-21,14:00,Jamshedpur FC,Odisha FC,india-indian-super-league,automatic_forward_price_proxy,baseline_league_average_forward_fixture,baseline_unmatched_fixture,odds_api_io_Bet365_ML,free_api_market_proxy,free_api_market_proxy_extra_multi_event_call,draw,4.75,3.65,0.274,0.210526,0.063474,0.3015,1.0
65c0296419e13f89ecf7,aaaa86f53ca132aa9dfb,odds_api_io_71489164,2026-05-21,14:00,Jamshedpur FC,Odisha FC,india-indian-super-league,automatic_forward_price_proxy,baseline_league_average_forward_fixture,baseline_unmatched_fixture,odds_api_io_Bet365_ML,free_api_market_proxy,free_api_market_proxy_extra_multi_event_call,away,7.5,2.87,0.3488,0.133333,0.215467,1.616,1.0
f73c7d5717570afc5119,ff82b021607b4cafea1b,odds_api_io_68746506,2026-05-21,14:00,Mohun Bagan Super Giant,Sporting Club Delhi,india-indian-super-league,automatic_forward_price_proxy,baseline_league_average_forward_fixture,baseline_unmatched_fixture,odds_api_io_Bet365_ML,free_api_market_proxy,free_api_market_proxy_extra_multi_event_call,home,1.181,2.65,0.3772,0.84674,-0.46954,-0.554527,1.0
23efaf40455de8716df0,ff82b021607b4cafea1b,odds_api_io_68746506,2026-05-21,14:00,Mohun Bagan Super Giant,Sporting Club Delhi,india-indian-super-league,automatic_forward_price_proxy,baseline_league_average_forward_fixture,baseline_unmatched_fixture,odds_api_io_Bet365_ML,free_api_market_proxy,free_api_market_proxy_extra_multi_event_call,draw,5.5,3.65,0.274,0.181818,0.092182,0.507,1.0
68719c5e55b62d347029,ff82b021607b4cafea1b,odds_api_io_68746506,2026-05-21,14:00,Mohun Bagan Super Giant,Sporting Club Delhi,india-indian-super-league,automatic_forward_price_proxy,baseline_league_average_forward_fixture,baseline_unmatched_fixture,odds_api_io_Bet365_ML,free_api_market_proxy,free_api_market_proxy_extra_multi_event_call,away,13.0,2.87,0.3488,0.076923,0.271877,3.5344,1.0
844f06eedb80d66c489f,4c2ed94bf10a7e4af386,odds_api_io_68746504,2026-05-21,14:00,Punjab FC,Mumbai City,india-indian-super-league,automatic_forward_price_proxy,baseline_league_average_forward_fixture,baseline_unmatched_fixture,odds_api_io_Bet365_ML,free_api_market_proxy,free_api_market_proxy_extra_multi_event_call,home,2.05,2.65,0.3772,0.487805,-0.110605,-0.22674,1.0
3c1a92add045bec38907,4c2ed94bf10a7e4af386,odds_api_io_68746504,2026-05-21,14:00,Punjab FC,Mumbai City,india-indian-super-league,automatic_forward_price_proxy,baseline_league_average_forward_fixture,baseline_unmatched_fixture,odds_api_io_Bet365_ML,free_api_market_proxy,free_api_market_proxy_extra_multi_event_call,draw,3.2,3.65,0.274,0.3125,-0.0385,-0.1232,1.0
a899eb37e49e6b15749f,4c2ed94bf10a7e4af386,odds_api_io_68746504,2026-05-21,14:00,Punjab FC,Mumbai City,india-indian-super-league,automatic_forward_price_proxy,baseline_league_average_forward_fixture,baseline_unmatched_fixture,odds_api_io_Bet365_ML,free_api_market_proxy,free_api_market_proxy_extra_multi_event_call,away,3.4,2.87,0.3488,0.294118,0.054682,0.18592,1.0
3f85cede8bd3c46d3a50,760304c4db2dd7ad3866,odds_api_io_67845766,2026-05-21,14:00,VIFK,Aaland United,finland-kansallinen-liiga-women,automatic_forward_price_proxy,baseline_league_average_forward_fixture,baseline_unmatched_fixture,odds_api_io_Bet365_ML,free_api_market_proxy,free_api_market_proxy_extra_multi_event_call,home,15.0,2.65,0.3772,0.066667,0.310533,4.658,1.0
e9e974e302c09c936bdf,760304c4db2dd7ad3866,odds_api_io_67845766,2026-05-21,14:00,VIFK,Aaland United,finland-kansallinen-liiga-women,automatic_forward_price_proxy,baseline_league_average_forward_fixture,baseline_unmatched_fixture,odds_api_io_Bet365_ML,free_api_market_proxy,free_api_market_proxy_extra_multi_event_call,draw,8.5,3.65,0.274,0.117647,0.156353,1.329,1.0
d4ca4f2e3fcecee18cda,760304c4db2dd7ad3866,odds_api_io_67845766,2026-05-21,14:00,VIFK,Aaland United,finland-kansallinen-liiga-women,automatic_forward_price_proxy,baseline_league_average_forward_fixture,baseline_unmatched_fixture,odds_api_io_Bet365_ML,free_api_market_proxy,free_api_market_proxy_extra_multi_event_call,away,1.111,2.87,0.3488,0.90009,-0.55129,-0.612483,1.0
4229f8b573163fb2205a,b78c038195d9d8950ab4,odds_api_io_71039182,2026-05-21,14:30,A Sakiet Edayer,JS Omrane,tunisia-tunisian-cup,automatic_forward_price_proxy,baseline_league_average_forward_fixture,baseline_unmatched_fixture,odds_api_io_Bet365_ML,free_api_market_proxy,free_api_market_proxy_extra_multi_event_call,home,3.5,2.65,0.3772,0.285714,0.091486,0.3202,1.0
5e648a25a1893c6e31c5,b78c038195d9d8950ab4,odds_api_io_71039182,2026-05-21,14:30,A Sakiet Edayer,JS Omrane,tunisia-tunisian-cup,automatic_forward_price_proxy,baseline_league_average_forward_fixture,baseline_unmatched_fixture,odds_api_io_Bet365_ML,free_api_market_proxy,free_api_market_proxy_extra_multi_event_call,draw,3.0,3.65,0.274,0.333333,-0.059333,-0.178,1.0
6784dac81558a34043c1,b78c038195d9d8950ab4,odds_api_io_71039182,2026-05-21,14:30,A Sakiet Edayer,JS Omrane,tunisia-tunisian-cup,automatic_forward_price_proxy,baseline_league_average_forward_fixture,baseline_unmatched_fixture,odds_api_io_Bet365_ML,free_api_market_proxy,free_api_market_proxy_extra_multi_event_call,away,2.05,2.87,0.3488,0.487805,-0.139005,-0.28496,1.0
e2c3c4f0e07475a01d7f,b1960f38c6daeb107767,odds_api_io_71589706,2026-05-21,14:30,FC Talant,FC Asia Talas,kyrgyzstan-top-league,automatic_forward_price_proxy,baseline_league_average_forward_fixture,baseline_unmatched_fixture,odds_api_io_Bet365_ML,free_api_market_proxy,free_api_market_proxy_extra_multi_event_call,home,2.625,2.65,0.3772,0.380952,-0.003752,-0.00985,1.0
e0cb119cb1d37d2bb9bd,b1960f38c6daeb107767,odds_api_io_71589706,2026-05-21,14:30,FC Talant,FC Asia Talas,kyrgyzstan-top-league,automatic_forward_price_proxy,baseline_league_average_forward_fixture,baseline_unmatched_fixture,odds_api_io_Bet365_ML,free_api_market_proxy,free_api_market_proxy_extra_multi_event_call,draw,3.4,3.65,0.274,0.294118,-0.020118,-0.0684,1.0
cf59ca410cbd6318e61d,b1960f38c6daeb107767,odds_api_io_71589706,2026-05-21,14:30,FC Talant,FC Asia Talas,kyrgyzstan-top-league,automatic_forward_price_proxy,baseline_league_average_forward_fixture,baseline_unmatched_fixture,odds_api_io_Bet365_ML,free_api_market_proxy,free_api_market_proxy_extra_multi_event_call,away,2.25,2.87,0.3488,0.444444,-0.095644,-0.2152,1.0
f72b011e7b4c3aa4365c,2ebfd280c7340f5c2a3a,odds_api_io_70232106,2026-05-21,15:00,Atromitos Athinon,Panserraikos FC,greece-super-league,automatic_forward_price_proxy,baseline_league_average_forward_fixture,baseline_unmatched_fixture,odds_api_io_Bet365_ML,free_api_market_proxy,free_api_market_proxy_extra_multi_event_call,home,1.533,2.65,0.3772,0.652316,-0.275116,-0.421752,1.0
83986c6393e47197b406,2ebfd280c7340f5c2a3a,odds_api_io_70232106,2026-05-21,15:00,Atromitos Athinon,Panserraikos FC,greece-super-league,automatic_forward_price_proxy,baseline_league_average_forward_fixture,baseline_unmatched_fixture,odds_api_io_Bet365_ML,free_api_market_proxy,free_api_market_proxy_extra_multi_event_call,draw,4.0,3.65,0.274,0.25,0.024,0.096,1.0
1707c74d6d86091da421,2ebfd280c7340f5c2a3a,odds_api_io_70232106,2026-05-21,15:00,Atromitos Athinon,Panserraikos FC,greece-super-league,automatic_forward_price_proxy,baseline_league_average_forward_fixture,baseline_unmatched_fixture,odds_api_io_Bet365_ML,free_api_market_proxy,free_api_market_proxy_extra_multi_event_call,away,6.0,2.87,0.3488,0.166667,0.182133,1.0928,1.0
e49d6dbdc85b2b02a1ee,2ebfd280c7340f5c2a3a,odds_api_io_70232106,2026-05-21,15:00,Atromitos Athinon,Panserraikos FC,greece-super-league,automatic_forward_price_proxy,baseline_league_average_forward_fixture,baseline_unmatched_fixture,football_data_max_market_proxy,delayed_market_proxy,free_delayed_fixture_odds_proxy,home,1.67,2.65,0.3772,0.598802,-0.221602,-0.370076,0.96
12bf06bfd5c53ab089f5,2ebfd280c7340f5c2a3a,odds_api_io_70232106,2026-05-21,15:00,Atromitos Athinon,Panserraikos FC,greece-super-league,automatic_forward_price_proxy,baseline_league_average_forward_fixture,baseline_unmatched_fixture,football_data_max_market_proxy,delayed_market_proxy,free_delayed_fixture_odds_proxy,draw,4.0,3.65,0.274,0.25,0.024,0.096,0.96
b37ae8b57c4c235a8f52,2ebfd280c7340f5c2a3a,odds_api_io_70232106,2026-05-21,15:00,Atromitos Athinon,Panserraikos FC,greece-super-league,automatic_forward_price_proxy,baseline_league_average_forward_fixture,baseline_unmatched_fixture,football_data_max_market_proxy,delayed_market_proxy,free_delayed_fixture_odds_proxy,away,6.0,2.87,0.3488,0.166667,0.182133,1.0928,0.96
32ea6ce3587da758fe07,2ebfd280c7340f5c2a3a,odds_api_io_70232106,2026-05-21,15:00,Atromitos Athinon,Panserraikos FC,greece-super-league,automatic_forward_price_proxy,baseline_league_average_forward_fixture,baseline_unmatched_fixture,football_data_average_market_proxy,delayed_market_proxy,free_delayed_fixture_odds_proxy,home,1.57,2.65,0.3772,0.636943,-0.259743,-0.407796,0.96
9ed903573b7aa39a7672,2ebfd280c7340f5c2a3a,odds_api_io_70232106,2026-05-21,15:00,Atromitos Athinon,Panserraikos FC,greece-super-league,automatic_forward_price_proxy,baseline_league_average_forward_fixture,baseline_unmatched_fixture,football_data_average_market_proxy,delayed_market_proxy,free_delayed_fixture_odds_proxy,draw,3.71,3.65,0.274,0.269542,0.004458,0.01654,0.96
5e3f2fe80a8afd756303,2ebfd280c7340f5c2a3a,odds_api_io_70232106,2026-05-21,15:00,Atromitos Athinon,Panserraikos FC,greece-super-league,automatic_forward_price_proxy,baseline_league_average_forward_fixture,baseline_unmatched_fixture,football_data_average_market_proxy,delayed_market_proxy,free_delayed_fixture_odds_proxy,away,5.28,2.87,0.3488,0.189394,0.159406,0.841664,0.96
b50a547c64b671bde4e1,6a7950dca0768e628726,odds_api_io_68492534,2026-05-21,15:00,BFC Daugavpils,Ogre United,latvia-virsliga,automatic_forward_price_proxy,baseline_league_average_forward_fixture,baseline_unmatched_fixture,odds_api_io_Bet365_ML,free_api_market_proxy,free_api_market_proxy_extra_multi_event_call,home,1.4,2.65,0.3772,0.714286,-0.337086,-0.47192,1.0
3508b3816006f24dacab,6a7950dca0768e628726,odds_api_io_68492534,2026-05-21,15:00,BFC Daugavpils,Ogre United,latvia-virsliga,automatic_forward_price_proxy,baseline_league_average_forward_fixture,baseline_unmatched_fixture,odds_api_io_Bet365_ML,free_api_market_proxy,free_api_market_proxy_extra_multi_event_call,draw,4.333,3.65,0.274,0.230787,0.043213,0.187242,1.0
9f6378dfa96fdb1ee595,6a7950dca0768e628726,odds_api_io_68492534,2026-05-21,15:00,BFC Daugavpils,Ogre United,latvia-virsliga,automatic_forward_price_proxy,baseline_league_average_forward_fixture,baseline_unmatched_fixture,odds_api_io_Bet365_ML,free_api_market_proxy,free_api_market_proxy_extra_multi_event_call,away,6.0,2.87,0.3488,0.166667,0.182133,1.0928,1.0
30a54d325de41fd555eb,33e1d9e3ab1a1f9ed172,odds_api_io_70926700,2026-05-21,15:00,Negelle Arsi,Shire Endaselassie FC,ethiopia-premier-league,automatic_forward_price_proxy,baseline_league_average_forward_fixture,baseline_unmatched_fixture,odds_api_io_Bet365_ML,free_api_market_proxy,free_api_market_proxy_extra_multi_event_call,home,1.85,2.65,0.3772,0.540541,-0.163341,-0.30218,1.0
461d085af6e8abe21fa0,33e1d9e3ab1a1f9ed172,odds_api_io_70926700,2026-05-21,15:00,Negelle Arsi,Shire Endaselassie FC,ethiopia-premier-league,automatic_forward_price_proxy,baseline_league_average_forward_fixture,baseline_unmatched_fixture,odds_api_io_Bet365_ML,free_api_market_proxy,free_api_market_proxy_extra_multi_event_call,draw,2.6,3.65,0.274,0.384615,-0.110615,-0.2876,1.0
1a4eba9d9b0e263bd4e4,33e1d9e3ab1a1f9ed172,odds_api_io_70926700,2026-05-21,15:00,Negelle Arsi,Shire Endaselassie FC,ethiopia-premier-league,automatic_forward_price_proxy,baseline_league_average_forward_fixture,baseline_unmatched_fixture,odds_api_io_Bet365_ML,free_api_market_proxy,free_api_market_proxy_extra_multi_event_call,away,5.0,2.87,0.3488,0.2,0.1488,0.744,1.0
7f3837331303b7224782,854a7759e7d51d0de959,odds_api_io_70224452,2026-05-21,15:00,FC Spaeri,FC Dinamo Batumi,georgia-erovnuli-liga,automatic_forward_price_proxy,baseline_league_average_forward_fixture,baseline_unmatched_fixture,odds_api_io_Bet365_ML,free_api_market_proxy,free_api_market_proxy_extra_multi_event_call,home,1.95,2.65,0.3772,0.512821,-0.135621,-0.26446,1.0
10c1373a79981058f3c3,854a7759e7d51d0de959,odds_api_io_70224452,2026-05-21,15:00,FC Spaeri,FC Dinamo Batumi,georgia-erovnuli-liga,automatic_forward_price_proxy,baseline_league_average_forward_fixture,baseline_unmatched_fixture,odds_api_io_Bet365_ML,free_api_market_proxy,free_api_market_proxy_extra_multi_event_call,draw,3.3,3.65,0.274,0.30303,-0.02903,-0.0958,1.0
af5ba9bdc2ce8f66e233,854a7759e7d51d0de959,odds_api_io_70224452,2026-05-21,15:00,FC Spaeri,FC Dinamo Batumi,georgia-erovnuli-liga,automatic_forward_price_proxy,baseline_league_average_forward_fixture,baseline_unmatched_fixture,odds_api_io_Bet365_ML,free_api_market_proxy,free_api_market_proxy_extra_multi_event_call,away,3.3,2.87,0.3488,0.30303,0.04577,0.15104,1.0
99003eab3cabc6714797,bd48a237342478c65ef9,odds_api_io_70479402,2026-05-21,15:30,Coastal Union FC,Simba SC,tanzania-premier-league,automatic_forward_price_proxy,baseline_league_average_forward_fixture,baseline_unmatched_fixture,odds_api_io_Bet365_ML,free_api_market_proxy,free_api_market_proxy_extra_multi_event_call,home,9.5,2.65,0.3772,0.105263,0.271937,2.5834,1.0
944dd0a95aed3507445e,bd48a237342478c65ef9,odds_api_io_70479402,2026-05-21,15:30,Coastal Union FC,Simba SC,tanzania-premier-league,automatic_forward_price_proxy,baseline_league_average_forward_fixture,baseline_unmatched_fixture,odds_api_io_Bet365_ML,free_api_market_proxy,free_api_market_proxy_extra_multi_event_call,draw,4.2,3.65,0.274,0.238095,0.035905,0.1508,1.0
950a8950576234562507,bd48a237342478c65ef9,odds_api_io_70479402,2026-05-21,15:30,Coastal Union FC,Simba SC,tanzania-premier-league,automatic_forward_price_proxy,baseline_league_average_forward_fixture,baseline_unmatched_fixture,odds_api_io_Bet365_ML,free_api_market_proxy,free_api_market_proxy_extra_multi_event_call,away,1.3,2.87,0.3488,0.769231,-0.420431,-0.54656,1.0
2bc3142ca2e3b72af8aa,c593136a0f980a2ee3df,odds_api_io_71549302,2026-05-21,15:30,Qatar,Sudan,international-int-friendly-games,automatic_forward_price_proxy,baseline_league_average_forward_fixture,baseline_unmatched_fixture,odds_api_io_Bet365_ML,free_api_market_proxy,free_api_market_proxy_extra_multi_event_call,home,1.25,2.65,0.3772,0.8,-0.4228,-0.5285,1.0
4b98d8ebd95eb5fe6d0a,c593136a0f980a2ee3df,odds_api_io_71549302,2026-05-21,15:30,Qatar,Sudan,international-int-friendly-games,automatic_forward_price_proxy,baseline_league_average_forward_fixture,baseline_unmatched_fixture,odds_api_io_Bet365_ML,free_api_market_proxy,free_api_market_proxy_extra_multi_event_call,draw,4.5,3.65,0.274,0.222222,0.051778,0.233,1.0
5337c2f42d6d005d9d5f,c593136a0f980a2ee3df,odds_api_io_71549302,2026-05-21,15:30,Qatar,Sudan,international-int-friendly-games,automatic_forward_price_proxy,baseline_league_average_forward_fixture,baseline_unmatched_fixture,odds_api_io_Bet365_ML,free_api_market_proxy,free_api_market_proxy_extra_multi_event_call,away,10.0,2.87,0.3488,0.1,0.2488,2.488,1.0
7ad90e786e6248100df0,6b7599820d331f737db5,odds_api_io_70232108,2026-05-21,16:00,AE Kifisia FC,AE Larissa FC,greece-super-league,automatic_forward_price_proxy,baseline_league_average_forward_fixture,baseline_unmatched_fixture,odds_api_io_Bet365_ML,free_api_market_proxy,free_api_market_proxy_extra_multi_event_call,home,2.2,2.65,0.3772,0.454545,-0.077345,-0.17016,1.0
ad8625e9f33c813e9ea5,6b7599820d331f737db5,odds_api_io_70232108,2026-05-21,16:00,AE Kifisia FC,AE Larissa FC,greece-super-league,automatic_forward_price_proxy,baseline_league_average_forward_fixture,baseline_unmatched_fixture,odds_api_io_Bet365_ML,free_api_market_proxy,free_api_market_proxy_extra_multi_event_call,draw,3.2,3.65,0.274,0.3125,-0.0385,-0.1232,1.0
e37948598227eeaf768b,6b7599820d331f737db5,odds_api_io_70232108,2026-05-21,16:00,AE Kifisia FC,AE Larissa FC,greece-super-league,automatic_forward_price_proxy,baseline_league_average_forward_fixture,baseline_unmatched_fixture,odds_api_io_Bet365_ML,free_api_market_proxy,free_api_market_proxy_extra_multi_event_call,away,3.4,2.87,0.3488,0.294118,0.054682,0.18592,1.0
7021e325d2ec6b3b1507,6b7599820d331f737db5,odds_api_io_70232108,2026-05-21,16:00,AE Kifisia FC,AE Larissa FC,greece-super-league,automatic_forward_price_proxy,baseline_league_average_forward_fixture,baseline_unmatched_fixture,football_data_max_market_proxy,delayed_market_proxy,free_delayed_fixture_odds_proxy,home,2.3,2.65,0.3772,0.434783,-0.057583,-0.13244,0.835
201569333f329b4af169,6b7599820d331f737db5,odds_api_io_70232108,2026-05-21,16:00,AE Kifisia FC,AE Larissa FC,greece-super-league,automatic_forward_price_proxy,baseline_league_average_forward_fixture,baseline_unmatched_fixture,football_data_max_market_proxy,delayed_market_proxy,free_delayed_fixture_odds_proxy,draw,3.25,3.65,0.274,0.307692,-0.033692,-0.1095,0.835
f29b52a9c1e0f52f4f46,6b7599820d331f737db5,odds_api_io_70232108,2026-05-21,16:00,AE Kifisia FC,AE Larissa FC,greece-super-league,automatic_forward_price_proxy,baseline_league_average_forward_fixture,baseline_unmatched_fixture,football_data_max_market_proxy,delayed_market_proxy,free_delayed_fixture_odds_proxy,away,3.2,2.87,0.3488,0.3125,0.0363,0.11616,0.835
36a1b754402ac10d2f11,6b7599820d331f737db5,odds_api_io_70232108,2026-05-21,16:00,AE Kifisia FC,AE Larissa FC,greece-super-league,automatic_forward_price_proxy,baseline_league_average_forward_fixture,baseline_unmatched_fixture,football_data_average_market_proxy,delayed_market_proxy,free_delayed_fixture_odds_proxy,home,2.22,2.65,0.3772,0.45045,-0.07325,-0.162616,0.835
aef0df0520231d131a6c,6b7599820d331f737db5,odds_api_io_70232108,2026-05-21,16:00,AE Kifisia FC,AE Larissa FC,greece-super-league,automatic_forward_price_proxy,baseline_league_average_forward_fixture,baseline_unmatched_fixture,football_data_average_market_proxy,delayed_market_proxy,free_delayed_fixture_odds_proxy,draw,3.13,3.65,0.274,0.319489,-0.045489,-0.14238,0.835
ba10fa555869fdc0698d,6b7599820d331f737db5,odds_api_io_70232108,2026-05-21,16:00,AE Kifisia FC,AE Larissa FC,greece-super-league,automatic_forward_price_proxy,baseline_league_average_forward_fixture,baseline_unmatched_fixture,football_data_average_market_proxy,delayed_market_proxy,free_delayed_fixture_odds_proxy,away,2.98,2.87,0.3488,0.33557,0.01323,0.039424,0.835
2c4a380ee441f93d7a1f,70beaf5696404d61774d,odds_api_io_71575764,2026-05-21,16:00,AL Budaiya,Manama Club,bahrain-premier-league,automatic_forward_price_proxy,baseline_league_average_forward_fixture,baseline_unmatched_fixture,odds_api_io_Bet365_ML,free_api_market_proxy,free_api_market_proxy_extra_multi_event_call,home,2.0,2.65,0.3772,0.5,-0.1228,-0.2456,1.0
d9fa355ee0e6a2790ca7,70beaf5696404d61774d,odds_api_io_71575764,2026-05-21,16:00,AL Budaiya,Manama Club,bahrain-premier-league,automatic_forward_price_proxy,baseline_league_average_forward_fixture,baseline_unmatched_fixture,odds_api_io_Bet365_ML,free_api_market_proxy,free_api_market_proxy_extra_multi_event_call,draw,3.3,3.65,0.274,0.30303,-0.02903,-0.0958,1.0
0bdafd92b7e400cd8d4b,70beaf5696404d61774d,odds_api_io_71575764,2026-05-21,16:00,AL Budaiya,Manama Club,bahrain-premier-league,automatic_forward_price_proxy,baseline_league_average_forward_fixture,baseline_unmatched_fixture,odds_api_io_Bet365_ML,free_api_market_proxy,free_api_market_proxy_extra_multi_event_call,away,3.5,2.87,0.3488,0.285714,0.063086,0.2208,1.0
fd4df8c2c08a7a8c7fa6,78225409379f946be05d,odds_api_io_71575766,2026-05-21,16:00,Al-Najma Manama,Al Ittihad,bahrain-premier-league,automatic_forward_price_proxy,baseline_league_average_forward_fixture,baseline_unmatched_fixture,odds_api_io_Bet365_ML,free_api_market_proxy,free_api_market_proxy_extra_multi_event_call,home,2.05,2.65,0.3772,0.487805,-0.110605,-0.22674,1.0
7a418606420c9f3ba7ab,78225409379f946be05d,odds_api_io_71575766,2026-05-21,16:00,Al-Najma Manama,Al Ittihad,bahrain-premier-league,automatic_forward_price_proxy,baseline_league_average_forward_fixture,baseline_unmatched_fixture,odds_api_io_Bet365_ML,free_api_market_proxy,free_api_market_proxy_extra_multi_event_call,draw,3.25,3.65,0.274,0.307692,-0.033692,-0.1095,1.0
a4cd8d47b2491823ca0a,78225409379f946be05d,odds_api_io_71575766,2026-05-21,16:00,Al-Najma Manama,Al Ittihad,bahrain-premier-league,automatic_forward_price_proxy,baseline_league_average_forward_fixture,baseline_unmatched_fixture,odds_api_io_Bet365_ML,free_api_market_proxy,free_api_market_proxy_extra_multi_event_call,away,3.25,2.87,0.3488,0.307692,0.041108,0.1336,1.0
013490661e6ddd38ff8a,10bb6b7b1890ae28808b,odds_api_io_70684194,2026-05-21,16:00,Atlantis FC/2,Toolon Taisto,finland-kolmonen,automatic_forward_price_proxy,baseline_league_average_forward_fixture,baseline_unmatched_fixture,odds_api_io_Bet365_ML,free_api_market_proxy,free_api_market_proxy_extra_multi_event_call,home,1.833,2.65,0.3772,0.545554,-0.168354,-0.308592,1.0
3b648377220035f65e56,10bb6b7b1890ae28808b,odds_api_io_70684194,2026-05-21,16:00,Atlantis FC/2,Toolon Taisto,finland-kolmonen,automatic_forward_price_proxy,baseline_league_average_forward_fixture,baseline_unmatched_fixture,odds_api_io_Bet365_ML,free_api_market_proxy,free_api_market_proxy_extra_multi_event_call,draw,4.0,3.65,0.274,0.25,0.024,0.096,1.0
2c9c878430f871fac5b7,10bb6b7b1890ae28808b,odds_api_io_70684194,2026-05-21,16:00,Atlantis FC/2,Toolon Taisto,finland-kolmonen,automatic_forward_price_proxy,baseline_league_average_forward_fixture,baseline_unmatched_fixture,odds_api_io_Bet365_ML,free_api_market_proxy,free_api_market_proxy_extra_multi_event_call,away,3.1,2.87,0.3488,0.322581,0.026219,0.08128,1.0
10956cb9e8a3dd9e0413,416efea1a41d4a199445,fd_G1_2026-05-21_Atromitos_Panserraikos,2026-05-21,16:00,Atromitos,Panserraikos,G1,automatic_forward_price_proxy,baseline_league_average_forward_fixture,baseline_unmatched_fixture,odds_api_io_Bet365_ML,free_api_market_proxy,free_api_market_proxy_extra_multi_event_call,home,1.533,2.65,0.3772,0.652316,-0.275116,-0.421752,0.96
7b8a32950183e803bbb1,416efea1a41d4a199445,fd_G1_2026-05-21_Atromitos_Panserraikos,2026-05-21,16:00,Atromitos,Panserraikos,G1,automatic_forward_price_proxy,baseline_league_average_forward_fixture,baseline_unmatched_fixture,odds_api_io_Bet365_ML,free_api_market_proxy,free_api_market_proxy_extra_multi_event_call,draw,4.0,3.65,0.274,0.25,0.024,0.096,0.96
8093511cbe143c773b43,416efea1a41d4a199445,fd_G1_2026-05-21_Atromitos_Panserraikos,2026-05-21,16:00,Atromitos,Panserraikos,G1,automatic_forward_price_proxy,baseline_league_average_forward_fixture,baseline_unmatched_fixture,odds_api_io_Bet365_ML,free_api_market_proxy,free_api_market_proxy_extra_multi_event_call,away,6.0,2.87,0.3488,0.166667,0.182133,1.0928,0.96
f7706c081f56833fcbc2,416efea1a41d4a199445,fd_G1_2026-05-21_Atromitos_Panserraikos,2026-05-21,16:00,Atromitos,Panserraikos,G1,automatic_forward_price_proxy,baseline_league_average_forward_fixture,baseline_unmatched_fixture,football_data_max_market_proxy,delayed_market_proxy,free_delayed_fixture_odds_proxy,home,1.67,2.65,0.3772,0.598802,-0.221602,-0.370076,1.0
b8cf2d82e4a7b555a2d5,416efea1a41d4a199445,fd_G1_2026-05-21_Atromitos_Panserraikos,2026-05-21,16:00,Atromitos,Panserraikos,G1,automatic_forward_price_proxy,baseline_league_average_forward_fixture,baseline_unmatched_fixture,football_data_max_market_proxy,delayed_market_proxy,free_delayed_fixture_odds_proxy,draw,4.0,3.65,0.274,0.25,0.024,0.096,1.0
80b39c6d6bc3f1cffe20,416efea1a41d4a199445,fd_G1_2026-05-21_Atromitos_Panserraikos,2026-05-21,16:00,Atromitos,Panserraikos,G1,automatic_forward_price_proxy,baseline_league_average_forward_fixture,baseline_unmatched_fixture,football_data_max_market_proxy,delayed_market_proxy,free_delayed_fixture_odds_proxy,away,6.0,2.87,0.3488,0.166667,0.182133,1.0928,1.0
1362cc254059e875bbc3,416efea1a41d4a199445,fd_G1_2026-05-21_Atromitos_Panserraikos,2026-05-21,16:00,Atromitos,Panserraikos,G1,automatic_forward_price_proxy,baseline_league_average_forward_fixture,baseline_unmatched_fixture,football_data_average_market_proxy,delayed_market_proxy,free_delayed_fixture_odds_proxy,home,1.57,2.65,0.3772,0.636943,-0.259743,-0.407796,1.0
f4e7fd3e5d15a8beb036,416efea1a41d4a199445,fd_G1_2026-05-21_Atromitos_Panserraikos,2026-05-21,16:00,Atromitos,Panserraikos,G1,automatic_forward_price_proxy,baseline_league_average_forward_fixture,baseline_unmatched_fixture,football_data_average_market_proxy,delayed_market_proxy,free_delayed_fixture_odds_proxy,draw,3.71,3.65,0.274,0.269542,0.004458,0.01654,1.0
dd88860a344c5af9b6c5,416efea1a41d4a199445,fd_G1_2026-05-21_Atromitos_Panserraikos,2026-05-21,16:00,Atromitos,Panserraikos,G1,automatic_forward_price_proxy,baseline_league_average_forward_fixture,baseline_unmatched_fixture,football_data_average_market_proxy,delayed_market_proxy,free_delayed_fixture_odds_proxy,away,5.28,2.87,0.3488,0.189394,0.159406,0.841664,1.0
7d0662e4bbb2a964aa62,dee14161ca30f4ccd5eb,odds_api_io_69109006,2026-05-21,16:00,FF Jaro Akademia,VPS Akatemia,finland-kakkonen-playoffs,automatic_forward_price_proxy,baseline_league_average_forward_fixture,baseline_unmatched_fixture,odds_api_io_Bet365_ML,free_api_market_proxy,free_api_market_proxy_extra_multi_event_call,home,1.833,2.65,0.3772,0.545554,-0.168354,-0.308592,1.0
5ac7781b1e74cb65f612,dee14161ca30f4ccd5eb,odds_api_io_69109006,2026-05-21,16:00,FF Jaro Akademia,VPS Akatemia,finland-kakkonen-playoffs,automatic_forward_price_proxy,baseline_league_average_forward_fixture,baseline_unmatched_fixture,odds_api_io_Bet365_ML,free_api_market_proxy,free_api_market_proxy_extra_multi_event_call,draw,4.1,3.65,0.274,0.243902,0.030098,0.1234,1.0
c0c6f8c04524d3bd0fc2,dee14161ca30f4ccd5eb,odds_api_io_69109006,2026-05-21,16:00,FF Jaro Akademia,VPS Akatemia,finland-kakkonen-playoffs,automatic_forward_price_proxy,baseline_league_average_forward_fixture,baseline_unmatched_fixture,odds_api_io_Bet365_ML,free_api_market_proxy,free_api_market_proxy_extra_multi_event_call,away,3.1,2.87,0.3488,0.322581,0.026219,0.08128,1.0
f2942111804e75f15266,f7de222f221705a140ac,odds_api_io_71523852,2026-05-21,16:00,Grei Kvinner Elite FK,Lyn,norway-nm-cup-women,automatic_forward_price_proxy,baseline_league_average_forward_fixture,baseline_unmatched_fixture,odds_api_io_Bet365_ML,free_api_market_proxy,free_api_market_proxy_extra_multi_event_call,home,17.0,2.65,0.3772,0.058824,0.318376,5.4124,1.0
9709c27aea91f94ee05d,f7de222f221705a140ac,odds_api_io_71523852,2026-05-21,16:00,Grei Kvinner Elite FK,Lyn,norway-nm-cup-women,automatic_forward_price_proxy,baseline_league_average_forward_fixture,baseline_unmatched_fixture,odds_api_io_Bet365_ML,free_api_market_proxy,free_api_market_proxy_extra_multi_event_call,draw,8.0,3.65,0.274,0.125,0.149,1.192,1.0
88afc235ecf4b33f15c8,f7de222f221705a140ac,odds_api_io_71523852,2026-05-21,16:00,Grei Kvinner Elite FK,Lyn,norway-nm-cup-women,automatic_forward_price_proxy,baseline_league_average_forward_fixture,baseline_unmatched_fixture,odds_api_io_Bet365_ML,free_api_market_proxy,free_api_market_proxy_extra_multi_event_call,away,1.125,2.87,0.3488,0.888889,-0.540089,-0.6076,1.0
cbd7dc77d8910de5c3c3,478b962e265feccabc24,odds_api_io_71352614,2026-05-21,16:00,FC Killas,FC Melgar,peru-liga-femenina,automatic_forward_price_proxy,baseline_league_average_forward_fixture,baseline_unmatched_fixture,odds_api_io_Bet365_ML,free_api_market_proxy,free_api_market_proxy_extra_multi_event_call,home,6.0,2.65,0.3772,0.166667,0.210533,1.2632,1.0
c4ed33ed2abb68b7d135,478b962e265feccabc24,odds_api_io_71352614,2026-05-21,16:00,FC Killas,FC Melgar,peru-liga-femenina,automatic_forward_price_proxy,baseline_league_average_forward_fixture,baseline_unmatched_fixture,odds_api_io_Bet365_ML,free_api_market_proxy,free_api_market_proxy_extra_multi_event_call,draw,4.75,3.65,0.274,0.210526,0.063474,0.3015,1.0
63b532d4c1e304e0337a,478b962e265feccabc24,odds_api_io_71352614,2026-05-21,16:00,FC Killas,FC Melgar,peru-liga-femenina,automatic_forward_price_proxy,baseline_league_average_forward_fixture,baseline_unmatched_fixture,odds_api_io_Bet365_ML,free_api_market_proxy,free_api_market_proxy_extra_multi_event_call,away,1.363,2.87,0.3488,0.733676,-0.384876,-0.524586,1.0
c0900a758b25f2b6e61f,5127e87b40d8edb57b13,odds_api_io_70232110,2026-05-21,16:00,Panaitolikos Agrinio,Asteras Tripolis,greece-super-league,automatic_forward_price_proxy,baseline_league_average_forward_fixture,baseline_unmatched_fixture,odds_api_io_Bet365_ML,free_api_market_proxy,free_api_market_proxy_extra_multi_event_call,home,2.5,2.65,0.3772,0.4,-0.0228,-0.057,1.0
376b14ca2bbc28170c8d,5127e87b40d8edb57b13,odds_api_io_70232110,2026-05-21,16:00,Panaitolikos Agrinio,Asteras Tripolis,greece-super-league,automatic_forward_price_proxy,baseline_league_average_forward_fixture,baseline_unmatched_fixture,odds_api_io_Bet365_ML,free_api_market_proxy,free_api_market_proxy_extra_multi_event_call,draw,3.1,3.65,0.274,0.322581,-0.048581,-0.1506,1.0
b50f2efd49c2c1dd4c90,5127e87b40d8edb57b13,odds_api_io_70232110,2026-05-21,16:00,Panaitolikos Agrinio,Asteras Tripolis,greece-super-league,automatic_forward_price_proxy,baseline_league_average_forward_fixture,baseline_unmatched_fixture,odds_api_io_Bet365_ML,free_api_market_proxy,free_api_market_proxy_extra_multi_event_call,away,2.9,2.87,0.3488,0.344828,0.003972,0.01152,1.0
92dab646dbc5a1bef9da,5127e87b40d8edb57b13,odds_api_io_70232110,2026-05-21,16:00,Panaitolikos Agrinio,Asteras Tripolis,greece-super-league,automatic_forward_price_proxy,baseline_league_average_forward_fixture,baseline_unmatched_fixture,football_data_max_market_proxy,delayed_market_proxy,free_delayed_fixture_odds_proxy,home,2.4,2.65,0.3772,0.416667,-0.039467,-0.09472,0.8226
0424e82f5797944915b4,5127e87b40d8edb57b13,odds_api_io_70232110,2026-05-21,16:00,Panaitolikos Agrinio,Asteras Tripolis,greece-super-league,automatic_forward_price_proxy,baseline_league_average_forward_fixture,baseline_unmatched_fixture,football_data_max_market_proxy,delayed_market_proxy,free_delayed_fixture_odds_proxy,draw,3.3,3.65,0.274,0.30303,-0.02903,-0.0958,0.8226
0d6310e0c3d0097788ce,5127e87b40d8edb57b13,odds_api_io_70232110,2026-05-21,16:00,Panaitolikos Agrinio,Asteras Tripolis,greece-super-league,automatic_forward_price_proxy,baseline_league_average_forward_fixture,baseline_unmatched_fixture,football_data_max_market_proxy,delayed_market_proxy,free_delayed_fixture_odds_proxy,away,3.05,2.87,0.3488,0.327869,0.020931,0.06384,0.8226
164813f2edb18ea39adf,5127e87b40d8edb57b13,odds_api_io_70232110,2026-05-21,16:00,Panaitolikos Agrinio,Asteras Tripolis,greece-super-league,automatic_forward_price_proxy,baseline_league_average_forward_fixture,baseline_unmatched_fixture,football_data_average_market_proxy,delayed_market_proxy,free_delayed_fixture_odds_proxy,home,2.29,2.65,0.3772,0.436681,-0.059481,-0.136212,0.8226
b62e7352df8888501df4,5127e87b40d8edb57b13,odds_api_io_70232110,2026-05-21,16:00,Panaitolikos Agrinio,Asteras Tripolis,greece-super-league,automatic_forward_price_proxy,baseline_league_average_forward_fixture,baseline_unmatched_fixture,football_data_average_market_proxy,delayed_market_proxy,free_delayed_fixture_odds_proxy,draw,3.13,3.65,0.274,0.319489,-0.045489,-0.14238,0.8226
a96047592849c18aedbf,5127e87b40d8edb57b13,odds_api_io_70232110,2026-05-21,16:00,Panaitolikos Agrinio,Asteras Tripolis,greece-super-league,automatic_forward_price_proxy,baseline_league_average_forward_fixture,baseline_unmatched_fixture,football_data_average_market_proxy,delayed_market_proxy,free_delayed_fixture_odds_proxy,away,2.9,2.87,0.3488,0.344828,0.003972,0.01152,0.8226
e72f7cb00f57628008ba,1338cd17dcf7ce0e3cef,odds_api_io_71530418,2026-05-21,16:15,Al Arabi,AL Tadhamon,kuwait-premier-league,automatic_forward_price_proxy,baseline_league_average_forward_fixture,baseline_unmatched_fixture,odds_api_io_Bet365_ML,free_api_market_proxy,free_api_market_proxy_extra_multi_event_call,home,1.2,2.65,0.3772,0.833333,-0.456133,-0.54736,1.0
45703c6880e3542a6159,1338cd17dcf7ce0e3cef,odds_api_io_71530418,2026-05-21,16:15,Al Arabi,AL Tadhamon,kuwait-premier-league,automatic_forward_price_proxy,baseline_league_average_forward_fixture,baseline_unmatched_fixture,odds_api_io_Bet365_ML,free_api_market_proxy,free_api_market_proxy_extra_multi_event_call,draw,5.25,3.65,0.274,0.190476,0.083524,0.4385,1.0
04587d1daf1264c5a77e,1338cd17dcf7ce0e3cef,odds_api_io_71530418,2026-05-21,16:15,Al Arabi,AL Tadhamon,kuwait-premier-league,automatic_forward_price_proxy,baseline_league_average_forward_fixture,baseline_unmatched_fixture,odds_api_io_Bet365_ML,free_api_market_proxy,free_api_market_proxy_extra_multi_event_call,away,11.0,2.87,0.3488,0.090909,0.257891,2.8368,1.0
b38d0916fe4188aed6eb,cbbfd9f305de196ad3c8,odds_api_io_71563848,2026-05-21,16:30,Broendby IF,FC Copenhagen,denmark-superliga,automatic_forward_price_proxy,baseline_league_average_forward_fixture,baseline_unmatched_fixture,odds_api_io_Bet365_ML,free_api_market_proxy,free_api_market_proxy_extra_multi_event_call,home,3.2,2.65,0.3772,0.3125,0.0647,0.20704,1.0
ffc0726f812047163380,cbbfd9f305de196ad3c8,odds_api_io_71563848,2026-05-21,16:30,Broendby IF,FC Copenhagen,denmark-superliga,automatic_forward_price_proxy,baseline_league_average_forward_fixture,baseline_unmatched_fixture,odds_api_io_Bet365_ML,free_api_market_proxy,free_api_market_proxy_extra_multi_event_call,draw,3.3,3.65,0.274,0.30303,-0.02903,-0.0958,1.0
f95a7c7e0b6f2156ea53,cbbfd9f305de196ad3c8,odds_api_io_71563848,2026-05-21,16:30,Broendby IF,FC Copenhagen,denmark-superliga,automatic_forward_price_proxy,baseline_league_average_forward_fixture,baseline_unmatched_fixture,odds_api_io_Bet365_ML,free_api_market_proxy,free_api_market_proxy_extra_multi_event_call,away,2.25,2.87,0.3488,0.444444,-0.095644,-0.2152,1.0
75f43dd8827c5d269867,7226415ce745b7a19ce8,odds_api_io_71579104,2026-05-21,16:30,Stade Malien de Bamako,US Bougouni,mali-ligue-1,automatic_forward_price_proxy,baseline_league_average_forward_fixture,baseline_unmatched_fixture,odds_api_io_Bet365_ML,free_api_market_proxy,free_api_market_proxy_extra_multi_event_call,home,1.333,2.65,0.3772,0.750188,-0.372988,-0.497192,1.0
e4d5f14a374eb9de46da,7226415ce745b7a19ce8,odds_api_io_71579104,2026-05-21,16:30,Stade Malien de Bamako,US Bougouni,mali-ligue-1,automatic_forward_price_proxy,baseline_league_average_forward_fixture,baseline_unmatched_fixture,odds_api_io_Bet365_ML,free_api_market_proxy,free_api_market_proxy_extra_multi_event_call,draw,3.9,3.65,0.274,0.25641,0.01759,0.0686,1.0
0dbe93ffa5396ae255e2,7226415ce745b7a19ce8,odds_api_io_71579104,2026-05-21,16:30,Stade Malien de Bamako,US Bougouni,mali-ligue-1,automatic_forward_price_proxy,baseline_league_average_forward_fixture,baseline_unmatched_fixture,odds_api_io_Bet365_ML,free_api_market_proxy,free_api_market_proxy_extra_multi_event_call,away,9.5,2.87,0.3488,0.105263,0.243537,2.3136,1.0
f263a8a51ea0bd4b4b25,8c7a1b207aa3678a6640,odds_api_io_71558146,2026-05-21,16:45,Ajax Amsterdam,FC Groningen,netherlands-eredivisie,automatic_forward_price_proxy,baseline_league_average_forward_fixture,baseline_unmatched_fixture,odds_api_io_Bet365_ML,free_api_market_proxy,free_api_market_proxy_extra_multi_event_call,home,1.85,2.65,0.3772,0.540541,-0.163341,-0.30218,1.0
5b4ba910464c2d4b2761,8c7a1b207aa3678a6640,odds_api_io_71558146,2026-05-21,16:45,Ajax Amsterdam,FC Groningen,netherlands-eredivisie,automatic_forward_price_proxy,baseline_league_average_forward_fixture,baseline_unmatched_fixture,odds_api_io_Bet365_ML,free_api_market_proxy,free_api_market_proxy_extra_multi_event_call,draw,3.75,3.65,0.274,0.266667,0.007333,0.0275,1.0
9d97d1c0ed8c9c48670d,8c7a1b207aa3678a6640,odds_api_io_71558146,2026-05-21,16:45,Ajax Amsterdam,FC Groningen,netherlands-eredivisie,automatic_forward_price_proxy,baseline_league_average_forward_fixture,baseline_unmatched_fixture,odds_api_io_Bet365_ML,free_api_market_proxy,free_api_market_proxy_extra_multi_event_call,away,4.1,2.87,0.3488,0.243902,0.104898,0.43008,1.0
806e7f67df594ff2df14,ea0860d448cf64d28378,odds_api_io_67126672,2026-05-21,17:00,IF Elfsborg,Mjallby AIF,sweden-allsvenskan,automatic_forward_price_proxy,baseline_league_average_forward_fixture,baseline_unmatched_fixture,odds_api_io_Bet365_ML,free_api_market_proxy,free_api_market_proxy_extra_multi_event_call,home,2.75,2.65,0.3772,0.363636,0.013564,0.0373,1.0
ff7f845ac39495e9e55c,ea0860d448cf64d28378,odds_api_io_67126672,2026-05-21,17:00,IF Elfsborg,Mjallby AIF,sweden-allsvenskan,automatic_forward_price_proxy,baseline_league_average_forward_fixture,baseline_unmatched_fixture,odds_api_io_Bet365_ML,free_api_market_proxy,free_api_market_proxy_extra_multi_event_call,draw,3.3,3.65,0.274,0.30303,-0.02903,-0.0958,1.0
ad7bab349278e8cffc6d,ea0860d448cf64d28378,odds_api_io_67126672,2026-05-21,17:00,IF Elfsborg,Mjallby AIF,sweden-allsvenskan,automatic_forward_price_proxy,baseline_league_average_forward_fixture,baseline_unmatched_fixture,odds_api_io_Bet365_ML,free_api_market_proxy,free_api_market_proxy_extra_multi_event_call,away,2.55,2.87,0.3488,0.392157,-0.043357,-0.11056,1.0
36e390c6bea62390a665,7476f935ff6ff88dbf9f,odds_api_io_68320188,2026-05-21,17:00,IK Tord,Skara FC,sweden-division-2-promotion-playoffs,automatic_forward_price_proxy,baseline_league_average_forward_fixture,baseline_unmatched_fixture,odds_api_io_Bet365_ML,free_api_market_proxy,free_api_market_proxy_extra_multi_event_call,home,3.5,2.65,0.3772,0.285714,0.091486,0.3202,1.0
5cc5238b17ae3a95f64a,7476f935ff6ff88dbf9f,odds_api_io_68320188,2026-05-21,17:00,IK Tord,Skara FC,sweden-division-2-promotion-playoffs,automatic_forward_price_proxy,baseline_league_average_forward_fixture,baseline_unmatched_fixture,odds_api_io_Bet365_ML,free_api_market_proxy,free_api_market_proxy_extra_multi_event_call,draw,3.8,3.65,0.274,0.263158,0.010842,0.0412,1.0
4103a8ed104d695af6b0,7476f935ff6ff88dbf9f,odds_api_io_68320188,2026-05-21,17:00,IK Tord,Skara FC,sweden-division-2-promotion-playoffs,automatic_forward_price_proxy,baseline_league_average_forward_fixture,baseline_unmatched_fixture,odds_api_io_Bet365_ML,free_api_market_proxy,free_api_market_proxy_extra_multi_event_call,away,1.75,2.87,0.3488,0.571429,-0.222629,-0.3896,1.0
f7df82a5e5ea6305a539,fff2515c3e9c990162df,odds_api_io_61902056,2026-05-21,17:00,Ilzer SV,USV Gnas,austria-amateur-steiermark-landesliga,automatic_forward_price_proxy,baseline_league_average_forward_fixture,baseline_unmatched_fixture,odds_api_io_Bet365_ML,free_api_market_proxy,free_api_market_proxy_extra_multi_event_call,home,1.8,2.65,0.3772,0.555556,-0.178356,-0.32104,1.0
2c9babe02546f96e4648,fff2515c3e9c990162df,odds_api_io_61902056,2026-05-21,17:00,Ilzer SV,USV Gnas,austria-amateur-steiermark-landesliga,automatic_forward_price_proxy,baseline_league_average_forward_fixture,baseline_unmatched_fixture,odds_api_io_Bet365_ML,free_api_market_proxy,free_api_market_proxy_extra_multi_event_call,draw,4.0,3.65,0.274,0.25,0.024,0.096,1.0
9eaf847e35b6249a9621,fff2515c3e9c990162df,odds_api_io_61902056,2026-05-21,17:00,Ilzer SV,USV Gnas,austria-amateur-steiermark-landesliga,automatic_forward_price_proxy,baseline_league_average_forward_fixture,baseline_unmatched_fixture,odds_api_io_Bet365_ML,free_api_market_proxy,free_api_market_proxy_extra_multi_event_call,away,3.25,2.87,0.3488,0.307692,0.041108,0.1336,1.0
73969b12d56c936c978c,32acee9e38084a9f0839,fd_G1_2026-05-21_Kifisia_Larisa,2026-05-21,17:00,Kifisia,Larisa,G1,automatic_forward_price_proxy,baseline_league_average_forward_fixture,baseline_unmatched_fixture,odds_api_io_Bet365_ML,free_api_market_proxy,free_api_market_proxy_extra_multi_event_call,home,2.2,2.65,0.3772,0.454545,-0.077345,-0.17016,0.835
658cae49bf3ed57b7233,32acee9e38084a9f0839,fd_G1_2026-05-21_Kifisia_Larisa,2026-05-21,17:00,Kifisia,Larisa,G1,automatic_forward_price_proxy,baseline_league_average_forward_fixture,baseline_unmatched_fixture,odds_api_io_Bet365_ML,free_api_market_proxy,free_api_market_proxy_extra_multi_event_call,draw,3.2,3.65,0.274,0.3125,-0.0385,-0.1232,0.835
b69bcd4c21a43fa80992,32acee9e38084a9f0839,fd_G1_2026-05-21_Kifisia_Larisa,2026-05-21,17:00,Kifisia,Larisa,G1,automatic_forward_price_proxy,baseline_league_average_forward_fixture,baseline_unmatched_fixture,odds_api_io_Bet365_ML,free_api_market_proxy,free_api_market_proxy_extra_multi_event_call,away,3.4,2.87,0.3488,0.294118,0.054682,0.18592,0.835
3775277429d869f2bf88,32acee9e38084a9f0839,fd_G1_2026-05-21_Kifisia_Larisa,2026-05-21,17:00,Kifisia,Larisa,G1,automatic_forward_price_proxy,baseline_league_average_forward_fixture,baseline_unmatched_fixture,football_data_max_market_proxy,delayed_market_proxy,free_delayed_fixture_odds_proxy,home,2.3,2.65,0.3772,0.434783,-0.057583,-0.13244,1.0
a904ece66542dc816534,32acee9e38084a9f0839,fd_G1_2026-05-21_Kifisia_Larisa,2026-05-21,17:00,Kifisia,Larisa,G1,automatic_forward_price_proxy,baseline_league_average_forward_fixture,baseline_unmatched_fixture,football_data_max_market_proxy,delayed_market_proxy,free_delayed_fixture_odds_proxy,draw,3.25,3.65,0.274,0.307692,-0.033692,-0.1095,1.0
a3f932be470e3839b30d,32acee9e38084a9f0839,fd_G1_2026-05-21_Kifisia_Larisa,2026-05-21,17:00,Kifisia,Larisa,G1,automatic_forward_price_proxy,baseline_league_average_forward_fixture,baseline_unmatched_fixture,football_data_max_market_proxy,delayed_market_proxy,free_delayed_fixture_odds_proxy,away,3.2,2.87,0.3488,0.3125,0.0363,0.11616,1.0
8c6a2d12c3660ff939c3,32acee9e38084a9f0839,fd_G1_2026-05-21_Kifisia_Larisa,2026-05-21,17:00,Kifisia,Larisa,G1,automatic_forward_price_proxy,baseline_league_average_forward_fixture,baseline_unmatched_fixture,football_data_average_market_proxy,delayed_market_proxy,free_delayed_fixture_odds_proxy,home,2.22,2.65,0.3772,0.45045,-0.07325,-0.162616,1.0
d9bdc6e996cabb7cd37e,32acee9e38084a9f0839,fd_G1_2026-05-21_Kifisia_Larisa,2026-05-21,17:00,Kifisia,Larisa,G1,automatic_forward_price_proxy,baseline_league_average_forward_fixture,baseline_unmatched_fixture,football_data_average_market_proxy,delayed_market_proxy,free_delayed_fixture_odds_proxy,draw,3.13,3.65,0.274,0.319489,-0.045489,-0.14238,1.0
0fbd73b2e855de1987e7,32acee9e38084a9f0839,fd_G1_2026-05-21_Kifisia_Larisa,2026-05-21,17:00,Kifisia,Larisa,G1,automatic_forward_price_proxy,baseline_league_average_forward_fixture,baseline_unmatched_fixture,football_data_average_market_proxy,delayed_market_proxy,free_delayed_fixture_odds_proxy,away,2.98,2.87,0.3488,0.33557,0.01323,0.039424,1.0
cf91136d29df25c4b2c7,ddaa232982b9fc392b93,odds_api_io_69923684,2026-05-21,17:00,FC Lasten,Ylojarvi United FC,finland-kolmonen,automatic_forward_price_proxy,baseline_league_average_forward_fixture,baseline_unmatched_fixture,odds_api_io_Bet365_ML,free_api_market_proxy,free_api_market_proxy_extra_multi_event_call,home,1.5,2.65,0.3772,0.666667,-0.289467,-0.4342,1.0
19aa23e954f4651bfe78,ddaa232982b9fc392b93,odds_api_io_69923684,2026-05-21,17:00,FC Lasten,Ylojarvi United FC,finland-kolmonen,automatic_forward_price_proxy,baseline_league_average_forward_fixture,baseline_unmatched_fixture,odds_api_io_Bet365_ML,free_api_market_proxy,free_api_market_proxy_extra_multi_event_call,draw,4.5,3.65,0.274,0.222222,0.051778,0.233,1.0
768483f16fe865f9b06b,ddaa232982b9fc392b93,odds_api_io_69923684,2026-05-21,17:00,FC Lasten,Ylojarvi United FC,finland-kolmonen,automatic_forward_price_proxy,baseline_league_average_forward_fixture,baseline_unmatched_fixture,odds_api_io_Bet365_ML,free_api_market_proxy,free_api_market_proxy_extra_multi_event_call,away,4.333,2.87,0.3488,0.230787,0.118013,0.51135,1.0
c5b87bf30b2a3c013546,4faaf5d7453172683fe3,odds_api_io_67919630,2026-05-21,17:00,Ntnui,Ranheim 2,norway-3rd-division-group-2,automatic_forward_price_proxy,baseline_league_average_forward_fixture,baseline_unmatched_fixture,odds_api_io_Bet365_ML,free_api_market_proxy,free_api_market_proxy_extra_multi_event_call,home,2.05,2.65,0.3772,0.487805,-0.110605,-0.22674,1.0
75d0d24555eea62853a1,4faaf5d7453172683fe3,odds_api_io_67919630,2026-05-21,17:00,Ntnui,Ranheim 2,norway-3rd-division-group-2,automatic_forward_price_proxy,baseline_league_average_forward_fixture,baseline_unmatched_fixture,odds_api_io_Bet365_ML,free_api_market_proxy,free_api_market_proxy_extra_multi_event_call,draw,4.1,3.65,0.274,0.243902,0.030098,0.1234,1.0
ce7b9cea6742724b3ec3,4faaf5d7453172683fe3,odds_api_io_67919630,2026-05-21,17:00,Ntnui,Ranheim 2,norway-3rd-division-group-2,automatic_forward_price_proxy,baseline_league_average_forward_fixture,baseline_unmatched_fixture,odds_api_io_Bet365_ML,free_api_market_proxy,free_api_market_proxy_extra_multi_event_call,away,2.625,2.87,0.3488,0.380952,-0.032152,-0.0844,1.0
3b9c60b80d6c0352d5c7,f98239ae63a1d63667f6,fd_G1_2026-05-21_Panetolikos_Asteras_Tripolis,2026-05-21,17:00,Panetolikos,Asteras Tripolis,G1,automatic_forward_price_proxy,baseline_league_average_forward_fixture,baseline_unmatched_fixture,odds_api_io_Bet365_ML,free_api_market_proxy,free_api_market_proxy_extra_multi_event_call,home,2.5,2.65,0.3772,0.4,-0.0228,-0.057,0.8226
21770e381e4aa9b076b3,f98239ae63a1d63667f6,fd_G1_2026-05-21_Panetolikos_Asteras_Tripolis,2026-05-21,17:00,Panetolikos,Asteras Tripolis,G1,automatic_forward_price_proxy,baseline_league_average_forward_fixture,baseline_unmatched_fixture,odds_api_io_Bet365_ML,free_api_market_proxy,free_api_market_proxy_extra_multi_event_call,draw,3.1,3.65,0.274,0.322581,-0.048581,-0.1506,0.8226
625f30dc65387f9c470e,f98239ae63a1d63667f6,fd_G1_2026-05-21_Panetolikos_Asteras_Tripolis,2026-05-21,17:00,Panetolikos,Asteras Tripolis,G1,automatic_forward_price_proxy,baseline_league_average_forward_fixture,baseline_unmatched_fixture,odds_api_io_Bet365_ML,free_api_market_proxy,free_api_market_proxy_extra_multi_event_call,away,2.9,2.87,0.3488,0.344828,0.003972,0.01152,0.8226
f4f4c9f46be52e7c2029,f98239ae63a1d63667f6,fd_G1_2026-05-21_Panetolikos_Asteras_Tripolis,2026-05-21,17:00,Panetolikos,Asteras Tripolis,G1,automatic_forward_price_proxy,baseline_league_average_forward_fixture,baseline_unmatched_fixture,football_data_max_market_proxy,delayed_market_proxy,free_delayed_fixture_odds_proxy,home,2.4,2.65,0.3772,0.416667,-0.039467,-0.09472,1.0
9b49384a1f6bdce07e8a,f98239ae63a1d63667f6,fd_G1_2026-05-21_Panetolikos_Asteras_Tripolis,2026-05-21,17:00,Panetolikos,Asteras Tripolis,G1,automatic_forward_price_proxy,baseline_league_average_forward_fixture,baseline_unmatched_fixture,football_data_max_market_proxy,delayed_market_proxy,free_delayed_fixture_odds_proxy,draw,3.3,3.65,0.274,0.30303,-0.02903,-0.0958,1.0
61a3e1cf1efbdf56be71,f98239ae63a1d63667f6,fd_G1_2026-05-21_Panetolikos_Asteras_Tripolis,2026-05-21,17:00,Panetolikos,Asteras Tripolis,G1,automatic_forward_price_proxy,baseline_league_average_forward_fixture,baseline_unmatched_fixture,football_data_max_market_proxy,delayed_market_proxy,free_delayed_fixture_odds_proxy,away,3.05,2.87,0.3488,0.327869,0.020931,0.06384,1.0
97a03a05456061fb3562,f98239ae63a1d63667f6,fd_G1_2026-05-21_Panetolikos_Asteras_Tripolis,2026-05-21,17:00,Panetolikos,Asteras Tripolis,G1,automatic_forward_price_proxy,baseline_league_average_forward_fixture,baseline_unmatched_fixture,football_data_average_market_proxy,delayed_market_proxy,free_delayed_fixture_odds_proxy,home,2.29,2.65,0.3772,0.436681,-0.059481,-0.136212,1.0
96a56bc3a26ede26ba10,f98239ae63a1d63667f6,fd_G1_2026-05-21_Panetolikos_Asteras_Tripolis,2026-05-21,17:00,Panetolikos,Asteras Tripolis,G1,automatic_forward_price_proxy,baseline_league_average_forward_fixture,baseline_unmatched_fixture,football_data_average_market_proxy,delayed_market_proxy,free_delayed_fixture_odds_proxy,draw,3.13,3.65,0.274,0.319489,-0.045489,-0.14238,1.0
1b2d6feab94b746f60cf,f98239ae63a1d63667f6,fd_G1_2026-05-21_Panetolikos_Asteras_Tripolis,2026-05-21,17:00,Panetolikos,Asteras Tripolis,G1,automatic_forward_price_proxy,baseline_league_average_forward_fixture,baseline_unmatched_fixture,football_data_average_market_proxy,delayed_market_proxy,free_delayed_fixture_odds_proxy,away,2.9,2.87,0.3488,0.344828,0.003972,0.01152,1.0
43efee1884bc08cdd66c,d01dd6d3d27adf3ec50d,odds_api_io_70684198,2026-05-21,17:00,Ppj/Lauttasaari,Valtti,finland-kolmonen,automatic_forward_price_proxy,baseline_league_average_forward_fixture,baseline_unmatched_fixture,odds_api_io_Bet365_ML,free_api_market_proxy,free_api_market_proxy_extra_multi_event_call,home,2.2,2.65,0.3772,0.454545,-0.077345,-0.17016,1.0
d4b2a2c0281764af256a,d01dd6d3d27adf3ec50d,odds_api_io_70684198,2026-05-21,17:00,Ppj/Lauttasaari,Valtti,finland-kolmonen,automatic_forward_price_proxy,baseline_league_average_forward_fixture,baseline_unmatched_fixture,odds_api_io_Bet365_ML,free_api_market_proxy,free_api_market_proxy_extra_multi_event_call,draw,3.8,3.65,0.274,0.263158,0.010842,0.0412,1.0
93d13ff992657f883491,d01dd6d3d27adf3ec50d,odds_api_io_70684198,2026-05-21,17:00,Ppj/Lauttasaari,Valtti,finland-kolmonen,automatic_forward_price_proxy,baseline_league_average_forward_fixture,baseline_unmatched_fixture,odds_api_io_Bet365_ML,free_api_market_proxy,free_api_market_proxy_extra_multi_event_call,away,2.5,2.87,0.3488,0.4,-0.0512,-0.128,1.0
9171cdd521334a0bcd0a,8cf2d96cd23540e1099e,odds_api_io_68492536,2026-05-21,17:00,FC RFS,FS Jelgava,latvia-virsliga,automatic_forward_price_proxy,baseline_league_average_forward_fixture,baseline_unmatched_fixture,odds_api_io_Bet365_ML,free_api_market_proxy,free_api_market_proxy_extra_multi_event_call,home,1.125,2.65,0.3772,0.888889,-0.511689,-0.57565,1.0
0dce1feeb6ffc15a09a3,8cf2d96cd23540e1099e,odds_api_io_68492536,2026-05-21,17:00,FC RFS,FS Jelgava,latvia-virsliga,automatic_forward_price_proxy,baseline_league_average_forward_fixture,baseline_unmatched_fixture,odds_api_io_Bet365_ML,free_api_market_proxy,free_api_market_proxy_extra_multi_event_call,draw,8.5,3.65,0.274,0.117647,0.156353,1.329,1.0
5dfd27ed85686b24aac9,8cf2d96cd23540e1099e,odds_api_io_68492536,2026-05-21,17:00,FC RFS,FS Jelgava,latvia-virsliga,automatic_forward_price_proxy,baseline_league_average_forward_fixture,baseline_unmatched_fixture,odds_api_io_Bet365_ML,free_api_market_proxy,free_api_market_proxy_extra_multi_event_call,away,13.0,2.87,0.3488,0.076923,0.271877,3.5344,1.0
f0101356319343f6421d,a91174d4c5e9412788ac,odds_api_io_70224454,2026-05-21,17:00,FC Rustavi,FC Samgurali Tskaltubo,georgia-erovnuli-liga,automatic_forward_price_proxy,baseline_league_average_forward_fixture,baseline_unmatched_fixture,odds_api_io_Bet365_ML,free_api_market_proxy,free_api_market_proxy_extra_multi_event_call,home,1.95,2.65,0.3772,0.512821,-0.135621,-0.26446,1.0
2fab91105a9f3f4d64f0,a91174d4c5e9412788ac,odds_api_io_70224454,2026-05-21,17:00,FC Rustavi,FC Samgurali Tskaltubo,georgia-erovnuli-liga,automatic_forward_price_proxy,baseline_league_average_forward_fixture,baseline_unmatched_fixture,odds_api_io_Bet365_ML,free_api_market_proxy,free_api_market_proxy_extra_multi_event_call,draw,3.3,3.65,0.274,0.30303,-0.02903,-0.0958,1.0
ed07e18711f51f5cb1a4,a91174d4c5e9412788ac,odds_api_io_70224454,2026-05-21,17:00,FC Rustavi,FC Samgurali Tskaltubo,georgia-erovnuli-liga,automatic_forward_price_proxy,baseline_league_average_forward_fixture,baseline_unmatched_fixture,odds_api_io_Bet365_ML,free_api_market_proxy,free_api_market_proxy_extra_multi_event_call,away,3.25,2.87,0.3488,0.307692,0.041108,0.1336,1.0
68071503088b5f4ca04d,3ff1be8b6f1e1ed8ec67,odds_api_io_61466383,2026-05-21,17:00,SK Treibach,FC Gleisdorf 09,austria-amateur-regionalliga-centre,automatic_forward_price_proxy,baseline_league_average_forward_fixture,baseline_unmatched_fixture,odds_api_io_Bet365_ML,free_api_market_proxy,free_api_market_proxy_extra_multi_event_call,home,3.4,2.65,0.3772,0.294118,0.083082,0.28248,1.0
9eda3b5c1e752d9f20f6,3ff1be8b6f1e1ed8ec67,odds_api_io_61466383,2026-05-21,17:00,SK Treibach,FC Gleisdorf 09,austria-amateur-regionalliga-centre,automatic_forward_price_proxy,baseline_league_average_forward_fixture,baseline_unmatched_fixture,odds_api_io_Bet365_ML,free_api_market_proxy,free_api_market_proxy_extra_multi_event_call,draw,3.8,3.65,0.274,0.263158,0.010842,0.0412,1.0
e7774367aa092117b2a6,3ff1be8b6f1e1ed8ec67,odds_api_io_61466383,2026-05-21,17:00,SK Treibach,FC Gleisdorf 09,austria-amateur-regionalliga-centre,automatic_forward_price_proxy,baseline_league_average_forward_fixture,baseline_unmatched_fixture,odds_api_io_Bet365_ML,free_api_market_proxy,free_api_market_proxy_extra_multi_event_call,away,1.8,2.87,0.3488,0.555556,-0.206756,-0.37216,1.0
10f9740c9382fa41c3c8,66d05cc598142991bb4f,odds_api_io_70663780,2026-05-21,17:00,Tarup-Paarup IF,Vorup FB,denmark-amateur-danmarksserien,automatic_forward_price_proxy,baseline_league_average_forward_fixture,baseline_unmatched_fixture,odds_api_io_Bet365_ML,free_api_market_proxy,free_api_market_proxy_extra_multi_event_call,home,5.0,2.65,0.3772,0.2,0.1772,0.886,1.0
6d340d84b4fbdb30f979,66d05cc598142991bb4f,odds_api_io_70663780,2026-05-21,17:00,Tarup-Paarup IF,Vorup FB,denmark-amateur-danmarksserien,automatic_forward_price_proxy,baseline_league_average_forward_fixture,baseline_unmatched_fixture,odds_api_io_Bet365_ML,free_api_market_proxy,free_api_market_proxy_extra_multi_event_call,draw,5.0,3.65,0.274,0.2,0.074,0.37,1.0
b2e49c619a5ac0fc4086,66d05cc598142991bb4f,odds_api_io_70663780,2026-05-21,17:00,Tarup-Paarup IF,Vorup FB,denmark-amateur-danmarksserien,automatic_forward_price_proxy,baseline_league_average_forward_fixture,baseline_unmatched_fixture,odds_api_io_Bet365_ML,free_api_market_proxy,free_api_market_proxy_extra_multi_event_call,away,1.4,2.87,0.3488,0.714286,-0.365486,-0.51168,1.0
49f8cd3218c993da7c0a,410ceec176c1c2fab9d6,odds_api_io_69880336,2026-05-21,17:00,Wadi Degla SC,Zed FC,egypt-premier-league,automatic_forward_price_proxy,baseline_league_average_forward_fixture,baseline_unmatched_fixture,odds_api_io_Bet365_ML,free_api_market_proxy,free_api_market_proxy_extra_multi_event_call,home,2.15,2.65,0.3772,0.465116,-0.087916,-0.18902,1.0
d88b199228ae234a4cba,410ceec176c1c2fab9d6,odds_api_io_69880336,2026-05-21,17:00,Wadi Degla SC,Zed FC,egypt-premier-league,automatic_forward_price_proxy,baseline_league_average_forward_fixture,baseline_unmatched_fixture,odds_api_io_Bet365_ML,free_api_market_proxy,free_api_market_proxy_extra_multi_event_call,draw,2.8,3.65,0.274,0.357143,-0.083143,-0.2328,1.0
4e96c369c0b2fe97571d,410ceec176c1c2fab9d6,odds_api_io_69880336,2026-05-21,17:00,Wadi Degla SC,Zed FC,egypt-premier-league,automatic_forward_price_proxy,baseline_league_average_forward_fixture,baseline_unmatched_fixture,odds_api_io_Bet365_ML,free_api_market_proxy,free_api_market_proxy_extra_multi_event_call,away,3.6,2.87,0.3488,0.277778,0.071022,0.25568,1.0
19edc9e1123ed3d7d066,fbb5d3b2826389d455a1,odds_api_io_71530420,2026-05-21,17:20,Al-Fahaheel,Kuwait SC,kuwait-premier-league,automatic_forward_price_proxy,baseline_league_average_forward_fixture,baseline_unmatched_fixture,odds_api_io_Bet365_ML,free_api_market_proxy,free_api_market_proxy_extra_multi_event_call,home,9.5,2.65,0.3772,0.105263,0.271937,2.5834,1.0
0ddc602f5898b0794c2f,fbb5d3b2826389d455a1,odds_api_io_71530420,2026-05-21,17:20,Al-Fahaheel,Kuwait SC,kuwait-premier-league,automatic_forward_price_proxy,baseline_league_average_forward_fixture,baseline_unmatched_fixture,odds_api_io_Bet365_ML,free_api_market_proxy,free_api_market_proxy_extra_multi_event_call,draw,4.75,3.65,0.274,0.210526,0.063474,0.3015,1.0
319977e2efd42d28fd9e,fbb5d3b2826389d455a1,odds_api_io_71530420,2026-05-21,17:20,Al-Fahaheel,Kuwait SC,kuwait-premier-league,automatic_forward_price_proxy,baseline_league_average_forward_fixture,baseline_unmatched_fixture,odds_api_io_Bet365_ML,free_api_market_proxy,free_api_market_proxy_extra_multi_event_call,away,1.25,2.87,0.3488,0.8,-0.4512,-0.564,1.0
badc7957ad69a5b59eb0,e50e461f58c73074b108,odds_api_io_64055897,2026-05-21,18:00,Al Nassr Club,Damac FC,saudi-arabia-saudi-pro-league,automatic_forward_price_proxy,baseline_league_average_forward_fixture,baseline_unmatched_fixture,odds_api_io_Bet365_ML,free_api_market_proxy,free_api_market_proxy_extra_multi_event_call,home,1.111,2.65,0.3772,0.90009,-0.52289,-0.580931,1.0
8d8787fde222a7514615,e50e461f58c73074b108,odds_api_io_64055897,2026-05-21,18:00,Al Nassr Club,Damac FC,saudi-arabia-saudi-pro-league,automatic_forward_price_proxy,baseline_league_average_forward_fixture,baseline_unmatched_fixture,odds_api_io_Bet365_ML,free_api_market_proxy,free_api_market_proxy_extra_multi_event_call,draw,9.0,3.65,0.274,0.111111,0.162889,1.466,1.0
6cc93f08e9957ef92743,e50e461f58c73074b108,odds_api_io_64055897,2026-05-21,18:00,Al Nassr Club,Damac FC,saudi-arabia-saudi-pro-league,automatic_forward_price_proxy,baseline_league_average_forward_fixture,baseline_unmatched_fixture,odds_api_io_Bet365_ML,free_api_market_proxy,free_api_market_proxy_extra_multi_event_call,away,15.0,2.87,0.3488,0.066667,0.282133,4.232,1.0
03df7bffb6afb9796dda,96f150ceffee27d3051a,odds_api_io_64055885,2026-05-21,18:00,Al-Fayha FC,Al Hilal SFC,saudi-arabia-saudi-pro-league,automatic_forward_price_proxy,baseline_league_average_forward_fixture,baseline_unmatched_fixture,odds_api_io_Bet365_ML,free_api_market_proxy,free_api_market_proxy_extra_multi_event_call,home,9.0,2.65,0.3772,0.111111,0.266089,2.3948,1.0
b9e6689f1dc6a48effd1,96f150ceffee27d3051a,odds_api_io_64055885,2026-05-21,18:00,Al-Fayha FC,Al Hilal SFC,saudi-arabia-saudi-pro-league,automatic_forward_price_proxy,baseline_league_average_forward_fixture,baseline_unmatched_fixture,odds_api_io_Bet365_ML,free_api_market_proxy,free_api_market_proxy_extra_multi_event_call,draw,7.5,3.65,0.274,0.133333,0.140667,1.055,1.0
67be2bb4c1f1f508d9fc,96f150ceffee27d3051a,odds_api_io_64055885,2026-05-21,18:00,Al-Fayha FC,Al Hilal SFC,saudi-arabia-saudi-pro-league,automatic_forward_price_proxy,baseline_league_average_forward_fixture,baseline_unmatched_fixture,odds_api_io_Bet365_ML,free_api_market_proxy,free_api_market_proxy_extra_multi_event_call,away,1.2,2.87,0.3488,0.833333,-0.484533,-0.58144,1.0
3a9469728b9adcdb2a7d,12c2690e5e8be9303d58,odds_api_io_64055887,2026-05-21,18:00,Al-Hazm,Al-Taawoun FC,saudi-arabia-saudi-pro-league,automatic_forward_price_proxy,baseline_league_average_forward_fixture,baseline_unmatched_fixture,odds_api_io_Bet365_ML,free_api_market_proxy,free_api_market_proxy_extra_multi_event_call,home,3.75,2.65,0.3772,0.266667,0.110533,0.4145,1.0
a60ba297e8a34a1c1903,12c2690e5e8be9303d58,odds_api_io_64055887,2026-05-21,18:00,Al-Hazm,Al-Taawoun FC,saudi-arabia-saudi-pro-league,automatic_forward_price_proxy,baseline_league_average_forward_fixture,baseline_unmatched_fixture,odds_api_io_Bet365_ML,free_api_market_proxy,free_api_market_proxy_extra_multi_event_call,draw,4.0,3.65,0.274,0.25,0.024,0.096,1.0
aa5c03c74c2a5f6998a0,12c2690e5e8be9303d58,odds_api_io_64055887,2026-05-21,18:00,Al-Hazm,Al-Taawoun FC,saudi-arabia-saudi-pro-league,automatic_forward_price_proxy,baseline_league_average_forward_fixture,baseline_unmatched_fixture,odds_api_io_Bet365_ML,free_api_market_proxy,free_api_market_proxy_extra_multi_event_call,away,1.75,2.87,0.3488,0.571429,-0.222629,-0.3896,1.0
1f3e4ace9ae95c2832c0,66330082f6817f895eb7,odds_api_io_64055889,2026-05-21,18:00,Al-Ittihad Club,Al Qadsiah,saudi-arabia-saudi-pro-league,automatic_forward_price_proxy,baseline_league_average_forward_fixture,baseline_unmatched_fixture,odds_api_io_Bet365_ML,free_api_market_proxy,free_api_market_proxy_extra_multi_event_call,home,2.625,2.65,0.3772,0.380952,-0.003752,-0.00985,1.0
d7571d1e7ca6a39ff150,66330082f6817f895eb7,odds_api_io_64055889,2026-05-21,18:00,Al-Ittihad Club,Al Qadsiah,saudi-arabia-saudi-pro-league,automatic_forward_price_proxy,baseline_league_average_forward_fixture,baseline_unmatched_fixture,odds_api_io_Bet365_ML,free_api_market_proxy,free_api_market_proxy_extra_multi_event_call,draw,3.6,3.65,0.274,0.277778,-0.003778,-0.0136,1.0
1ae3846e02b703397607,66330082f6817f895eb7,odds_api_io_64055889,2026-05-21,18:00,Al-Ittihad Club,Al Qadsiah,saudi-arabia-saudi-pro-league,automatic_forward_price_proxy,baseline_league_average_forward_fixture,baseline_unmatched_fixture,odds_api_io_Bet365_ML,free_api_market_proxy,free_api_market_proxy_extra_multi_event_call,away,2.15,2.87,0.3488,0.465116,-0.116316,-0.25008,1.0
09849a8f7966155a052c,54702d50b88d149e5039,odds_api_io_64055893,2026-05-21,18:00,Al-Kholood,Al-Fateh SC,saudi-arabia-saudi-pro-league,automatic_forward_price_proxy,baseline_league_average_forward_fixture,baseline_unmatched_fixture,odds_api_io_Bet365_ML,free_api_market_proxy,free_api_market_proxy_extra_multi_event_call,home,2.45,2.65,0.3772,0.408163,-0.030963,-0.07586,1.0
35acea3c6060b364090f,54702d50b88d149e5039,odds_api_io_64055893,2026-05-21,18:00,Al-Kholood,Al-Fateh SC,saudi-arabia-saudi-pro-league,automatic_forward_price_proxy,baseline_league_average_forward_fixture,baseline_unmatched_fixture,odds_api_io_Bet365_ML,free_api_market_proxy,free_api_market_proxy_extra_multi_event_call,draw,3.8,3.65,0.274,0.263158,0.010842,0.0412,1.0
368b90dce18b753693a9,54702d50b88d149e5039,odds_api_io_64055893,2026-05-21,18:00,Al-Kholood,Al-Fateh SC,saudi-arabia-saudi-pro-league,automatic_forward_price_proxy,baseline_league_average_forward_fixture,baseline_unmatched_fixture,odds_api_io_Bet365_ML,free_api_market_proxy,free_api_market_proxy_extra_multi_event_call,away,2.45,2.87,0.3488,0.408163,-0.059363,-0.14544,1.0
6074547ba927cc8ab8c2,eb9336591170966dcc11,odds_api_io_64055899,2026-05-21,18:00,Al-Riyadh SC,Al-Okhdood Club,saudi-arabia-saudi-pro-league,automatic_forward_price_proxy,baseline_league_average_forward_fixture,baseline_unmatched_fixture,odds_api_io_Bet365_ML,free_api_market_proxy,free_api_market_proxy_extra_multi_event_call,home,1.38,2.65,0.3772,0.724638,-0.347438,-0.479464,1.0
a67d19d740350a53dba8,eb9336591170966dcc11,odds_api_io_64055899,2026-05-21,18:00,Al-Riyadh SC,Al-Okhdood Club,saudi-arabia-saudi-pro-league,automatic_forward_price_proxy,baseline_league_average_forward_fixture,baseline_unmatched_fixture,odds_api_io_Bet365_ML,free_api_market_proxy,free_api_market_proxy_extra_multi_event_call,draw,5.0,3.65,0.274,0.2,0.074,0.37,1.0
f31d09cc78e33b336062,eb9336591170966dcc11,odds_api_io_64055899,2026-05-21,18:00,Al-Riyadh SC,Al-Okhdood Club,saudi-arabia-saudi-pro-league,automatic_forward_price_proxy,baseline_league_average_forward_fixture,baseline_unmatched_fixture,odds_api_io_Bet365_ML,free_api_market_proxy,free_api_market_proxy_extra_multi_event_call,away,6.25,2.87,0.3488,0.16,0.1888,1.18,1.0
aaf0995f4b84fa943a5b,1a64e43c1bea6a036a66,odds_api_io_71553438,2026-05-21,18:00,Boca Juniors,CA River Plate (ARG),argentina-primera-division-women,automatic_forward_price_proxy,baseline_league_average_forward_fixture,baseline_unmatched_fixture,odds_api_io_Bet365_ML,free_api_market_proxy,free_api_market_proxy_extra_multi_event_call,home,2.0,2.65,0.3772,0.5,-0.1228,-0.2456,1.0
907a8da2762710b570cc,1a64e43c1bea6a036a66,odds_api_io_71553438,2026-05-21,18:00,Boca Juniors,CA River Plate (ARG),argentina-primera-division-women,automatic_forward_price_proxy,baseline_league_average_forward_fixture,baseline_unmatched_fixture,odds_api_io_Bet365_ML,free_api_market_proxy,free_api_market_proxy_extra_multi_event_call,draw,2.9,3.65,0.274,0.344828,-0.070828,-0.2054,1.0
44ae0dfb37cc35d65941,1a64e43c1bea6a036a66,odds_api_io_71553438,2026-05-21,18:00,Boca Juniors,CA River Plate (ARG),argentina-primera-division-women,automatic_forward_price_proxy,baseline_league_average_forward_fixture,baseline_unmatched_fixture,odds_api_io_Bet365_ML,free_api_market_proxy,free_api_market_proxy_extra_multi_event_call,away,3.5,2.87,0.3488,0.285714,0.063086,0.2208,1.0
38b88f9ed34b0ad22874,d115e59493cade2be7e8,odds_api_io_70207436,2026-05-21,18:30,KAA Gent,Union Saint-Gilloise,belgium-pro-league,automatic_forward_price_proxy,baseline_league_average_forward_fixture,baseline_unmatched_fixture,football_data_bet365_proxy,delayed_market_proxy,free_delayed_fixture_odds_proxy,home,4.5,2.65,0.3772,0.222222,0.154978,0.6974,0.7503
35ebf26435446ccf57da,d115e59493cade2be7e8,odds_api_io_70207436,2026-05-21,18:30,KAA Gent,Union Saint-Gilloise,belgium-pro-league,automatic_forward_price_proxy,baseline_league_average_forward_fixture,baseline_unmatched_fixture,football_data_bet365_proxy,delayed_market_proxy,free_delayed_fixture_odds_proxy,draw,3.7,3.65,0.274,0.27027,0.00373,0.0138,0.7503
44eeb1566fa6b44bd449,d115e59493cade2be7e8,odds_api_io_70207436,2026-05-21,18:30,KAA Gent,Union Saint-Gilloise,belgium-pro-league,automatic_forward_price_proxy,baseline_league_average_forward_fixture,baseline_unmatched_fixture,football_data_bet365_proxy,delayed_market_proxy,free_delayed_fixture_odds_proxy,away,1.75,2.87,0.3488,0.571429,-0.222629,-0.3896,0.7503
cc652abbfa167d3d0543,d115e59493cade2be7e8,odds_api_io_70207436,2026-05-21,18:30,KAA Gent,Union Saint-Gilloise,belgium-pro-league,automatic_forward_price_proxy,baseline_league_average_forward_fixture,baseline_unmatched_fixture,football_data_max_market_proxy,delayed_market_proxy,free_delayed_fixture_odds_proxy,home,4.6,2.65,0.3772,0.217391,0.159809,0.73512,0.7503
8782e48fb09aba2d274a,d115e59493cade2be7e8,odds_api_io_70207436,2026-05-21,18:30,KAA Gent,Union Saint-Gilloise,belgium-pro-league,automatic_forward_price_proxy,baseline_league_average_forward_fixture,baseline_unmatched_fixture,football_data_max_market_proxy,delayed_market_proxy,free_delayed_fixture_odds_proxy,draw,3.8,3.65,0.274,0.263158,0.010842,0.0412,0.7503
d4a983d30ae38a741f0b,d115e59493cade2be7e8,odds_api_io_70207436,2026-05-21,18:30,KAA Gent,Union Saint-Gilloise,belgium-pro-league,automatic_forward_price_proxy,baseline_league_average_forward_fixture,baseline_unmatched_fixture,football_data_max_market_proxy,delayed_market_proxy,free_delayed_fixture_odds_proxy,away,1.8,2.87,0.3488,0.555556,-0.206756,-0.37216,0.7503
8a4631d0fc6fc9513c0c,d115e59493cade2be7e8,odds_api_io_70207436,2026-05-21,18:30,KAA Gent,Union Saint-Gilloise,belgium-pro-league,automatic_forward_price_proxy,baseline_league_average_forward_fixture,baseline_unmatched_fixture,football_data_average_market_proxy,delayed_market_proxy,free_delayed_fixture_odds_proxy,home,4.32,2.65,0.3772,0.231481,0.145719,0.629504,0.7503
e619ff4939dc80ab7a99,d115e59493cade2be7e8,odds_api_io_70207436,2026-05-21,18:30,KAA Gent,Union Saint-Gilloise,belgium-pro-league,automatic_forward_price_proxy,baseline_league_average_forward_fixture,baseline_unmatched_fixture,football_data_average_market_proxy,delayed_market_proxy,free_delayed_fixture_odds_proxy,draw,3.61,3.65,0.274,0.277008,-0.003008,-0.01086,0.7503
a468c1d6673bd8b9f714,d115e59493cade2be7e8,odds_api_io_70207436,2026-05-21,18:30,KAA Gent,Union Saint-Gilloise,belgium-pro-league,automatic_forward_price_proxy,baseline_league_average_forward_fixture,baseline_unmatched_fixture,football_data_average_market_proxy,delayed_market_proxy,free_delayed_fixture_odds_proxy,away,1.73,2.87,0.3488,0.578035,-0.229235,-0.396576,0.7503
88f29053b1b770fd6cc2,1f7a9173fd59ecf345d3,odds_api_io_70207438,2026-05-21,18:30,RSC Anderlecht,St. Truidense VV,belgium-pro-league,automatic_forward_price_proxy,baseline_league_average_forward_fixture,baseline_unmatched_fixture,football_data_bet365_proxy,delayed_market_proxy,free_delayed_fixture_odds_proxy,home,2.2,2.65,0.3772,0.454545,-0.077345,-0.17016,0.92
7b429deadddf5902be9c,1f7a9173fd59ecf345d3,odds_api_io_70207438,2026-05-21,18:30,RSC Anderlecht,St. Truidense VV,belgium-pro-league,automatic_forward_price_proxy,baseline_league_average_forward_fixture,baseline_unmatched_fixture,football_data_bet365_proxy,delayed_market_proxy,free_delayed_fixture_odds_proxy,draw,3.75,3.65,0.274,0.266667,0.007333,0.0275,0.92
d12300ab8d1370bedf88,1f7a9173fd59ecf345d3,odds_api_io_70207438,2026-05-21,18:30,RSC Anderlecht,St. Truidense VV,belgium-pro-league,automatic_forward_price_proxy,baseline_league_average_forward_fixture,baseline_unmatched_fixture,football_data_bet365_proxy,delayed_market_proxy,free_delayed_fixture_odds_proxy,away,3.0,2.87,0.3488,0.333333,0.015467,0.0464,0.92
122a6dd31dd5c67bd517,1f7a9173fd59ecf345d3,odds_api_io_70207438,2026-05-21,18:30,RSC Anderlecht,St. Truidense VV,belgium-pro-league,automatic_forward_price_proxy,baseline_league_average_forward_fixture,baseline_unmatched_fixture,football_data_max_market_proxy,delayed_market_proxy,free_delayed_fixture_odds_proxy,home,2.2,2.65,0.3772,0.454545,-0.077345,-0.17016,0.92
e9d48002c0e122c8660b,1f7a9173fd59ecf345d3,odds_api_io_70207438,2026-05-21,18:30,RSC Anderlecht,St. Truidense VV,belgium-pro-league,automatic_forward_price_proxy,baseline_league_average_forward_fixture,baseline_unmatched_fixture,football_data_max_market_proxy,delayed_market_proxy,free_delayed_fixture_odds_proxy,draw,3.75,3.65,0.274,0.266667,0.007333,0.0275,0.92
268db08f75b3eaac2075,1f7a9173fd59ecf345d3,odds_api_io_70207438,2026-05-21,18:30,RSC Anderlecht,St. Truidense VV,belgium-pro-league,automatic_forward_price_proxy,baseline_league_average_forward_fixture,baseline_unmatched_fixture,football_data_max_market_proxy,delayed_market_proxy,free_delayed_fixture_odds_proxy,away,3.1,2.87,0.3488,0.322581,0.026219,0.08128,0.92
ab4f07ec1e735ee78fee,1f7a9173fd59ecf345d3,odds_api_io_70207438,2026-05-21,18:30,RSC Anderlecht,St. Truidense VV,belgium-pro-league,automatic_forward_price_proxy,baseline_league_average_forward_fixture,baseline_unmatched_fixture,football_data_average_market_proxy,delayed_market_proxy,free_delayed_fixture_odds_proxy,home,2.14,2.65,0.3772,0.46729,-0.09009,-0.192792,0.92
3ef6e215d9531bff02bc,1f7a9173fd59ecf345d3,odds_api_io_70207438,2026-05-21,18:30,RSC Anderlecht,St. Truidense VV,belgium-pro-league,automatic_forward_price_proxy,baseline_league_average_forward_fixture,baseline_unmatched_fixture,football_data_average_market_proxy,delayed_market_proxy,free_delayed_fixture_odds_proxy,draw,3.61,3.65,0.274,0.277008,-0.003008,-0.01086,0.92
2df1a97ac9f328bc73d3,1f7a9173fd59ecf345d3,odds_api_io_70207438,2026-05-21,18:30,RSC Anderlecht,St. Truidense VV,belgium-pro-league,automatic_forward_price_proxy,baseline_league_average_forward_fixture,baseline_unmatched_fixture,football_data_average_market_proxy,delayed_market_proxy,free_delayed_fixture_odds_proxy,away,2.92,2.87,0.3488,0.342466,0.006334,0.018496,0.92
d04299faa8dd80576492,8d9b51b61775ef65b791,odds_api_io_70207440,2026-05-21,18:30,Yellow-Red KV Mechelen,Club Brugge,belgium-pro-league,automatic_forward_price_proxy,baseline_league_average_forward_fixture,baseline_unmatched_fixture,football_data_bet365_proxy,delayed_market_proxy,free_delayed_fixture_odds_proxy,home,7.0,2.65,0.3772,0.142857,0.234343,1.6404,0.96
43d059c2119e85441f19,8d9b51b61775ef65b791,odds_api_io_70207440,2026-05-21,18:30,Yellow-Red KV Mechelen,Club Brugge,belgium-pro-league,automatic_forward_price_proxy,baseline_league_average_forward_fixture,baseline_unmatched_fixture,football_data_bet365_proxy,delayed_market_proxy,free_delayed_fixture_odds_proxy,draw,4.75,3.65,0.274,0.210526,0.063474,0.3015,0.96
ef0a2c3a695b7b03ada9,8d9b51b61775ef65b791,odds_api_io_70207440,2026-05-21,18:30,Yellow-Red KV Mechelen,Club Brugge,belgium-pro-league,automatic_forward_price_proxy,baseline_league_average_forward_fixture,baseline_unmatched_fixture,football_data_bet365_proxy,delayed_market_proxy,free_delayed_fixture_odds_proxy,away,1.38,2.87,0.3488,0.724638,-0.375838,-0.518656,0.96
ed6f837d79360d05d53b,8d9b51b61775ef65b791,odds_api_io_70207440,2026-05-21,18:30,Yellow-Red KV Mechelen,Club Brugge,belgium-pro-league,automatic_forward_price_proxy,baseline_league_average_forward_fixture,baseline_unmatched_fixture,football_data_max_market_proxy,delayed_market_proxy,free_delayed_fixture_odds_proxy,home,7.0,2.65,0.3772,0.142857,0.234343,1.6404,0.96
770533bec87699c0eb76,8d9b51b61775ef65b791,odds_api_io_70207440,2026-05-21,18:30,Yellow-Red KV Mechelen,Club Brugge,belgium-pro-league,automatic_forward_price_proxy,baseline_league_average_forward_fixture,baseline_unmatched_fixture,football_data_max_market_proxy,delayed_market_proxy,free_delayed_fixture_odds_proxy,draw,5.25,3.65,0.274,0.190476,0.083524,0.4385,0.96
14288d1db4fcb58dd703,8d9b51b61775ef65b791,odds_api_io_70207440,2026-05-21,18:30,Yellow-Red KV Mechelen,Club Brugge,belgium-pro-league,automatic_forward_price_proxy,baseline_league_average_forward_fixture,baseline_unmatched_fixture,football_data_max_market_proxy,delayed_market_proxy,free_delayed_fixture_odds_proxy,away,1.41,2.87,0.3488,0.70922,-0.36042,-0.508192,0.96
131f22edf606a4cfd94c,8d9b51b61775ef65b791,odds_api_io_70207440,2026-05-21,18:30,Yellow-Red KV Mechelen,Club Brugge,belgium-pro-league,automatic_forward_price_proxy,baseline_league_average_forward_fixture,baseline_unmatched_fixture,football_data_average_market_proxy,delayed_market_proxy,free_delayed_fixture_odds_proxy,home,6.57,2.65,0.3772,0.152207,0.224993,1.478204,0.96
756a7fe7bcdb7870f7d3,8d9b51b61775ef65b791,odds_api_io_70207440,2026-05-21,18:30,Yellow-Red KV Mechelen,Club Brugge,belgium-pro-league,automatic_forward_price_proxy,baseline_league_average_forward_fixture,baseline_unmatched_fixture,football_data_average_market_proxy,delayed_market_proxy,free_delayed_fixture_odds_proxy,draw,5.0,3.65,0.274,0.2,0.074,0.37,0.96
e9051d203b89af6b83a8,8d9b51b61775ef65b791,odds_api_io_70207440,2026-05-21,18:30,Yellow-Red KV Mechelen,Club Brugge,belgium-pro-league,automatic_forward_price_proxy,baseline_league_average_forward_fixture,baseline_unmatched_fixture,football_data_average_market_proxy,delayed_market_proxy,free_delayed_fixture_odds_proxy,away,1.37,2.87,0.3488,0.729927,-0.381127,-0.522144,0.96
31bcb38cb9ebc88fd193,a77b3a0136562ae81e4b,fd_B1_2026-05-21_Anderlecht_St_Truiden,2026-05-21,19:30,Anderlecht,St Truiden,B1,automatic_forward_price_proxy,baseline_league_average_forward_fixture,baseline_unmatched_fixture,football_data_bet365_proxy,delayed_market_proxy,free_delayed_fixture_odds_proxy,home,2.2,2.65,0.3772,0.454545,-0.077345,-0.17016,1.0
f0331d41e5d11314a7c5,a77b3a0136562ae81e4b,fd_B1_2026-05-21_Anderlecht_St_Truiden,2026-05-21,19:30,Anderlecht,St Truiden,B1,automatic_forward_price_proxy,baseline_league_average_forward_fixture,baseline_unmatched_fixture,football_data_bet365_proxy,delayed_market_proxy,free_delayed_fixture_odds_proxy,draw,3.75,3.65,0.274,0.266667,0.007333,0.0275,1.0
6f4c24f68ae09f82a0fa,a77b3a0136562ae81e4b,fd_B1_2026-05-21_Anderlecht_St_Truiden,2026-05-21,19:30,Anderlecht,St Truiden,B1,automatic_forward_price_proxy,baseline_league_average_forward_fixture,baseline_unmatched_fixture,football_data_bet365_proxy,delayed_market_proxy,free_delayed_fixture_odds_proxy,away,3.0,2.87,0.3488,0.333333,0.015467,0.0464,1.0
121f8abfde2dc686bac2,a77b3a0136562ae81e4b,fd_B1_2026-05-21_Anderlecht_St_Truiden,2026-05-21,19:30,Anderlecht,St Truiden,B1,automatic_forward_price_proxy,baseline_league_average_forward_fixture,baseline_unmatched_fixture,football_data_max_market_proxy,delayed_market_proxy,free_delayed_fixture_odds_proxy,home,2.2,2.65,0.3772,0.454545,-0.077345,-0.17016,1.0
0009c1eb6a8bc27b5f21,a77b3a0136562ae81e4b,fd_B1_2026-05-21_Anderlecht_St_Truiden,2026-05-21,19:30,Anderlecht,St Truiden,B1,automatic_forward_price_proxy,baseline_league_average_forward_fixture,baseline_unmatched_fixture,football_data_max_market_proxy,delayed_market_proxy,free_delayed_fixture_odds_proxy,draw,3.75,3.65,0.274,0.266667,0.007333,0.0275,1.0
f279f885be1d7088fed2,a77b3a0136562ae81e4b,fd_B1_2026-05-21_Anderlecht_St_Truiden,2026-05-21,19:30,Anderlecht,St Truiden,B1,automatic_forward_price_proxy,baseline_league_average_forward_fixture,baseline_unmatched_fixture,football_data_max_market_proxy,delayed_market_proxy,free_delayed_fixture_odds_proxy,away,3.1,2.87,0.3488,0.322581,0.026219,0.08128,1.0
39a51f307c68c049deb8,a77b3a0136562ae81e4b,fd_B1_2026-05-21_Anderlecht_St_Truiden,2026-05-21,19:30,Anderlecht,St Truiden,B1,automatic_forward_price_proxy,baseline_league_average_forward_fixture,baseline_unmatched_fixture,football_data_average_market_proxy,delayed_market_proxy,free_delayed_fixture_odds_proxy,home,2.14,2.65,0.3772,0.46729,-0.09009,-0.192792,1.0
727a3b626c9571a00886,a77b3a0136562ae81e4b,fd_B1_2026-05-21_Anderlecht_St_Truiden,2026-05-21,19:30,Anderlecht,St Truiden,B1,automatic_forward_price_proxy,baseline_league_average_forward_fixture,baseline_unmatched_fixture,football_data_average_market_proxy,delayed_market_proxy,free_delayed_fixture_odds_proxy,draw,3.61,3.65,0.274,0.277008,-0.003008,-0.01086,1.0
fefdecd9c4cfeeeef366,a77b3a0136562ae81e4b,fd_B1_2026-05-21_Anderlecht_St_Truiden,2026-05-21,19:30,Anderlecht,St Truiden,B1,automatic_forward_price_proxy,baseline_league_average_forward_fixture,baseline_unmatched_fixture,football_data_average_market_proxy,delayed_market_proxy,free_delayed_fixture_odds_proxy,away,2.92,2.87,0.3488,0.342466,0.006334,0.018496,1.0
c975b81217978bfe5862,0feb27e53c2d790d6c02,fd_B1_2026-05-21_Gent_St._Gilloise,2026-05-21,19:30,Gent,St. Gilloise,B1,automatic_forward_price_proxy,baseline_league_average_forward_fixture,baseline_unmatched_fixture,football_data_bet365_proxy,delayed_market_proxy,free_delayed_fixture_odds_proxy,home,4.5,2.65,0.3772,0.222222,0.154978,0.6974,1.0
45802fb184fbaad68789,0feb27e53c2d790d6c02,fd_B1_2026-05-21_Gent_St._Gilloise,2026-05-21,19:30,Gent,St. Gilloise,B1,automatic_forward_price_proxy,baseline_league_average_forward_fixture,baseline_unmatched_fixture,football_data_bet365_proxy,delayed_market_proxy,free_delayed_fixture_odds_proxy,draw,3.7,3.65,0.274,0.27027,0.00373,0.0138,1.0
6a07fde678ccc3c648c8,0feb27e53c2d790d6c02,fd_B1_2026-05-21_Gent_St._Gilloise,2026-05-21,19:30,Gent,St. Gilloise,B1,automatic_forward_price_proxy,baseline_league_average_forward_fixture,baseline_unmatched_fixture,football_data_bet365_proxy,delayed_market_proxy,free_delayed_fixture_odds_proxy,away,1.75,2.87,0.3488,0.571429,-0.222629,-0.3896,1.0
370848c4babed6508c95,0feb27e53c2d790d6c02,fd_B1_2026-05-21_Gent_St._Gilloise,2026-05-21,19:30,Gent,St. Gilloise,B1,automatic_forward_price_proxy,baseline_league_average_forward_fixture,baseline_unmatched_fixture,football_data_max_market_proxy,delayed_market_proxy,free_delayed_fixture_odds_proxy,home,4.6,2.65,0.3772,0.217391,0.159809,0.73512,1.0
cd3aaf9c99048a9e0341,0feb27e53c2d790d6c02,fd_B1_2026-05-21_Gent_St._Gilloise,2026-05-21,19:30,Gent,St. Gilloise,B1,automatic_forward_price_proxy,baseline_league_average_forward_fixture,baseline_unmatched_fixture,football_data_max_market_proxy,delayed_market_proxy,free_delayed_fixture_odds_proxy,draw,3.8,3.65,0.274,0.263158,0.010842,0.0412,1.0
a033e345300f863f534c,0feb27e53c2d790d6c02,fd_B1_2026-05-21_Gent_St._Gilloise,2026-05-21,19:30,Gent,St. Gilloise,B1,automatic_forward_price_proxy,baseline_league_average_forward_fixture,baseline_unmatched_fixture,football_data_max_market_proxy,delayed_market_proxy,free_delayed_fixture_odds_proxy,away,1.8,2.87,0.3488,0.555556,-0.206756,-0.37216,1.0
9fd653e0a7e8f6475483,0feb27e53c2d790d6c02,fd_B1_2026-05-21_Gent_St._Gilloise,2026-05-21,19:30,Gent,St. Gilloise,B1,automatic_forward_price_proxy,baseline_league_average_forward_fixture,baseline_unmatched_fixture,football_data_average_market_proxy,delayed_market_proxy,free_delayed_fixture_odds_proxy,home,4.32,2.65,0.3772,0.231481,0.145719,0.629504,1.0
1277ec94474204f05053,0feb27e53c2d790d6c02,fd_B1_2026-05-21_Gent_St._Gilloise,2026-05-21,19:30,Gent,St. Gilloise,B1,automatic_forward_price_proxy,baseline_league_average_forward_fixture,baseline_unmatched_fixture,football_data_average_market_proxy,delayed_market_proxy,free_delayed_fixture_odds_proxy,draw,3.61,3.65,0.274,0.277008,-0.003008,-0.01086,1.0
4ec994e83f4e680b5706,0feb27e53c2d790d6c02,fd_B1_2026-05-21_Gent_St._Gilloise,2026-05-21,19:30,Gent,St. Gilloise,B1,automatic_forward_price_proxy,baseline_league_average_forward_fixture,baseline_unmatched_fixture,football_data_average_market_proxy,delayed_market_proxy,free_delayed_fixture_odds_proxy,away,1.73,2.87,0.3488,0.578035,-0.229235,-0.396576,1.0
3a605e2fa6d16f58e420,d06eac949f37b5c20854,fd_B1_2026-05-21_Mechelen_Club_Brugge,2026-05-21,19:30,Mechelen,Club Brugge,B1,automatic_forward_price_proxy,baseline_league_average_forward_fixture,baseline_unmatched_fixture,football_data_bet365_proxy,delayed_market_proxy,free_delayed_fixture_odds_proxy,home,7.0,2.65,0.3772,0.142857,0.234343,1.6404,1.0
1214a8522b26d23eb320,d06eac949f37b5c20854,fd_B1_2026-05-21_Mechelen_Club_Brugge,2026-05-21,19:30,Mechelen,Club Brugge,B1,automatic_forward_price_proxy,baseline_league_average_forward_fixture,baseline_unmatched_fixture,football_data_bet365_proxy,delayed_market_proxy,free_delayed_fixture_odds_proxy,draw,4.75,3.65,0.274,0.210526,0.063474,0.3015,1.0
6905dad50e9bedc07d77,d06eac949f37b5c20854,fd_B1_2026-05-21_Mechelen_Club_Brugge,2026-05-21,19:30,Mechelen,Club Brugge,B1,automatic_forward_price_proxy,baseline_league_average_forward_fixture,baseline_unmatched_fixture,football_data_bet365_proxy,delayed_market_proxy,free_delayed_fixture_odds_proxy,away,1.38,2.87,0.3488,0.724638,-0.375838,-0.518656,1.0
db1583c3f3feb5cd1723,d06eac949f37b5c20854,fd_B1_2026-05-21_Mechelen_Club_Brugge,2026-05-21,19:30,Mechelen,Club Brugge,B1,automatic_forward_price_proxy,baseline_league_average_forward_fixture,baseline_unmatched_fixture,football_data_max_market_proxy,delayed_market_proxy,free_delayed_fixture_odds_proxy,home,7.0,2.65,0.3772,0.142857,0.234343,1.6404,1.0
7112dec15d927294de89,d06eac949f37b5c20854,fd_B1_2026-05-21_Mechelen_Club_Brugge,2026-05-21,19:30,Mechelen,Club Brugge,B1,automatic_forward_price_proxy,baseline_league_average_forward_fixture,baseline_unmatched_fixture,football_data_max_market_proxy,delayed_market_proxy,free_delayed_fixture_odds_proxy,draw,5.25,3.65,0.274,0.190476,0.083524,0.4385,1.0
0f4396ef195e04aafec8,d06eac949f37b5c20854,fd_B1_2026-05-21_Mechelen_Club_Brugge,2026-05-21,19:30,Mechelen,Club Brugge,B1,automatic_forward_price_proxy,baseline_league_average_forward_fixture,baseline_unmatched_fixture,football_data_max_market_proxy,delayed_market_proxy,free_delayed_fixture_odds_proxy,away,1.41,2.87,0.3488,0.70922,-0.36042,-0.508192,1.0
8dd97be9a59f456dc92e,d06eac949f37b5c20854,fd_B1_2026-05-21_Mechelen_Club_Brugge,2026-05-21,19:30,Mechelen,Club Brugge,B1,automatic_forward_price_proxy,baseline_league_average_forward_fixture,baseline_unmatched_fixture,football_data_average_market_proxy,delayed_market_proxy,free_delayed_fixture_odds_proxy,home,6.57,2.65,0.3772,0.152207,0.224993,1.478204,1.0
1fa8a8ab7eeabab1f788,d06eac949f37b5c20854,fd_B1_2026-05-21_Mechelen_Club_Brugge,2026-05-21,19:30,Mechelen,Club Brugge,B1,automatic_forward_price_proxy,baseline_league_average_forward_fixture,baseline_unmatched_fixture,football_data_average_market_proxy,delayed_market_proxy,free_delayed_fixture_odds_proxy,draw,5.0,3.65,0.274,0.2,0.074,0.37,1.0
201e5a894f89695b6e57,d06eac949f37b5c20854,fd_B1_2026-05-21_Mechelen_Club_Brugge,2026-05-21,19:30,Mechelen,Club Brugge,B1,automatic_forward_price_proxy,baseline_league_average_forward_fixture,baseline_unmatched_fixture,football_data_average_market_proxy,delayed_market_proxy,free_delayed_fixture_odds_proxy,away,1.37,2.87,0.3488,0.729927,-0.381127,-0.522144,1.0
