prediction_id,fixture_id,match_date,match_time,home_team,away_team,league,sample_phase,expected_home_goals,expected_away_goals,home_win_probability,draw_probability,away_win_probability,fair_home_odds,fair_draw_odds,fair_away_odds,model_source
a34fb57cd5c2b5199b69,2267431,2026-05-11,2026-05-12 19:00:00,Tottenham Hotspur,Leeds United,premier_league,upcoming_fixture_probability_only,1.884,1.488,0.4257,0.259,0.31520000000000004,2.35,3.86,3.17,conservative_poisson_forward_fixture
7b65a9bf28de71b10d96,fd_E0_2026-05-11_Tottenham_Leeds,2026-05-11,2026-05-12 20:00:00,Tottenham,Leeds,premier_league,upcoming_fixture_probability_only,1.884,1.488,0.4257,0.259,0.31520000000000004,2.35,3.86,3.17,conservative_poisson_forward_fixture
450dc1ddc6eecf2c644e,fd_I1_2026-05-11_Napoli_Bologna,2026-05-11,2026-05-12 19:45:00,Napoli,Bologna,serie_a,upcoming_fixture_probability_only,1.436,1.165,0.4007,0.2843,0.3149,2.5,3.52,3.18,conservative_poisson_forward_fixture
3d5a5edc82ec8d726575,fd_SP1_2026-05-11_Vallecano_Girona,2026-05-11,2026-05-12 20:00:00,Vallecano,Girona,la_liga,upcoming_fixture_probability_only,1.463,1.315,0.38330000000000003,0.279,0.3376,2.61,3.58,2.96,conservative_poisson_forward_fixture
6b4ceff3fd2c55b8db6b,fd_SP2_2026-05-11_Huesca_Sociedad_B,2026-05-11,2026-05-12 19:30:00,Huesca,Sociedad B,SP2,upcoming_fixture_probability_only,1.516,1.421,0.37720000000000004,0.274,0.3488,2.65,3.65,2.87,baseline_league_average_forward_fixture
91c7da3f265881af706a,fd_I1_2026-05-11_Napoli_Bologna,2026-05-11,2026-05-12 19:45:00,Napoli,Bologna,serie_a,upcoming_fixture_probability_only,1.436,1.165,0.4007,0.2843,0.3149,2.5,3.52,3.18,conservative_poisson_forward_fixture
ea91de51c7aae9d65da2,fd_E0_2026-05-11_Tottenham_Leeds,2026-05-11,2026-05-12 20:00:00,Tottenham,Leeds,premier_league,upcoming_fixture_probability_only,1.884,1.488,0.4257,0.259,0.31520000000000004,2.35,3.86,3.17,conservative_poisson_forward_fixture
c518d4d2d956f3533404,fd_SP1_2026-05-11_Vallecano_Girona,2026-05-11,2026-05-12 20:00:00,Vallecano,Girona,la_liga,upcoming_fixture_probability_only,1.463,1.315,0.38330000000000003,0.279,0.3376,2.61,3.58,2.96,conservative_poisson_forward_fixture
5a1893b36971c536f4f6,fd_P1_2026-05-11_Benfica_Sp_Braga,2026-05-11,2026-05-12 20:15:00,Benfica,Sp Braga,P1,upcoming_fixture_probability_only,1.516,1.421,0.37720000000000004,0.274,0.3488,2.65,3.65,2.87,baseline_league_average_forward_fixture
f3a5bbf9203d8903e4e0,fd_P1_2026-05-11_Estrela_Famalicao,2026-05-11,2026-05-12 20:15:00,Estrela,Famalicao,P1,upcoming_fixture_probability_only,1.516,1.421,0.37720000000000004,0.274,0.3488,2.65,3.65,2.87,baseline_league_average_forward_fixture
d5bbf67de48dc62d11ed,fd_P1_2026-05-11_Gil_Vicente_Arouca,2026-05-11,2026-05-12 20:15:00,Gil Vicente,Arouca,P1,upcoming_fixture_probability_only,1.516,1.421,0.37720000000000004,0.274,0.3488,2.65,3.65,2.87,baseline_league_average_forward_fixture
64b61a05e01f234eb856,fd_P1_2026-05-11_Guimaraes_Casa_Pia,2026-05-11,2026-05-12 20:15:00,Guimaraes,Casa Pia,P1,upcoming_fixture_probability_only,1.516,1.421,0.37720000000000004,0.274,0.3488,2.65,3.65,2.87,baseline_league_average_forward_fixture
fa690fbbe366d618a837,fd_P1_2026-05-11_Rio_Ave_Sp_Lisbon,2026-05-11,2026-05-12 20:15:00,Rio Ave,Sp Lisbon,P1,upcoming_fixture_probability_only,1.516,1.421,0.37720000000000004,0.274,0.3488,2.65,3.65,2.87,baseline_league_average_forward_fixture
d766cb02638d70eed22e,fd_P1_2026-05-11_Santa_Clara_Nacional,2026-05-11,2026-05-12 20:15:00,Santa Clara,Nacional,P1,upcoming_fixture_probability_only,1.516,1.421,0.37720000000000004,0.274,0.3488,2.65,3.65,2.87,baseline_league_average_forward_fixture
000d2cafec9775046209,fd_P1_2026-05-11_Tondela_Moreirense,2026-05-11,2026-05-12 20:15:00,Tondela,Moreirense,P1,upcoming_fixture_probability_only,1.516,1.421,0.37720000000000004,0.274,0.3488,2.65,3.65,2.87,baseline_league_average_forward_fixture
a606aeef177d124c48b0,odds_api_io_70263304,2026-05-11,2026-05-12 21:30:00,CDP Junior FC,Independiente Santa Fe,colombia-liga-femenina,upcoming_fixture_probability_only,1.516,1.421,0.37720000000000004,0.274,0.3488,2.65,3.65,2.87,baseline_league_average_forward_fixture
7073621c88569fbd2d3f,odds_api_io_70263306,2026-05-11,2026-05-12 21:45:00,Millonarios FC,America de Cali Sa,colombia-liga-femenina,upcoming_fixture_probability_only,1.516,1.421,0.37720000000000004,0.274,0.3488,2.65,3.65,2.87,baseline_league_average_forward_fixture
712503384a4f03b25eca,odds_api_io_68215816,2026-05-11,2026-05-12 22:00:00,CR Flamengo RJ,Ferroviaria SP,brazil-campeonato-brasileiro-women,upcoming_fixture_probability_only,1.516,1.421,0.37720000000000004,0.274,0.3488,2.65,3.65,2.87,baseline_league_average_forward_fixture
cae8d7d73c5b68ce5d75,odds_api_io_71382664,2026-05-11,2026-05-12 22:00:00,Deportivo Saprissa,Sporting FC,costa-rica-primera-division-women,upcoming_fixture_probability_only,1.516,1.421,0.37720000000000004,0.274,0.3488,2.65,3.65,2.87,baseline_league_average_forward_fixture
e50f6195353f899a769a,odds_api_io_71310294,2026-05-11,2026-05-12 22:00:00,Loud SC,Funkbol Clube,soccerspecials-kings-league-brazil,upcoming_fixture_probability_only,1.516,1.421,0.37720000000000004,0.274,0.3488,2.65,3.65,2.87,baseline_league_average_forward_fixture
60b4c08268ea312b52b8,odds_api_io_71288970,2026-05-11,2026-05-12 22:00:00,Piaui PI,Ferroviario AC CE,brazil-brasileiro-serie-d,upcoming_fixture_probability_only,1.516,1.421,0.37720000000000004,0.274,0.3488,2.65,3.65,2.87,baseline_league_average_forward_fixture
fdedc87b5c8fd8b2cdb4,odds_api_io_71166720,2026-05-11,2026-05-12 22:30:00,Sol de America Villa Elisa,Guairena FC,paraguay-segunda-division,upcoming_fixture_probability_only,1.516,1.421,0.37720000000000004,0.274,0.3488,2.65,3.65,2.87,baseline_league_average_forward_fixture
2d2020e954c233219aaf,odds_api_io_68042470,2026-05-11,2026-05-12 23:00:00,Cerro Porteno,Club Guarani Asuncion,paraguay-division-de-honor-apertura,upcoming_fixture_probability_only,1.516,1.421,0.37720000000000004,0.274,0.3488,2.65,3.65,2.87,baseline_league_average_forward_fixture
6496b1e67fdb391800fc,odds_api_io_71334976,2026-05-11,2026-05-12 23:00:00,Deportivo Cali,CA Bucaramanga,colombia-copa-colombia,upcoming_fixture_probability_only,1.516,1.421,0.37720000000000004,0.274,0.3488,2.65,3.65,2.87,baseline_league_average_forward_fixture
3814a92f121f096a8879,odds_api_io_71310296,2026-05-11,2026-05-12 23:00:00,G3X FC,Capim FC,soccerspecials-kings-league-brazil,upcoming_fixture_probability_only,1.516,1.421,0.37720000000000004,0.274,0.3488,2.65,3.65,2.87,baseline_league_average_forward_fixture
d0eab24170e2f20dcd2f,odds_api_io_69255010,2026-05-11,2026-05-12 23:00:00,Maringa FC PR,Guarani FC SP,brazil-brasileiro-serie-c,upcoming_fixture_probability_only,1.516,1.421,0.37720000000000004,0.274,0.3488,2.65,3.65,2.87,baseline_league_average_forward_fixture
32c9cfe17077ff68d84d,odds_api_io_71345876,2026-05-11,2026-05-12 23:00:00,Sportivo Trinidense,Sportivo Luqueno,paraguay-camopeonato-femenino-women,upcoming_fixture_probability_only,1.516,1.421,0.37720000000000004,0.274,0.3488,2.65,3.65,2.87,baseline_league_average_forward_fixture
932aed6fdd1e47031354,odds_api_io_71311376,2026-05-11,2026-05-12 23:30:00,Cerro Largo FC,CA Penarol Montevideo,uruguay-primera-division,upcoming_fixture_probability_only,1.516,1.421,0.37720000000000004,0.274,0.3488,2.65,3.65,2.87,baseline_league_average_forward_fixture
76e55e29561cd9906002,odds_api_io_71069118,2026-05-12,2026-05-12 00:00:00,CD Palestino,Deportes Limache,chile-copa-de-la-liga,upcoming_fixture_probability_only,1.516,1.421,0.37720000000000004,0.274,0.3488,2.65,3.65,2.87,baseline_league_average_forward_fixture
c7aafda104386dcf62c3,odds_api_io_68097884,2026-05-12,2026-05-12 00:00:00,Curico Unido,San Marcos de Arica,chile-primera-b,upcoming_fixture_probability_only,1.516,1.421,0.37720000000000004,0.274,0.3488,2.65,3.65,2.87,baseline_league_average_forward_fixture
c818096554156423ba20,odds_api_io_71310298,2026-05-12,2026-05-12 00:00:00,Dendele FC,Fluxo FC,soccerspecials-kings-league-brazil,upcoming_fixture_probability_only,1.516,1.421,0.37720000000000004,0.274,0.3488,2.65,3.65,2.87,baseline_league_average_forward_fixture
bab8eec1b1e38b8fc878,odds_api_io_68687628,2026-05-12,2026-05-12 00:00:00,Mushuc Runa SC,LDU Quito,ecuador-ligapro-primera-a,upcoming_fixture_probability_only,1.516,1.421,0.37720000000000004,0.274,0.3488,2.65,3.65,2.87,baseline_league_average_forward_fixture
896b3aa6953326b62fa2,odds_api_io_71344600,2026-05-12,2026-05-12 00:00:00,R.K.S.V. Scherpenheuvel,C.R.K.S.V. Jong Colombia,curacao-prome-divishon,upcoming_fixture_probability_only,1.516,1.421,0.37720000000000004,0.274,0.3488,2.65,3.65,2.87,baseline_league_average_forward_fixture
e7460d712b7c6419cf10,odds_api_io_68215824,2026-05-12,2026-05-12 00:00:00,SE Palmeiras SP,Atletico Mineiro MG,brazil-campeonato-brasileiro-women,upcoming_fixture_probability_only,1.516,1.421,0.37720000000000004,0.274,0.3488,2.65,3.65,2.87,baseline_league_average_forward_fixture
6ce4d72e07bc3043d962,odds_api_io_71344602,2026-05-12,2026-05-12 00:00:00,S.V. Victory Boys,Inter Willemstad,curacao-prome-divishon,upcoming_fixture_probability_only,1.516,1.421,0.37720000000000004,0.274,0.3488,2.65,3.65,2.87,baseline_league_average_forward_fixture
2b642737191f79e837ea,odds_api_io_71016890,2026-05-12,2026-05-12 00:30:00,SC Corinthians SP,Sao Paulo FC SP,brazil-campeonato-brasileiro-women,upcoming_fixture_probability_only,1.516,1.421,0.37720000000000004,0.274,0.3488,2.65,3.65,2.87,baseline_league_average_forward_fixture
72b6fef377806629b11c,odds_api_io_71398476,2026-05-12,2026-05-12 01:00:00,CD Escorpiones Belen,Inter San Carlos,costa-rica-liga-de-ascenso-clausura,upcoming_fixture_probability_only,1.516,1.421,0.37720000000000004,0.274,0.3488,2.65,3.65,2.87,baseline_league_average_forward_fixture
69f58bfb645858bf886d,odds_api_io_71334960,2026-05-12,2026-05-12 01:00:00,Millonarios FC,Llaneros FC,colombia-copa-colombia,upcoming_fixture_probability_only,1.516,1.421,0.37720000000000004,0.274,0.3488,2.65,3.65,2.87,baseline_league_average_forward_fixture
29c81b196dada7b92554,odds_api_io_70881598,2026-05-12,2026-05-12 01:30:00,Sport Boys Association,Universitario de Deportes,peru-liga-1,upcoming_fixture_probability_only,1.516,1.421,0.37720000000000004,0.274,0.3488,2.65,3.65,2.87,baseline_league_average_forward_fixture
ba69de6239d05a775286,odds_api_io_71382666,2026-05-12,2026-05-12 02:00:00,LD Alajuelense,Dimas Escazu,costa-rica-primera-division-women,upcoming_fixture_probability_only,1.516,1.421,0.37720000000000004,0.274,0.3488,2.65,3.65,2.87,baseline_league_average_forward_fixture
dabb233183cfe864c5d8,odds_api_io_69195816,2026-05-12,2026-05-12 07:30:00,Canberra White Eagles FC,Queanbeyan City FC,australia-u23-capital-npl,upcoming_fixture_probability_only,1.516,1.421,0.37720000000000004,0.274,0.3488,2.65,3.65,2.87,baseline_league_average_forward_fixture
19dab538e00b5ea3a31a,odds_api_io_71325526,2026-05-12,2026-05-12 08:45:00,Brothers Union,Mohammedan SC Dhaka,bangladesh-federation-cup,upcoming_fixture_probability_only,1.516,1.421,0.37720000000000004,0.274,0.3488,2.65,3.65,2.87,baseline_league_average_forward_fixture
ce21558fb1861a710d9e,odds_api_io_71111302,2026-05-12,2026-05-12 09:45:00,Sunshine Coast Wanderers FC,Eastern Suburbs FC,australia-queensland-npl-women,upcoming_fixture_probability_only,1.516,1.421,0.37720000000000004,0.274,0.3488,2.65,3.65,2.87,baseline_league_average_forward_fixture
403bdf4cdf1556c8f708,odds_api_io_61651664,2026-05-12,2026-05-12 10:00:00,FC Oleksandriya,FC Zorya Luhansk,ukraine-premier-league,upcoming_fixture_probability_only,1.516,1.421,0.37720000000000004,0.274,0.3488,2.65,3.65,2.87,baseline_league_average_forward_fixture
81cc742994ee1e88a647,odds_api_io_71372286,2026-05-12,2026-05-12 10:30:00,Cerro Porteno Asuncion,Guarani Asuncion,paraguay-primera-division-reserve-apertura,upcoming_fixture_probability_only,1.516,1.421,0.37720000000000004,0.274,0.3488,2.65,3.65,2.87,baseline_league_average_forward_fixture
fb5291022f6d38baa0d3,odds_api_io_67817690,2026-05-12,2026-05-12 10:30:00,Gangwon FC,Daejeon Citizen FC,republic-of-korea-k-league-1,upcoming_fixture_probability_only,1.516,1.421,0.37720000000000004,0.274,0.3488,2.65,3.65,2.87,baseline_league_average_forward_fixture
34ce66c8f5877b1d188a,odds_api_io_71348330,2026-05-12,2026-05-12 10:30:00,Gold Coast Knights,Gold Coast United FC,australia-queensland-npl-women,upcoming_fixture_probability_only,1.516,1.421,0.37720000000000004,0.274,0.3488,2.65,3.65,2.87,baseline_league_average_forward_fixture
d27355bf775167c01512,odds_api_io_67817692,2026-05-12,2026-05-12 10:30:00,Gwangju FC,FC Seoul,republic-of-korea-k-league-1,upcoming_fixture_probability_only,1.516,1.421,0.37720000000000004,0.274,0.3488,2.65,3.65,2.87,baseline_league_average_forward_fixture
de3d070ab1a07787588d,odds_api_io_71240286,2026-05-12,2026-05-12 10:30:00,Hellenic Athletic Club,Darwin Hearts FC,australia-northern-territory-premier-league,upcoming_fixture_probability_only,1.516,1.421,0.37720000000000004,0.274,0.3488,2.65,3.65,2.87,baseline_league_average_forward_fixture
e05c0d138da074d85971,odds_api_io_67817694,2026-05-12,2026-05-12 10:30:00,Incheon United FC,FC Pohang Steelers,republic-of-korea-k-league-1,upcoming_fixture_probability_only,1.516,1.421,0.37720000000000004,0.274,0.3488,2.65,3.65,2.87,baseline_league_average_forward_fixture
386769fafb5376f24ba7,odds_api_io_71372284,2026-05-12,2026-05-12 10:30:00,Sportivo Ameliano,Deportivo Recoleta Reserve,paraguay-primera-division-reserve-apertura,upcoming_fixture_probability_only,1.516,1.421,0.37720000000000004,0.274,0.3488,2.65,3.65,2.87,baseline_league_average_forward_fixture
d399acc9939021af8d97,odds_api_io_71240276,2026-05-12,2026-05-12 11:00:00,Gwelup Croatia SC Reserves,Cockburn City SC Reserves,australia-western-australia-state-league-1-reserves,upcoming_fixture_probability_only,1.516,1.421,0.37720000000000004,0.274,0.3488,2.65,3.65,2.87,baseline_league_average_forward_fixture
333e5c91e55a6c72deb5,odds_api_io_70478154,2026-05-12,2026-05-12 11:00:00,Singida Black Stars SC,Namungo FC,tanzania-premier-league,upcoming_fixture_probability_only,1.516,1.421,0.37720000000000004,0.274,0.3488,2.65,3.65,2.87,baseline_league_average_forward_fixture
8d204dc794e0b2a0ac0f,odds_api_io_71161224,2026-05-12,2026-05-12 11:15:00,Murdoch University Melville FC Reserves,Joondalop City FC Reserve,australia-western-australia-state-league-1-reserves,upcoming_fixture_probability_only,1.516,1.421,0.37720000000000004,0.274,0.3488,2.65,3.65,2.87,baseline_league_average_forward_fixture
e0a19f401cc1a809a53a,odds_api_io_71436762,2026-05-12,2026-05-12 12:00:00,Fardu Ferghana,Xorazm Fk Urganch,uzbekistan-cup,upcoming_fixture_probability_only,1.516,1.421,0.37720000000000004,0.274,0.3488,2.65,3.65,2.87,baseline_league_average_forward_fixture
e7113b9224539950a464,odds_api_io_61651656,2026-05-12,2026-05-12 12:30:00,FC Epitsentr Kamianets-Podilskyi,FC Polissya Zhytomyr,ukraine-premier-league,upcoming_fixture_probability_only,1.516,1.421,0.37720000000000004,0.274,0.3488,2.65,3.65,2.87,baseline_league_average_forward_fixture
96243835bb610a26ac38,odds_api_io_71378880,2026-05-12,2026-05-12 13:00:00,Deportivo Maldonado Reserve,Racing Club Montevideo,uruguay-tercera-division-reserves,upcoming_fixture_probability_only,1.516,1.421,0.37720000000000004,0.274,0.3488,2.65,3.65,2.87,baseline_league_average_forward_fixture
6fb40f8e2b541ef03128,odds_api_io_71338142,2026-05-12,2026-05-12 13:00:00,Namdhari FC,Gokulam Kerala FC,india-i-league,upcoming_fixture_probability_only,1.516,1.421,0.37720000000000004,0.274,0.3488,2.65,3.65,2.87,baseline_league_average_forward_fixture
34ef6abfb87a2af70436,odds_api_io_70478164,2026-05-12,2026-05-12 13:15:00,TRA United,Jkt Tanzania,tanzania-premier-league,upcoming_fixture_probability_only,1.516,1.421,0.37720000000000004,0.274,0.3488,2.65,3.65,2.87,baseline_league_average_forward_fixture
2dacd987cdbdfbc80910,odds_api_io_71336688,2026-05-12,2026-05-12 13:50:00,Sur SC,Al-Khaboora,oman-omani-league,upcoming_fixture_probability_only,1.516,1.421,0.37720000000000004,0.274,0.3488,2.65,3.65,2.87,baseline_league_average_forward_fixture
dd1cc38b0a82c5f95154,odds_api_io_69880304,2026-05-12,2026-05-12 14:00:00,El Gouna FC,Kahrabaa Ismailia,egypt-premier-league,upcoming_fixture_probability_only,1.516,1.421,0.37720000000000004,0.274,0.3488,2.65,3.65,2.87,baseline_league_average_forward_fixture
653d2cd5e5c28134e84a,odds_api_io_71325988,2026-05-12,2026-05-12 14:00:00,FC Inter Turku,JS Hercules,finland-suomen-cup,upcoming_fixture_probability_only,1.516,1.421,0.37720000000000004,0.274,0.3488,2.65,3.65,2.87,baseline_league_average_forward_fixture
315fb5151d898e65b715,odds_api_io_68746468,2026-05-12,2026-05-12 14:00:00,Mohun Bagan Super Giant,Inter Kashi FC,india-indian-super-league,upcoming_fixture_probability_only,1.516,1.421,0.37720000000000004,0.274,0.3488,2.65,3.65,2.87,baseline_league_average_forward_fixture
92bc1589b3bce2a4166d,odds_api_io_69880306,2026-05-12,2026-05-12 14:00:00,Pharco FC,Modern Sport FC,egypt-premier-league,upcoming_fixture_probability_only,1.516,1.421,0.37720000000000004,0.274,0.3488,2.65,3.65,2.87,baseline_league_average_forward_fixture
68a3b292d3d8f6c8abcf,odds_api_io_70316166,2026-05-12,2026-05-12 14:00:00,URA FC,Calvary,uganda-premier-league,upcoming_fixture_probability_only,1.516,1.421,0.37720000000000004,0.274,0.3488,2.65,3.65,2.87,baseline_league_average_forward_fixture
0f6a71afcd810550a20a,odds_api_io_71338854,2026-05-12,2026-05-12 14:10:00,AL Ittihad Kalba,AL Nasr,united-arab-emirates-u23-pro-league,upcoming_fixture_probability_only,1.516,1.421,0.37720000000000004,0.274,0.3488,2.65,3.65,2.87,baseline_league_average_forward_fixture
be743004d37f19c1db36,odds_api_io_71338856,2026-05-12,2026-05-12 14:10:00,AL Wasl,AL Jazira,united-arab-emirates-u23-pro-league,upcoming_fixture_probability_only,1.516,1.421,0.37720000000000004,0.274,0.3488,2.65,3.65,2.87,baseline_league_average_forward_fixture
5c33e27f3c4410ed68c4,odds_api_io_70906728,2026-05-12,2026-05-12 14:45:00,PFC Cherno More Varna,PFC Lokomotiv Plovdiv,bulgaria-parva-liga,upcoming_fixture_probability_only,1.516,1.421,0.37720000000000004,0.274,0.3488,2.65,3.65,2.87,baseline_league_average_forward_fixture
963ccde4496269c4b339,odds_api_io_71228890,2026-05-12,2026-05-12 15:00:00,AL Faisaly (Jor),Ramtha SC,jordan-jordan-cup,upcoming_fixture_probability_only,1.516,1.421,0.37720000000000004,0.274,0.3488,2.65,3.65,2.87,baseline_league_average_forward_fixture
aac25a05fd570bf448da,odds_api_io_68492514,2026-05-12,2026-05-12 15:00:00,FK Liepaja,Ogre United,latvia-virsliga,upcoming_fixture_probability_only,1.516,1.421,0.37720000000000004,0.274,0.3488,2.65,3.65,2.87,baseline_league_average_forward_fixture
fe3c9f842089581bb09c,odds_api_io_71372082,2026-05-12,2026-05-12 15:00:00,JS Omrane,Avenir S Marsa,tunisia-ligue-1,upcoming_fixture_probability_only,1.516,1.421,0.37720000000000004,0.274,0.3488,2.65,3.65,2.87,baseline_league_average_forward_fixture
cc02a186fd4f883c57de,odds_api_io_61651662,2026-05-12,2026-05-12 15:00:00,FC Metalist 1925 Kharkiv,Karpaty Lviv,ukraine-premier-league,upcoming_fixture_probability_only,1.516,1.421,0.37720000000000004,0.274,0.3488,2.65,3.65,2.87,baseline_league_average_forward_fixture
82013e7f8aafede7741b,odds_api_io_71231390,2026-05-12,2026-05-12 15:00:00,MFK Chrudim,FK Pribram,czechia-fnl,upcoming_fixture_probability_only,1.516,1.421,0.37720000000000004,0.274,0.3488,2.65,3.65,2.87,baseline_league_average_forward_fixture
4bec5abfc652e004d9bf,odds_api_io_61651650,2026-05-12,2026-05-12 15:00:00,Veres Rivne,FC Kryvbas Kriviy Rih,ukraine-premier-league,upcoming_fixture_probability_only,1.516,1.421,0.37720000000000004,0.274,0.3488,2.65,3.65,2.87,baseline_league_average_forward_fixture
d941d4cdf83735f08e45,odds_api_io_62036882,2026-05-12,2026-05-12 15:00:00,Zaglebie Lubin II,Mkp Carina Gubin,poland-iii-liga-group-3,upcoming_fixture_probability_only,1.516,1.421,0.37720000000000004,0.274,0.3488,2.65,3.65,2.87,baseline_league_average_forward_fixture
4d4fd2808b4a476b2b2d,odds_api_io_71085582,2026-05-12,2026-05-12 15:30:00,1. FC Slovacko Uherske Hradiste,FC Banik Ostrava,czechia-1-liga,upcoming_fixture_probability_only,1.516,1.421,0.37720000000000004,0.274,0.3488,2.65,3.65,2.87,baseline_league_average_forward_fixture
8ec57ce722b1d649f77b,odds_api_io_71338858,2026-05-12,2026-05-12 15:30:00,AL Wahda FC,Khorfakkan,united-arab-emirates-u23-pro-league,upcoming_fixture_probability_only,1.516,1.421,0.37720000000000004,0.274,0.3488,2.65,3.65,2.87,baseline_league_average_forward_fixture
4641ea651232e39f2e37,odds_api_io_71085578,2026-05-12,2026-05-12 15:30:00,FK Mlada Boleslav,Dukla Prague,czechia-1-liga,upcoming_fixture_probability_only,1.516,1.421,0.37720000000000004,0.274,0.3488,2.65,3.65,2.87,baseline_league_average_forward_fixture
751f4b0060640dff3a25,odds_api_io_71085580,2026-05-12,2026-05-12 15:30:00,FC Zlin,FK Teplice,czechia-1-liga,upcoming_fixture_probability_only,1.516,1.421,0.37720000000000004,0.274,0.3488,2.65,3.65,2.87,baseline_league_average_forward_fixture
435339a4d9ef9dca13a8,odds_api_io_70232094,2026-05-12,2026-05-12 16:00:00,AE Kifisia FC,Atromitos Athinon,greece-super-league,upcoming_fixture_probability_only,1.516,1.421,0.37720000000000004,0.274,0.3488,2.65,3.65,2.87,baseline_league_average_forward_fixture
40b5a442f9c160c6dc72,odds_api_io_70430016,2026-05-12,2026-05-12 16:00:00,Asteras Tripolis,Panserraikos FC,greece-super-league,upcoming_fixture_probability_only,1.516,1.421,0.37720000000000004,0.274,0.3488,2.65,3.65,2.87,baseline_league_average_forward_fixture
3e5da74ddd0e91f093c5,odds_api_io_71328286,2026-05-12,2026-05-12 16:00:00,FC Elva,Paide Linnameeskond,estonia-cup-women,upcoming_fixture_probability_only,1.516,1.421,0.37720000000000004,0.274,0.3488,2.65,3.65,2.87,baseline_league_average_forward_fixture
a84685bb097e5668a58c,odds_api_io_70232096,2026-05-12,2026-05-12 16:00:00,Panaitolikos Agrinio,AE Larissa FC,greece-super-league,upcoming_fixture_probability_only,1.516,1.421,0.37720000000000004,0.274,0.3488,2.65,3.65,2.87,baseline_league_average_forward_fixture
e1b036b71078334cc221,odds_api_io_71421816,2026-05-12,2026-05-12 16:00:00,Rayon Sports FC,Gorilla FC,rwanda-peace-cup,upcoming_fixture_probability_only,1.516,1.421,0.37720000000000004,0.274,0.3488,2.65,3.65,2.87,baseline_league_average_forward_fixture
83c1778b5c309c19363a,odds_api_io_68492516,2026-05-12,2026-05-12 16:00:00,Riga FC,FK Auda Riga,latvia-virsliga,upcoming_fixture_probability_only,1.516,1.421,0.37720000000000004,0.274,0.3488,2.65,3.65,2.87,baseline_league_average_forward_fixture
62085f2067ab988afc3a,odds_api_io_71216798,2026-05-12,2026-05-12 16:00:00,Sarpsborg 08 FF,Hoenefoss BK,norway-nm-cup-women,upcoming_fixture_probability_only,1.516,1.421,0.37720000000000004,0.274,0.3488,2.65,3.65,2.87,baseline_league_average_forward_fixture
cd51dbf3a22b0d921a96,odds_api_io_71161224,2026-05-12,2026-05-12 11:15:00,Murdoch University Melville FC Reserves,Joondalup City FC Reserve,australia-western-australia-state-league-1-reserves,upcoming_fixture_probability_only,1.516,1.421,0.37720000000000004,0.274,0.3488,2.65,3.65,2.87,baseline_league_average_forward_fixture
dc180bec6c4b3556d19f,odds_api_io_71338146,2026-05-12,2026-05-12 16:00:00,Viking FK,Haugesund,norway-nm-cup-women,upcoming_fixture_probability_only,1.516,1.421,0.37720000000000004,0.274,0.3488,2.65,3.65,2.87,baseline_league_average_forward_fixture
8737a2e12974f6fae621,odds_api_io_64055855,2026-05-12,2026-05-12 16:20:00,Al-Kholood,Al-Okhdood Club,saudi-arabia-saudi-pro-league,upcoming_fixture_probability_only,1.516,1.421,0.37720000000000004,0.274,0.3488,2.65,3.65,2.87,baseline_league_average_forward_fixture
d893d082dd357ce11348,odds_api_io_71336690,2026-05-12,2026-05-12 16:20:00,Al-Rustaq,Ibri,oman-omani-league,upcoming_fixture_probability_only,1.516,1.421,0.37720000000000004,0.274,0.3488,2.65,3.65,2.87,baseline_league_average_forward_fixture
d3a023966893bce4ede5,odds_api_io_71344696,2026-05-12,2026-05-12 16:30:00,Samger FC,Real de Banjul,gambia-division-one,upcoming_fixture_probability_only,1.516,1.421,0.37720000000000004,0.274,0.3488,2.65,3.65,2.87,baseline_league_average_forward_fixture
f4dcc883e96ac1d50a13,odds_api_io_71401082,2026-05-12,2026-05-12 16:45:00,Modena FC,Juve Stabia,italy-serie-b,upcoming_fixture_probability_only,1.516,1.421,0.37720000000000004,0.274,0.3488,2.65,3.65,2.87,baseline_league_average_forward_fixture
9d61543188fef15e4383,odds_api_io_71378882,2026-05-12,2026-05-12 17:00:00,Central Espanol Reserve,Defensor Sporting,uruguay-tercera-division-reserves,upcoming_fixture_probability_only,1.516,1.421,0.37720000000000004,0.274,0.3488,2.65,3.65,2.87,baseline_league_average_forward_fixture
9a3d89ed7e5aea718c81,odds_api_io_70812400,2026-05-12,2026-05-12 17:00:00,Hapoel Tel Aviv FC,Hapoel Petah Tikva FC,israel-premier-league,upcoming_fixture_probability_only,1.516,1.421,0.37720000000000004,0.274,0.3488,2.65,3.65,2.87,baseline_league_average_forward_fixture
f2a99c956a8e5564f858,odds_api_io_67126090,2026-05-12,2026-05-12 17:00:00,IFK Varnamo,Orebro SK,sweden-superettan,upcoming_fixture_probability_only,1.516,1.421,0.37720000000000004,0.274,0.3488,2.65,3.65,2.87,baseline_league_average_forward_fixture
c61becea7a60fe3461fa,odds_api_io_67126084,2026-05-12,2026-05-12 17:00:00,Landskrona BoIS,Norrby IF,sweden-superettan,upcoming_fixture_probability_only,1.516,1.421,0.37720000000000004,0.274,0.3488,2.65,3.65,2.87,baseline_league_average_forward_fixture
91ab3a57f9d323dc9bdd,odds_api_io_61624642,2026-05-12,2026-05-12 17:00:00,RC Celta de Vigo,Levante UD,spain-laliga,upcoming_fixture_probability_only,1.516,1.421,0.37720000000000004,0.274,0.3488,2.65,3.65,2.87,baseline_league_average_forward_fixture
431743411a0bbc1ffec6,odds_api_io_71338618,2026-05-12,2026-05-12 17:00:00,Real Madrid,Borussia Dortmund,international-youth-u21-premier-league-international-cup,upcoming_fixture_probability_only,1.516,1.421,0.37720000000000004,0.274,0.3488,2.65,3.65,2.87,baseline_league_average_forward_fixture
e59c9696b51d6ca2eaf9,odds_api_io_69880310,2026-05-12,2026-05-12 17:00:00,Wadi Degla SC,Ismaily SC,egypt-premier-league,upcoming_fixture_probability_only,1.516,1.421,0.37720000000000004,0.274,0.3488,2.65,3.65,2.87,baseline_league_average_forward_fixture
5641eb3f962e05ec642e,odds_api_io_70906726,2026-05-12,2026-05-12 17:15:00,Botev Plovdiv,FC Arda Kardzhali,bulgaria-parva-liga,upcoming_fixture_probability_only,1.516,1.421,0.37720000000000004,0.274,0.3488,2.65,3.65,2.87,baseline_league_average_forward_fixture
7eda0abb6c538cbd5c54,odds_api_io_71364784,2026-05-12,2026-05-12 17:30:00,Al Hussein Irbid,Al Wehdat,jordan-jordan-cup,upcoming_fixture_probability_only,1.516,1.421,0.37720000000000004,0.274,0.3488,2.65,3.65,2.87,baseline_league_average_forward_fixture
8ba1115e1a802bcb82bf,odds_api_io_70812402,2026-05-12,2026-05-12 17:30:00,Beitar Jerusalem FC,Hapoel Be`er Sheva FC,israel-premier-league,upcoming_fixture_probability_only,1.516,1.421,0.37720000000000004,0.274,0.3488,2.65,3.65,2.87,baseline_league_average_forward_fixture
760e00a57fc0ab489e73,odds_api_io_62670417,2026-05-12,2026-05-12 17:30:00,TS Galaxy FC,Mamelodi Sundowns,south-africa-premiership,upcoming_fixture_probability_only,1.516,1.421,0.37720000000000004,0.274,0.3488,2.65,3.65,2.87,baseline_league_average_forward_fixture
10b03b42e60462f3d07f,odds_api_io_64055859,2026-05-12,2026-05-12 18:00:00,Al Nassr Club,Al Hilal SFC,saudi-arabia-saudi-pro-league,upcoming_fixture_probability_only,1.516,1.421,0.37720000000000004,0.274,0.3488,2.65,3.65,2.87,baseline_league_average_forward_fixture
6e0401d992e203c3d9c6,odds_api_io_71378884,2026-05-12,2026-05-12 18:00:00,Colon FC Reserve,Liverpool Montevideo,uruguay-tercera-division-reserves,upcoming_fixture_probability_only,1.516,1.421,0.37720000000000004,0.274,0.3488,2.65,3.65,2.87,baseline_league_average_forward_fixture
1c472734a6fe820c10da,odds_api_io_68158786,2026-05-12,2026-05-12 18:00:00,Defensa Y Justicia Reserve,CA Platense,argentina-copa-proyeccion-final-reserves,upcoming_fixture_probability_only,1.516,1.421,0.37720000000000004,0.274,0.3488,2.65,3.65,2.87,baseline_league_average_forward_fixture
6d9b6e6702a6be293ba5,odds_api_io_68158768,2026-05-12,2026-05-12 18:00:00,Gimnasia de la Plata Reserve,CA Banfield,argentina-copa-proyeccion-final-reserves,upcoming_fixture_probability_only,1.516,1.421,0.37720000000000004,0.274,0.3488,2.65,3.65,2.87,baseline_league_average_forward_fixture
e4489789a89f15fca2da,odds_api_io_68158784,2026-05-12,2026-05-12 18:00:00,Newells Old Boys,CA Quilmes Reserve,argentina-copa-proyeccion-final-reserves,upcoming_fixture_probability_only,1.516,1.421,0.37720000000000004,0.274,0.3488,2.65,3.65,2.87,baseline_league_average_forward_fixture
4b881c503760f5433e66,odds_api_io_68158760,2026-05-12,2026-05-12 18:00:00,Racing Club Avellaneda,Velez Sarsfield Reserve,argentina-copa-proyeccion-final-reserves,upcoming_fixture_probability_only,1.516,1.421,0.37720000000000004,0.274,0.3488,2.65,3.65,2.87,baseline_league_average_forward_fixture
58e704358d7d1ad9764f,odds_api_io_61624640,2026-05-12,2026-05-12 18:00:00,Real Betis Seville,Elche CF,spain-laliga,upcoming_fixture_probability_only,1.516,1.421,0.37720000000000004,0.274,0.3488,2.65,3.65,2.87,baseline_league_average_forward_fixture
835bc0a298d074a464a9,odds_api_io_71085528,2026-05-12,2026-05-12 18:00:00,Sparta Prague,FC Viktoria Plzen,czechia-1-liga,upcoming_fixture_probability_only,1.516,1.421,0.37720000000000004,0.274,0.3488,2.65,3.65,2.87,baseline_league_average_forward_fixture
07782c574bbe3f730c28,odds_api_io_71378874,2026-05-12,2026-05-12 18:30:00,Cerro Largo FC,Boston River,uruguay-tercera-division-reserves,upcoming_fixture_probability_only,1.516,1.421,0.37720000000000004,0.274,0.3488,2.65,3.65,2.87,baseline_league_average_forward_fixture
e1916fb1975644de8a82,odds_api_io_70448538,2026-05-12,2026-05-12 18:30:00,Grasshopper Club Zurich,FC Winterthur,switzerland-super-league,upcoming_fixture_probability_only,1.516,1.421,0.37720000000000004,0.274,0.3488,2.65,3.65,2.87,baseline_league_average_forward_fixture
e3cdb551ffc064a773c9,odds_api_io_70448540,2026-05-12,2026-05-12 18:30:00,FC Luzern,FC Zurich,switzerland-super-league,upcoming_fixture_probability_only,1.516,1.421,0.37720000000000004,0.274,0.3488,2.65,3.65,2.87,baseline_league_average_forward_fixture
88b8d9bffde445427e87,odds_api_io_71378878,2026-05-12,2026-05-12 18:30:00,Penarol Montevideo,Nacional de Montevideo,uruguay-tercera-division-reserves,upcoming_fixture_probability_only,1.516,1.421,0.37720000000000004,0.274,0.3488,2.65,3.65,2.87,baseline_league_average_forward_fixture
12f695b994f47418ac6e,odds_api_io_71411500,2026-05-12,2026-05-12 18:30:00,Red Star FC,Rodez Aveyron Football,france-ligue-1,upcoming_fixture_probability_only,1.516,1.421,0.37720000000000004,0.274,0.3488,2.65,3.65,2.87,baseline_league_average_forward_fixture
11e451c9bac0fac67bda,odds_api_io_70448542,2026-05-12,2026-05-12 18:30:00,Servette Geneva,Lausanne-Sport,switzerland-super-league,upcoming_fixture_probability_only,1.516,1.421,0.37720000000000004,0.274,0.3488,2.65,3.65,2.87,baseline_league_average_forward_fixture
8532ac42b172d8dcd1e9,odds_api_io_70674928,2026-05-12,2026-05-12 18:45:00,Aberdeen FC,St Mirren FC,scotland-premiership,upcoming_fixture_probability_only,1.516,1.421,0.37720000000000004,0.274,0.3488,2.65,3.65,2.87,baseline_league_average_forward_fixture
154a0b13c8873b1592c7,odds_api_io_71406954,2026-05-12,2026-05-12 18:45:00,Clyde FC,Hamilton Academical FC,scotland-league-1,upcoming_fixture_probability_only,1.516,1.421,0.37720000000000004,0.274,0.3488,2.65,3.65,2.87,baseline_league_average_forward_fixture
f09c20e934f053303b29,odds_api_io_71345228,2026-05-12,2026-05-12 18:45:00,FC Domagnano,AC Virtus,san-marino-campionato-sammarinese,upcoming_fixture_probability_only,1.516,1.421,0.37720000000000004,0.274,0.3488,2.65,3.65,2.87,baseline_league_average_forward_fixture
582ad28afc65213a7329,odds_api_io_70674930,2026-05-12,2026-05-12 18:45:00,Dundee United,Livingston FC,scotland-premiership,upcoming_fixture_probability_only,1.516,1.421,0.37720000000000004,0.274,0.3488,2.65,3.65,2.87,baseline_league_average_forward_fixture
bc7226181a9b9c5a4ba6,odds_api_io_71401830,2026-05-12,2026-05-12 18:45:00,Dunfermline Athletic FC,Partick Thistle FC,scotland-premiership,upcoming_fixture_probability_only,1.516,1.421,0.37720000000000004,0.274,0.3488,2.65,3.65,2.87,baseline_league_average_forward_fixture
83f9790b0aa6ad3668c7,odds_api_io_70674932,2026-05-12,2026-05-12 18:45:00,Kilmarnock FC,Dundee FC,scotland-premiership,upcoming_fixture_probability_only,1.516,1.421,0.37720000000000004,0.274,0.3488,2.65,3.65,2.87,baseline_league_average_forward_fixture
4365e9a34ecbc99c2b97,odds_api_io_71345226,2026-05-12,2026-05-12 18:45:00,SP Tre Penne,SP La Fiorita,san-marino-campionato-sammarinese,upcoming_fixture_probability_only,1.516,1.421,0.37720000000000004,0.274,0.3488,2.65,3.65,2.87,baseline_league_average_forward_fixture
03ed8cbae9b262276af1,odds_api_io_71335012,2026-05-12,2026-05-12 19:00:00,Itagui Leones FC,Orsomarso SC,colombia-copa-colombia,upcoming_fixture_probability_only,1.516,1.421,0.37720000000000004,0.274,0.3488,2.65,3.65,2.87,baseline_league_average_forward_fixture
f7d2688dc4fda615c264,odds_api_io_71091672,2026-05-12,2026-05-12 19:00:00,JS Saoura,CR Belouizdad,algeria-ligue-1,upcoming_fixture_probability_only,1.516,1.421,0.37720000000000004,0.274,0.3488,2.65,3.65,2.87,baseline_league_average_forward_fixture
df2b8dc2996bc362dc95,odds_api_io_70379154,2026-05-12,2026-05-12 19:00:00,San Antonio Bulo Bulo,FC Universitario de Vinto,bolivia-division-profesional,upcoming_fixture_probability_only,1.516,1.421,0.37720000000000004,0.274,0.3488,2.65,3.65,2.87,baseline_league_average_forward_fixture
9364c5e03063497a6d0e,odds_api_io_71240670,2026-05-12,2026-05-12 19:00:00,Southampton FC,Middlesbrough FC,england-championship,upcoming_fixture_probability_only,1.516,1.421,0.37720000000000004,0.274,0.3488,2.65,3.65,2.87,baseline_league_average_forward_fixture
aa70e2e2f46c7bb26bc2,odds_api_io_71401566,2026-05-12,2026-05-12 19:00:00,US Catanzaro,US Avellino,italy-serie-b,upcoming_fixture_probability_only,1.516,1.421,0.37720000000000004,0.274,0.3488,2.65,3.65,2.87,baseline_league_average_forward_fixture
03af80673b47a0f66d83,odds_api_io_61624650,2026-05-12,2026-05-12 19:30:00,CA Osasuna,Atletico Madrid,spain-laliga,upcoming_fixture_probability_only,1.516,1.421,0.37720000000000004,0.274,0.3488,2.65,3.65,2.87,baseline_league_average_forward_fixture
1208386de730fa99966d,odds_api_io_71334994,2026-05-12,2026-05-12 20:00:00,CD Real Santander,Boca Juniors de Cali,colombia-copa-colombia,upcoming_fixture_probability_only,1.516,1.421,0.37720000000000004,0.274,0.3488,2.65,3.65,2.87,baseline_league_average_forward_fixture
7a2ad253246f41212d6d,odds_api_io_71325010,2026-05-12,2026-05-12 21:00:00,Union Magdalena,Real Cartagena FC,colombia-primera-b,upcoming_fixture_probability_only,1.516,1.421,0.37720000000000004,0.274,0.3488,2.65,3.65,2.87,baseline_league_average_forward_fixture
89ee1b0ad636a7bd9c85,odds_api_io_71428876,2026-05-12,2026-05-12 22:00:00,CA Belgrano de Cordoba,Union de Santa Fe,argentina-liga-profesional,upcoming_fixture_probability_only,1.516,1.421,0.37720000000000004,0.274,0.3488,2.65,3.65,2.87,baseline_league_average_forward_fixture
49d1e145e972e1574f67,odds_api_io_71172384,2026-05-12,2026-05-12 22:00:00,Deportivo Tachira,Metropolitanos FC,venezuela-primera-division,upcoming_fixture_probability_only,1.516,1.421,0.37720000000000004,0.274,0.3488,2.65,3.65,2.87,baseline_league_average_forward_fixture
1625ccad971fc465b2c5,odds_api_io_70379156,2026-05-12,2026-05-12 22:00:00,GV Club Deportivo San Jose de Oruro,CD Real Tomayapo,bolivia-division-profesional,upcoming_fixture_probability_only,1.516,1.421,0.37720000000000004,0.274,0.3488,2.65,3.65,2.87,baseline_league_average_forward_fixture
b7b740c1ae8e121ca5df,odds_api_io_71289488,2026-05-12,2026-05-12 22:30:00,Londrina EC PR,Sao Bernardo FC,brazil-brasileiro-serie-b,upcoming_fixture_probability_only,1.516,1.421,0.37720000000000004,0.274,0.3488,2.65,3.65,2.87,baseline_league_average_forward_fixture
84de3c5d67e5047402a8,odds_api_io_70401284,2026-05-12,2026-05-12 22:30:00,SC Internacional RS,Athletic Club Sjdr MG,brazil-copa-do-brasil,upcoming_fixture_probability_only,1.516,1.421,0.37720000000000004,0.274,0.3488,2.65,3.65,2.87,baseline_league_average_forward_fixture
dd18d17bcdd7cd66188f,odds_api_io_71354552,2026-05-12,2026-05-12 23:00:00,Banos Ciudad de Fuego,Delfin SC,ecuador-copa-ecuador,upcoming_fixture_probability_only,1.516,1.421,0.37720000000000004,0.274,0.3488,2.65,3.65,2.87,baseline_league_average_forward_fixture
87a013b87eee99332670,odds_api_io_67912056,2026-05-12,2026-05-12 23:00:00,Boston Legacy FC,Orlando Pride,usa-national-womens-soccer-league,upcoming_fixture_probability_only,1.516,1.421,0.37720000000000004,0.274,0.3488,2.65,3.65,2.87,baseline_league_average_forward_fixture
05b2905bdbdfed992943,odds_api_io_69090796,2026-05-12,2026-05-12 23:00:00,LVU Rush,West Chester United SC USL2,usa-usl-league-two,upcoming_fixture_probability_only,1.516,1.421,0.37720000000000004,0.274,0.3488,2.65,3.65,2.87,baseline_league_average_forward_fixture
9424eebd6ea73c736d65,odds_api_io_71344616,2026-05-12,2026-05-12 23:00:00,Mahaut Soca Strikers,Middleham United FC,dominica-dfa-premier,upcoming_fixture_probability_only,1.516,1.421,0.37720000000000004,0.274,0.3488,2.65,3.65,2.87,baseline_league_average_forward_fixture
47a98147bab51340cc57,odds_api_io_71344526,2026-05-12,2026-05-12 23:00:00,St Andrew Lions,Ellerton FC,barbados-premier-league,upcoming_fixture_probability_only,1.516,1.421,0.37720000000000004,0.274,0.3488,2.65,3.65,2.87,baseline_league_average_forward_fixture
7aa834a87afc35352cb7,odds_api_io_71297420,2026-05-12,2026-05-12 23:20:00,Atletico Nacional Medellin,Internacional de Bogota.,colombia-primera-a-apertura,upcoming_fixture_probability_only,1.516,1.421,0.37720000000000004,0.274,0.3488,2.65,3.65,2.87,baseline_league_average_forward_fixture
23793d3fe2029125d16e,odds_api_io_71172360,2026-05-12,2026-05-12 23:30:00,UCV FC,Deportivo La Guaira,venezuela-primera-division,upcoming_fixture_probability_only,1.516,1.421,0.37720000000000004,0.274,0.3488,2.65,3.65,2.87,baseline_league_average_forward_fixture
15cf05be08fb81dd0e7f,odds_api_io_70379158,2026-05-13,2026-05-12 00:00:00,Club Aurora,Cdt Real Oruro,bolivia-division-profesional,upcoming_fixture_probability_only,1.516,1.421,0.37720000000000004,0.274,0.3488,2.65,3.65,2.87,baseline_league_average_forward_fixture
fc9a481ded81647e0d68,odds_api_io_71218642,2026-05-13,2026-05-12 00:00:00,Olancho FC,FC Motagua Tegucigalpa,honduras-liga-nacional-clausura,upcoming_fixture_probability_only,1.516,1.421,0.37720000000000004,0.274,0.3488,2.65,3.65,2.87,baseline_league_average_forward_fixture
57673b8e16788ac90532,odds_api_io_71428878,2026-05-13,2026-05-12 00:30:00,Argentinos Juniors,CA Huracan,argentina-liga-profesional,upcoming_fixture_probability_only,1.516,1.421,0.37720000000000004,0.274,0.3488,2.65,3.65,2.87,baseline_league_average_forward_fixture
47bcbb241bbb54e4c7d1,odds_api_io_70401308,2026-05-13,2026-05-12 00:30:00,Cruzeiro EC MG,Goias EC GO,brazil-copa-do-brasil,upcoming_fixture_probability_only,1.516,1.421,0.37720000000000004,0.274,0.3488,2.65,3.65,2.87,baseline_league_average_forward_fixture
9d1020d201729d7f2fbc,odds_api_io_70424976,2026-05-13,2026-05-12 00:30:00,Fluminense FC RJ,Operario Ferroviario EC PR,brazil-copa-do-brasil,upcoming_fixture_probability_only,1.516,1.421,0.37720000000000004,0.274,0.3488,2.65,3.65,2.87,baseline_league_average_forward_fixture
98dbfffb348aed6e1795,odds_api_io_71297438,2026-05-13,2026-05-12 01:30:00,Independiente Santa Fe,America de Cali,colombia-primera-a-apertura,upcoming_fixture_probability_only,1.516,1.421,0.37720000000000004,0.274,0.3488,2.65,3.65,2.87,baseline_league_average_forward_fixture
a049b0d42708c2bc2084,odds_api_io_71218644,2026-05-13,2026-05-12 02:15:00,CD Olimpia Tegucigalpa,Real CD Espana San Pedro Sula,honduras-liga-nacional-clausura,upcoming_fixture_probability_only,1.516,1.421,0.37720000000000004,0.274,0.3488,2.65,3.65,2.87,baseline_league_average_forward_fixture
cfff46f532d8d0748356,odds_api_io_67645510,2026-05-13,2026-05-12 10:00:00,Machida Zelvia,Tokyo Verdy,japan-jleague,upcoming_fixture_probability_only,1.516,1.421,0.37720000000000004,0.274,0.3488,2.65,3.65,2.87,baseline_league_average_forward_fixture
0a9f946c12ea1eccb2a5,odds_api_io_67644942,2026-05-13,2026-05-12 10:00:00,Vissel Kobe,Kyoto Sanga FC,japan-jleague,upcoming_fixture_probability_only,1.516,1.421,0.37720000000000004,0.274,0.3488,2.65,3.65,2.87,baseline_league_average_forward_fixture
28c01a30bf8632de11ca,odds_api_io_67817696,2026-05-13,2026-05-12 10:30:00,FC Anyang,Gimcheon Sangmu FC,republic-of-korea-k-league-1,upcoming_fixture_probability_only,1.516,1.421,0.37720000000000004,0.274,0.3488,2.65,3.65,2.87,baseline_league_average_forward_fixture
23331e13276858de7bc7,odds_api_io_67817698,2026-05-13,2026-05-12 10:30:00,Bucheon FC 1995,Jeonbuk FC,republic-of-korea-k-league-1,upcoming_fixture_probability_only,1.516,1.421,0.37720000000000004,0.274,0.3488,2.65,3.65,2.87,baseline_league_average_forward_fixture
964d86a1c6c0b9b08b7f,odds_api_io_67817700,2026-05-13,2026-05-12 10:30:00,Ulsan HD FC,Jeju SK FC,republic-of-korea-k-league-1,upcoming_fixture_probability_only,1.516,1.421,0.37720000000000004,0.274,0.3488,2.65,3.65,2.87,baseline_league_average_forward_fixture
e1b217fefa1aeed66ce0,odds_api_io_70906782,2026-05-13,2026-05-12 12:15:00,PFC Slavia Sofia,PFC Dobrudzha Dobrich,bulgaria-parva-liga,upcoming_fixture_probability_only,1.516,1.421,0.37720000000000004,0.274,0.3488,2.65,3.65,2.87,baseline_league_average_forward_fixture
ecee2ff4d4fc1beddc47,odds_api_io_70231954,2026-05-13,2026-05-12 14:00:00,APO Levadiakos FC,OFI Crete,greece-super-league,upcoming_fixture_probability_only,1.516,1.421,0.37720000000000004,0.274,0.3488,2.65,3.65,2.87,baseline_league_average_forward_fixture
d0d5f8daf654f616dbd0,odds_api_io_70231952,2026-05-13,2026-05-12 14:00:00,Volos NPS,Aris Thessaloniki,greece-super-league,upcoming_fixture_probability_only,1.516,1.421,0.37720000000000004,0.274,0.3488,2.65,3.65,2.87,baseline_league_average_forward_fixture
973da0e4a7efdd16f46e,odds_api_io_70905772,2026-05-13,2026-05-12 14:45:00,PFC CSKA Sofia,FC CSKA 1948,bulgaria-parva-liga,upcoming_fixture_probability_only,1.516,1.421,0.37720000000000004,0.274,0.3488,2.65,3.65,2.87,baseline_league_average_forward_fixture
ab41bf3367607cb5a16d,odds_api_io_68685980,2026-05-13,2026-05-12 15:00:00,Forge FC Hamilton,FC Supra Du Quebec,canada-canadian-premier-league,upcoming_fixture_probability_only,1.516,1.421,0.37720000000000004,0.274,0.3488,2.65,3.65,2.87,baseline_league_average_forward_fixture
f7ea734908e04d4b0bde,odds_api_io_61062283,2026-05-13,2026-05-12 16:00:00,MKS Arka Gdynia,Gornik Zabrze,poland-ekstraklasa,upcoming_fixture_probability_only,1.516,1.421,0.37720000000000004,0.274,0.3488,2.65,3.65,2.87,baseline_league_average_forward_fixture
45acbeb2a88b734ebf08,odds_api_io_70231844,2026-05-13,2026-05-12 16:30:00,Olympiacos Piraeus,Panathinaikos Athens,greece-super-league,upcoming_fixture_probability_only,1.516,1.421,0.37720000000000004,0.274,0.3488,2.65,3.65,2.87,baseline_league_average_forward_fixture
8f73869fc12eb2948b4c,odds_api_io_70231854,2026-05-13,2026-05-12 16:30:00,PAOK Thessaloniki,AEK Athens,greece-super-league,upcoming_fixture_probability_only,1.516,1.421,0.37720000000000004,0.274,0.3488,2.65,3.65,2.87,baseline_league_average_forward_fixture
08d6678bfa8e8740ab5a,odds_api_io_61624648,2026-05-13,2026-05-12 17:00:00,Espanyol Barcelona,Athletic Bilbao,spain-laliga,upcoming_fixture_probability_only,1.516,1.421,0.37720000000000004,0.274,0.3488,2.65,3.65,2.87,baseline_league_average_forward_fixture
c689036c6a03fc0a52c0,odds_api_io_67126096,2026-05-13,2026-05-12 17:00:00,Falkenbergs FF,Varbergs BoIS,sweden-superettan,upcoming_fixture_probability_only,1.516,1.421,0.37720000000000004,0.274,0.3488,2.65,3.65,2.87,baseline_league_average_forward_fixture
a72a358ce52ef5ca6a3f,odds_api_io_67126086,2026-05-13,2026-05-12 17:00:00,Helsingborgs IF,IK Oddevold,sweden-superettan,upcoming_fixture_probability_only,1.516,1.421,0.37720000000000004,0.274,0.3488,2.65,3.65,2.87,baseline_league_average_forward_fixture
12cda05ec694fd8abef4,odds_api_io_67126088,2026-05-13,2026-05-12 17:00:00,IFK Norrkoping FK,Nordic United FC,sweden-superettan,upcoming_fixture_probability_only,1.516,1.421,0.37720000000000004,0.274,0.3488,2.65,3.65,2.87,baseline_league_average_forward_fixture
11da73b30408842e79b3,odds_api_io_67126098,2026-05-13,2026-05-12 17:00:00,IK Brage,Ostersunds FK,sweden-superettan,upcoming_fixture_probability_only,1.516,1.421,0.37720000000000004,0.274,0.3488,2.65,3.65,2.87,baseline_league_average_forward_fixture
735fe5cf7bcd20ef5fb7,odds_api_io_67126092,2026-05-13,2026-05-12 17:00:00,Osters IF,Sandvikens IF,sweden-superettan,upcoming_fixture_probability_only,1.516,1.421,0.37720000000000004,0.274,0.3488,2.65,3.65,2.87,baseline_league_average_forward_fixture
aea4cfd2f2d74bb5ff2e,odds_api_io_70315368,2026-05-13,2026-05-12 17:00:00,Stade Brest 29,Strasbourg Alsace,france-ligue-1,upcoming_fixture_probability_only,1.516,1.421,0.37720000000000004,0.274,0.3488,2.65,3.65,2.87,baseline_league_average_forward_fixture
9ca50ca512ffb3ef9e68,odds_api_io_61624654,2026-05-13,2026-05-12 17:00:00,Villarreal CF,Sevilla FC,spain-laliga,upcoming_fixture_probability_only,1.646,1.381,0.4041,0.26990000000000003,0.326,2.47,3.71,3.07,conservative_poisson_forward_fixture
46d5d5ac717ed22c15dd,odds_api_io_70905774,2026-05-13,2026-05-12 17:15:00,PFC Ludogorets 1945 Razgrad,PFC Levski Sofia,bulgaria-parva-liga,upcoming_fixture_probability_only,1.516,1.421,0.37720000000000004,0.274,0.3488,2.65,3.65,2.87,baseline_league_average_forward_fixture
c1185b6f8f98a9e91ae6,odds_api_io_70722406,2026-05-13,2026-05-12 18:00:00,Arsenal WFC,Everton FC,england-amateur-super-league-women,upcoming_fixture_probability_only,1.516,1.421,0.37720000000000004,0.274,0.3488,2.65,3.65,2.87,baseline_league_average_forward_fixture
df15c6775999e5f64050,odds_api_io_71282488,2026-05-13,2026-05-12 18:00:00,FK Vojvodina Novi Sad,FK Crvena Zvezda Belgrade,serbia-serbian-cup,upcoming_fixture_probability_only,1.516,1.421,0.37720000000000004,0.274,0.3488,2.65,3.65,2.87,baseline_league_average_forward_fixture
89daaeb434b99b17ad86,odds_api_io_61062299,2026-05-13,2026-05-12 18:30:00,RKS Rakow Czestochowa,Jagiellonia Bialystok,poland-ekstraklasa,upcoming_fixture_probability_only,1.516,1.421,0.37720000000000004,0.274,0.3488,2.65,3.65,2.87,baseline_league_average_forward_fixture
d7b297580d1a239b5222,odds_api_io_71406950,2026-05-13,2026-05-12 18:45:00,Alloa Athletic FC,Stenhousemuir FC,scotland-championship,upcoming_fixture_probability_only,1.516,1.421,0.37720000000000004,0.274,0.3488,2.65,3.65,2.87,baseline_league_average_forward_fixture
53ff8a9fd7e46ac42ac5,odds_api_io_70674830,2026-05-13,2026-05-12 19:00:00,Glasgow Rangers,Hibernian FC,scotland-premiership,upcoming_fixture_probability_only,1.516,1.421,0.37720000000000004,0.274,0.3488,2.65,3.65,2.87,baseline_league_average_forward_fixture
4536948d3de298b266bf,odds_api_io_70674826,2026-05-13,2026-05-12 19:00:00,Heart of Midlothian FC,Falkirk FC,scotland-premiership,upcoming_fixture_probability_only,1.516,1.421,0.37720000000000004,0.274,0.3488,2.65,3.65,2.87,baseline_league_average_forward_fixture
5c706f6ef7250cbab64c,odds_api_io_71019438,2026-05-13,2026-05-12 19:00:00,Lazio Rome,Inter Milano,italy-coppa-italia,upcoming_fixture_probability_only,1.516,1.421,0.37720000000000004,0.274,0.3488,2.65,3.65,2.87,baseline_league_average_forward_fixture
8aea11726ec4ca7259c2,odds_api_io_70674828,2026-05-13,2026-05-12 19:00:00,Motherwell FC,Celtic Glasgow,scotland-premiership,upcoming_fixture_probability_only,1.516,1.421,0.37720000000000004,0.274,0.3488,2.65,3.65,2.87,baseline_league_average_forward_fixture
37fd6b066326b22464a9,odds_api_io_70315360,2026-05-13,2026-05-12 19:00:00,Racing Club De Lens,Paris Saint-Germain,france-ligue-1,upcoming_fixture_probability_only,1.516,1.421,0.37720000000000004,0.274,0.3488,2.65,3.65,2.87,baseline_league_average_forward_fixture
b9fc03957a09f9cb1121,odds_api_io_71242306,2026-05-13,2026-05-12 19:00:00,Stockport County FC,Stevenage FC,england-league-one,upcoming_fixture_probability_only,1.516,1.421,0.37720000000000004,0.274,0.3488,2.65,3.65,2.87,baseline_league_average_forward_fixture
fc3d9a3f76db7976fc8d,2267379,2026-05-13,2026-05-12 19:00:00,Manchester City,Crystal Palace,premier_league,upcoming_fixture_probability_only,1.516,1.421,0.37720000000000004,0.274,0.3488,2.65,3.65,2.87,baseline_league_average_forward_fixture
c73d1173190196352eb5,odds_api_io_61624638,2026-05-13,2026-05-12 19:30:00,Deportivo Alaves,FC Barcelona,spain-laliga,upcoming_fixture_probability_only,1.516,1.421,0.37720000000000004,0.274,0.3488,2.65,3.65,2.87,baseline_league_average_forward_fixture
0654996362cfc5eac6e3,odds_api_io_61624644,2026-05-13,2026-05-12 19:30:00,Getafe CF,RCD Mallorca,spain-laliga,upcoming_fixture_probability_only,1.516,1.421,0.37720000000000004,0.274,0.3488,2.65,3.65,2.87,baseline_league_average_forward_fixture
5a639eb6b68a227cec5d,odds_api_io_71325020,2026-05-13,2026-05-12 21:00:00,Bogota FC,Barranquilla FC,colombia-primera-b,upcoming_fixture_probability_only,1.516,1.421,0.37720000000000004,0.274,0.3488,2.65,3.65,2.87,baseline_league_average_forward_fixture
daae1faa909bc9c1d85e,odds_api_io_71428928,2026-05-13,2026-05-12 22:00:00,CA Rosario Central,Racing Club Avellaneda,argentina-liga-profesional,upcoming_fixture_probability_only,1.516,1.421,0.37720000000000004,0.274,0.3488,2.65,3.65,2.87,baseline_league_average_forward_fixture
8a239cd53c53b154d6d8,odds_api_io_70452650,2026-05-13,2026-05-12 22:00:00,CR Vasco da Gama RJ,Paysandu SC PA,brazil-copa-do-brasil,upcoming_fixture_probability_only,1.516,1.421,0.37720000000000004,0.274,0.3488,2.65,3.65,2.87,baseline_league_average_forward_fixture
34cf155e87f4a292dd42,odds_api_io_70401280,2026-05-13,2026-05-12 22:00:00,EC Juventude RS,Sao Paulo FC SP,brazil-copa-do-brasil,upcoming_fixture_probability_only,1.516,1.421,0.37720000000000004,0.274,0.3488,2.65,3.65,2.87,baseline_league_average_forward_fixture
ba6d20fa064567b8c521,odds_api_io_70401282,2026-05-13,2026-05-12 22:30:00,Coritiba FC PR,Santos FC SP,brazil-copa-do-brasil,upcoming_fixture_probability_only,1.516,1.421,0.37720000000000004,0.274,0.3488,2.65,3.65,2.87,baseline_league_average_forward_fixture
e96a357b5c31e690f29f,odds_api_io_71297426,2026-05-13,2026-05-12 23:00:00,AD Pasto,CD Tolima,colombia-primera-a-apertura,upcoming_fixture_probability_only,1.516,1.421,0.37720000000000004,0.274,0.3488,2.65,3.65,2.87,baseline_league_average_forward_fixture
dea52e8b3693ab2ec098,odds_api_io_71172386,2026-05-13,2026-05-12 23:00:00,Carabobo FC,Estudiantes de Merida,venezuela-primera-division,upcoming_fixture_probability_only,1.516,1.421,0.37720000000000004,0.274,0.3488,2.65,3.65,2.87,baseline_league_average_forward_fixture
5d495c5a8e4f0229fafe,odds_api_io_66299148,2026-05-13,2026-05-12 23:15:00,Charlotte FC,New York City FC,usa-mls,upcoming_fixture_probability_only,1.516,1.421,0.37720000000000004,0.274,0.3488,2.65,3.65,2.87,baseline_league_average_forward_fixture
7027e9587d49c8f7d2b9,odds_api_io_71172362,2026-05-13,2026-05-12 23:30:00,Academia Puerto Cabello,Portuguesa FC,venezuela-primera-division,upcoming_fixture_probability_only,1.516,1.421,0.37720000000000004,0.274,0.3488,2.65,3.65,2.87,baseline_league_average_forward_fixture
15dea9eba1d465946348,odds_api_io_66299150,2026-05-13,2026-05-12 23:30:00,FC Cincinnati,Inter Miami CF,usa-mls,upcoming_fixture_probability_only,1.516,1.421,0.37720000000000004,0.274,0.3488,2.65,3.65,2.87,baseline_league_average_forward_fixture
890cbc18caf8d0204a6b,odds_api_io_66299152,2026-05-13,2026-05-12 23:30:00,DC United,Chicago Fire,usa-mls,upcoming_fixture_probability_only,1.516,1.421,0.37720000000000004,0.274,0.3488,2.65,3.65,2.87,baseline_league_average_forward_fixture
55c9ba50093ae846209c,odds_api_io_70401292,2026-05-13,2026-05-12 23:30:00,Mirassol FC SP,Red Bull Bragantino SP,brazil-copa-do-brasil,upcoming_fixture_probability_only,1.516,1.421,0.37720000000000004,0.274,0.3488,2.65,3.65,2.87,baseline_league_average_forward_fixture
f2277145782afb4cd385,odds_api_io_66299154,2026-05-13,2026-05-12 23:30:00,CF Montreal,Portland Timbers,usa-mls,upcoming_fixture_probability_only,1.516,1.421,0.37720000000000004,0.274,0.3488,2.65,3.65,2.87,baseline_league_average_forward_fixture
53294930c5475a6639b5,odds_api_io_66299156,2026-05-13,2026-05-12 23:30:00,New England Revolution,Nashville SC,usa-mls,upcoming_fixture_probability_only,1.516,1.421,0.37720000000000004,0.274,0.3488,2.65,3.65,2.87,baseline_league_average_forward_fixture
e8cbce5ca64e15c4383c,odds_api_io_66299158,2026-05-13,2026-05-12 23:30:00,New York Red Bulls,Columbus Crew,usa-mls,upcoming_fixture_probability_only,1.516,1.421,0.37720000000000004,0.274,0.3488,2.65,3.65,2.87,baseline_league_average_forward_fixture
10058db7a256d1e270ce,fd_G1_2026-05-12_Asteras_Tripolis_Panserraikos,2026-05-12,2026-05-12 17:00:00,Asteras Tripolis,Panserraikos,G1,upcoming_fixture_probability_only,1.516,1.421,0.37720000000000004,0.274,0.3488,2.65,3.65,2.87,baseline_league_average_forward_fixture
b0818a14c878cec25d3f,fd_G1_2026-05-12_Kifisia_Atromitos,2026-05-12,2026-05-12 17:00:00,Kifisia,Atromitos,G1,upcoming_fixture_probability_only,1.516,1.421,0.37720000000000004,0.274,0.3488,2.65,3.65,2.87,baseline_league_average_forward_fixture
bb2e9ba3576792a47b6f,fd_G1_2026-05-12_Panetolikos_Larisa,2026-05-12,2026-05-12 17:00:00,Panetolikos,Larisa,G1,upcoming_fixture_probability_only,1.516,1.421,0.37720000000000004,0.274,0.3488,2.65,3.65,2.87,baseline_league_average_forward_fixture
88da7f07edea889cd9db,fd_SP1_2026-05-12_Celta_Levante,2026-05-12,2026-05-12 18:00:00,Celta,Levante,la_liga,upcoming_fixture_probability_only,1.516,1.421,0.37720000000000004,0.274,0.3488,2.65,3.65,2.87,baseline_league_average_forward_fixture
60d1963e194e8533030f,fd_SP1_2026-05-12_Betis_Elche,2026-05-12,2026-05-12 19:00:00,Betis,Elche,la_liga,upcoming_fixture_probability_only,1.516,1.421,0.37720000000000004,0.274,0.3488,2.65,3.65,2.87,baseline_league_average_forward_fixture
e69c8c3d026a128cd41a,fd_SC0_2026-05-12_Aberdeen_St_Mirren,2026-05-12,2026-05-12 19:45:00,Aberdeen,St Mirren,SC0,upcoming_fixture_probability_only,1.516,1.421,0.37720000000000004,0.274,0.3488,2.65,3.65,2.87,baseline_league_average_forward_fixture
2601f0b6cbd752ed0544,fd_SC0_2026-05-12_Dundee_United_Livingston,2026-05-12,2026-05-12 19:45:00,Dundee United,Livingston,SC0,upcoming_fixture_probability_only,1.516,1.421,0.37720000000000004,0.274,0.3488,2.65,3.65,2.87,baseline_league_average_forward_fixture
2009bd88ac4fdce17462,fd_SC0_2026-05-12_Kilmarnock_Dundee,2026-05-12,2026-05-12 19:45:00,Kilmarnock,Dundee,SC0,upcoming_fixture_probability_only,1.516,1.421,0.37720000000000004,0.274,0.3488,2.65,3.65,2.87,baseline_league_average_forward_fixture
1f83f4a8dd934676500e,fd_SP1_2026-05-12_Osasuna_Ath_Madrid,2026-05-12,2026-05-12 20:30:00,Osasuna,Ath Madrid,la_liga,upcoming_fixture_probability_only,1.516,1.421,0.37720000000000004,0.274,0.3488,2.65,3.65,2.87,baseline_league_average_forward_fixture
1c3f90b9a258bf231825,fd_G1_2026-05-13_Levadeiakos_OFI_Crete,2026-05-13,2026-05-12 15:00:00,Levadeiakos,OFI Crete,G1,upcoming_fixture_probability_only,1.516,1.421,0.37720000000000004,0.274,0.3488,2.65,3.65,2.87,baseline_league_average_forward_fixture
34367432f10e9034d211,fd_G1_2026-05-13_Volos_NFC_Aris,2026-05-13,2026-05-12 15:00:00,Volos NFC,Aris,G1,upcoming_fixture_probability_only,1.516,1.421,0.37720000000000004,0.274,0.3488,2.65,3.65,2.87,baseline_league_average_forward_fixture
fe85c45339889100f606,fd_G1_2026-05-13_Olympiakos_Panathinaikos,2026-05-13,2026-05-12 17:30:00,Olympiakos,Panathinaikos,G1,upcoming_fixture_probability_only,1.516,1.421,0.37720000000000004,0.274,0.3488,2.65,3.65,2.87,baseline_league_average_forward_fixture
2b19ca93bfc4a3298eef,fd_G1_2026-05-13_PAOK_AEK,2026-05-13,2026-05-12 17:30:00,PAOK,AEK,G1,upcoming_fixture_probability_only,1.516,1.421,0.37720000000000004,0.274,0.3488,2.65,3.65,2.87,baseline_league_average_forward_fixture
f06730363f0732e7a9af,fd_F1_2026-05-13_Brest_Strasbourg,2026-05-13,2026-05-12 18:00:00,Brest,Strasbourg,ligue_1,upcoming_fixture_probability_only,1.516,1.421,0.37720000000000004,0.274,0.3488,2.65,3.65,2.87,baseline_league_average_forward_fixture
eaab0fcf2677f1dd9bbb,fd_SP1_2026-05-13_Espanol_Ath_Bilbao,2026-05-13,2026-05-12 18:00:00,Espanol,Ath Bilbao,la_liga,upcoming_fixture_probability_only,1.516,1.421,0.37720000000000004,0.274,0.3488,2.65,3.65,2.87,baseline_league_average_forward_fixture
6786501bbc9a193a0051,fd_SP1_2026-05-13_Villarreal_Sevilla,2026-05-13,2026-05-12 18:00:00,Villarreal,Sevilla,la_liga,upcoming_fixture_probability_only,1.516,1.421,0.37720000000000004,0.274,0.3488,2.65,3.65,2.87,baseline_league_average_forward_fixture
a48210f29011f4b579d3,fd_SC0_2026-05-13_Hearts_Falkirk,2026-05-13,2026-05-12 20:00:00,Hearts,Falkirk,SC0,upcoming_fixture_probability_only,1.516,1.421,0.37720000000000004,0.274,0.3488,2.65,3.65,2.87,baseline_league_average_forward_fixture
f292cce5f176570a4bdc,fd_F1_2026-05-13_Lens_Paris_SG,2026-05-13,2026-05-12 20:00:00,Lens,Paris SG,ligue_1,upcoming_fixture_probability_only,1.516,1.421,0.37720000000000004,0.274,0.3488,2.65,3.65,2.87,baseline_league_average_forward_fixture
5868d21184f1e43950cb,fd_E0_2026-05-13_Man_City_Crystal_Palace,2026-05-13,2026-05-12 20:00:00,Man City,Crystal Palace,premier_league,upcoming_fixture_probability_only,1.516,1.421,0.37720000000000004,0.274,0.3488,2.65,3.65,2.87,baseline_league_average_forward_fixture
52961fc73f7fb2c0f43f,fd_SC0_2026-05-13_Motherwell_Celtic,2026-05-13,2026-05-12 20:00:00,Motherwell,Celtic,SC0,upcoming_fixture_probability_only,1.516,1.421,0.37720000000000004,0.274,0.3488,2.65,3.65,2.87,baseline_league_average_forward_fixture
9e91d7fe539e98f12bf0,fd_SC0_2026-05-13_Rangers_Hibernian,2026-05-13,2026-05-12 20:00:00,Rangers,Hibernian,SC0,upcoming_fixture_probability_only,1.516,1.421,0.37720000000000004,0.274,0.3488,2.65,3.65,2.87,baseline_league_average_forward_fixture
b731c1b7b5df8ddbd7a6,fd_SP1_2026-05-13_Alaves_Barcelona,2026-05-13,2026-05-12 20:30:00,Alaves,Barcelona,la_liga,upcoming_fixture_probability_only,1.516,1.421,0.37720000000000004,0.274,0.3488,2.65,3.65,2.87,baseline_league_average_forward_fixture
f1f9abaaea3761cbeba9,fd_SP1_2026-05-13_Getafe_Mallorca,2026-05-13,2026-05-12 20:30:00,Getafe,Mallorca,la_liga,upcoming_fixture_probability_only,1.516,1.421,0.37720000000000004,0.274,0.3488,2.65,3.65,2.87,baseline_league_average_forward_fixture
06c0b8a8cfd48f2f470a,fd_SP1_2026-05-12_Betis_Elche,2026-05-12,2026-05-12 19:00:00,Betis,Elche,la_liga,upcoming_fixture_probability_only,1.695,1.157,0.44570000000000004,0.27030000000000004,0.28390000000000004,2.24,3.7,3.52,conservative_poisson_forward_fixture
02dc0137599654306756,fd_SP1_2026-05-12_Osasuna_Ath_Madrid,2026-05-12,2026-05-12 20:30:00,Osasuna,Ath Madrid,la_liga,upcoming_fixture_probability_only,1.234,1.473,0.3224,0.2807,0.39690000000000003,3.1,3.56,2.52,conservative_poisson_forward_fixture
15223cd9a65de7bcdbde,fd_F1_2026-05-13_Brest_Strasbourg,2026-05-13,2026-05-12 18:00:00,Brest,Strasbourg,ligue_1,upcoming_fixture_probability_only,1.397,1.387,0.3618,0.27940000000000004,0.3588,2.76,3.58,2.79,conservative_poisson_forward_fixture
0fcb571cd54d22a99bcc,fd_SP1_2026-05-13_Espanol_Ath_Bilbao,2026-05-13,2026-05-12 18:00:00,Espanol,Ath Bilbao,la_liga,upcoming_fixture_probability_only,1.215,1.245,0.34900000000000003,0.2922,0.3588,2.87,3.42,2.79,conservative_poisson_forward_fixture
1a7b8238707be2164ab1,fd_SP1_2026-05-13_Villarreal_Sevilla,2026-05-13,2026-05-12 18:00:00,Villarreal,Sevilla,la_liga,upcoming_fixture_probability_only,1.646,1.381,0.4041,0.26990000000000003,0.326,2.47,3.71,3.07,conservative_poisson_forward_fixture
08ac28957d325bd5bfd5,fd_F1_2026-05-13_Lens_Paris_SG,2026-05-13,2026-05-12 20:00:00,Lens,Paris SG,ligue_1,upcoming_fixture_probability_only,1.341,1.798,0.3022,0.26380000000000003,0.4339,3.31,3.79,2.3,conservative_poisson_forward_fixture
67bac20fe7b9834a27aa,fd_E0_2026-05-13_Man_City_Crystal_Palace,2026-05-13,2026-05-12 20:00:00,Man City,Crystal Palace,premier_league,upcoming_fixture_probability_only,1.8170000000000002,1.248,0.4509,0.2635,0.2857,2.22,3.8,3.5,conservative_poisson_forward_fixture
541dc74549d31d734841,fd_SP1_2026-05-13_Alaves_Barcelona,2026-05-13,2026-05-12 20:30:00,Alaves,Barcelona,la_liga,upcoming_fixture_probability_only,1.167,1.5939999999999999,0.29650000000000004,0.2757,0.4277,3.37,3.63,2.34,conservative_poisson_forward_fixture
512b2aaa4dc6a4610a3d,fd_SP1_2026-05-13_Getafe_Mallorca,2026-05-13,2026-05-12 20:30:00,Getafe,Mallorca,la_liga,upcoming_fixture_probability_only,1.282,1.1219999999999999,0.37920000000000004,0.2939,0.32680000000000003,2.64,3.4,3.06,conservative_poisson_forward_fixture
55f4f62081df9e952af5,odds_api_io_66299160,2026-05-13,2026-05-12 23:30:00,Orlando City SC,Philadelphia Union,usa-mls,upcoming_fixture_probability_only,1.516,1.421,0.37720000000000004,0.274,0.3488,2.65,3.65,2.87,baseline_league_average_forward_fixture
1d7907c113b9c1a8c4cf,odds_api_io_69448904,2026-05-14,2026-05-12 13:00:00,TRA United,Mtibwa Sugar FC,tanzania-premier-league,upcoming_fixture_probability_only,1.516,1.421,0.37720000000000004,0.274,0.3488,2.65,3.65,2.87,baseline_league_average_forward_fixture
239766b687d9b1adc383,fd_SP1_2026-05-14_Valencia_Vallecano,2026-05-14,2026-05-12 18:00:00,Valencia,Vallecano,la_liga,upcoming_fixture_probability_only,1.3940000000000001,1.172,0.3922,0.2863,0.3215,2.55,3.49,3.11,conservative_poisson_forward_fixture
24bd77f085ea78e07dc9,fd_SP1_2026-05-14_Girona_Sociedad,2026-05-14,2026-05-12 19:00:00,Girona,Sociedad,la_liga,upcoming_fixture_probability_only,1.612,1.384,0.3982,0.2712,0.3305,2.51,3.69,3.03,conservative_poisson_forward_fixture
7fd41987ec6cf86d7b3d,fd_SP1_2026-05-14_Real_Madrid_Oviedo,2026-05-14,2026-05-12 20:30:00,Real Madrid,Oviedo,la_liga,upcoming_fixture_probability_only,1.516,1.421,0.37720000000000004,0.274,0.3488,2.65,3.65,2.87,baseline_league_average_forward_fixture
498a364d1a56b1357cbd,odds_api_io_67692234,2026-05-15,2026-05-12 10:00:00,Central Coast United FC,Inner West Hawks FC,australia-nsw-league-two,upcoming_fixture_probability_only,1.516,1.421,0.37720000000000004,0.274,0.3488,2.65,3.65,2.87,baseline_league_average_forward_fixture
1ab3d3799b89970f650d,odds_api_io_68899866,2026-05-13,2026-05-12 14:00:00,FC Spartak 1918 Varna II,PFC Cherno More Varna II,bulgaria-treta-liga,upcoming_fixture_probability_only,1.516,1.421,0.37720000000000004,0.274,0.3488,2.65,3.65,2.87,baseline_league_average_forward_fixture
9c42c07ab4668dd7d656,odds_api_io_66614068,2026-05-16,2026-05-12 08:15:00,FK Mlada Boleslav B,Tj Slovan Velvary,czechia-cfl,upcoming_fixture_probability_only,1.516,1.421,0.37720000000000004,0.274,0.3488,2.65,3.65,2.87,baseline_league_average_forward_fixture
5c00fe341d18b4096e81,odds_api_io_66601882,2026-05-16,2026-05-12 09:00:00,Slavia Prague,FK Mlada Boleslav,czechia-u19-1st-division,upcoming_fixture_probability_only,1.516,1.421,0.37720000000000004,0.274,0.3488,2.65,3.65,2.87,baseline_league_average_forward_fixture
40214497108fe3db16b9,odds_api_io_69254646,2026-05-13,2026-05-12 20:00:00,Santiago Wanderers,Union Espanola,chile-primera-division-women,upcoming_fixture_probability_only,1.516,1.421,0.37720000000000004,0.274,0.3488,2.65,3.65,2.87,baseline_league_average_forward_fixture
385c4ec682ded6dd8ca5,odds_api_io_71428930,2026-05-14,2026-05-12 00:30:00,CA River Plate (ARG),Gimnasia y Esgrima La Plata,argentina-liga-profesional,upcoming_fixture_probability_only,1.516,1.421,0.37720000000000004,0.274,0.3488,2.65,3.65,2.87,baseline_league_average_forward_fixture
1266c4f7b7f7214ed0ac,odds_api_io_70401310,2026-05-14,2026-05-12 00:30:00,Ceara SC CE,Atletico Mineiro MG,brazil-copa-do-brasil,upcoming_fixture_probability_only,1.516,1.421,0.37720000000000004,0.274,0.3488,2.65,3.65,2.87,baseline_league_average_forward_fixture
b3c9e473dc000147d1b5,odds_api_io_70401296,2026-05-14,2026-05-12 00:30:00,Clube do Remo PA,EC Bahia BA,brazil-copa-do-brasil,upcoming_fixture_probability_only,1.516,1.421,0.37720000000000004,0.274,0.3488,2.65,3.65,2.87,baseline_league_average_forward_fixture
f15563a5cb4bea208e3e,odds_api_io_66299162,2026-05-14,2026-05-12 00:30:00,FC Dallas,Vancouver Whitecaps FC,usa-mls,upcoming_fixture_probability_only,1.516,1.421,0.37720000000000004,0.274,0.3488,2.65,3.65,2.87,baseline_league_average_forward_fixture
a1b866f7144dbe89e8d0,odds_api_io_70401286,2026-05-14,2026-05-12 00:30:00,EC Jacuipense BA,SE Palmeiras SP,brazil-copa-do-brasil,upcoming_fixture_probability_only,1.516,1.421,0.37720000000000004,0.274,0.3488,2.65,3.65,2.87,baseline_league_average_forward_fixture
37ded3a6ff52576ea127,odds_api_io_66299166,2026-05-14,2026-05-12 00:30:00,Minnesota United FC,Colorado Rapids,usa-mls,upcoming_fixture_probability_only,1.516,1.421,0.37720000000000004,0.274,0.3488,2.65,3.65,2.87,baseline_league_average_forward_fixture
95b9f6b8305ce7f1a14e,odds_api_io_66299168,2026-05-14,2026-05-12 00:30:00,Saint Louis City SC,Los Angeles FC,usa-mls,upcoming_fixture_probability_only,1.516,1.421,0.37720000000000004,0.274,0.3488,2.65,3.65,2.87,baseline_league_average_forward_fixture
7deed29b6a913ad53869,odds_api_io_66299164,2026-05-14,2026-05-12 00:30:00,Sporting Kansas City,Los Angeles Galaxy,usa-mls,upcoming_fixture_probability_only,1.516,1.421,0.37720000000000004,0.274,0.3488,2.65,3.65,2.87,baseline_league_average_forward_fixture
1ae00ec579f49bbb17e1,odds_api_io_71297590,2026-05-14,2026-05-12 01:15:00,CD Junior FC,CD Once Caldas,colombia-primera-a-apertura,upcoming_fixture_probability_only,1.516,1.421,0.37720000000000004,0.274,0.3488,2.65,3.65,2.87,baseline_league_average_forward_fixture
56b107fb2f7f3976fe8f,odds_api_io_66299170,2026-05-14,2026-05-12 01:30:00,Real Salt Lake,Houston Dynamo,usa-mls,upcoming_fixture_probability_only,1.516,1.421,0.37720000000000004,0.274,0.3488,2.65,3.65,2.87,baseline_league_average_forward_fixture
886229a868542ffd3036,odds_api_io_66299172,2026-05-14,2026-05-12 01:30:00,San Diego FC,Austin FC,usa-mls,upcoming_fixture_probability_only,1.516,1.421,0.37720000000000004,0.274,0.3488,2.65,3.65,2.87,baseline_league_average_forward_fixture
83978aa3921d2c92a60a,odds_api_io_66299174,2026-05-14,2026-05-12 01:30:00,Seattle Sounders,San Jose Earthquakes,usa-mls,upcoming_fixture_probability_only,1.516,1.421,0.37720000000000004,0.274,0.3488,2.65,3.65,2.87,baseline_league_average_forward_fixture
f6189bdc1488f2472069,odds_api_io_70318288,2026-05-14,2026-05-12 11:00:00,Hobro IK,Aarhus Fremad,denmark-1-division,upcoming_fixture_probability_only,1.516,1.421,0.37720000000000004,0.274,0.3488,2.65,3.65,2.87,baseline_league_average_forward_fixture
33c7fff0682ec131c9f9,odds_api_io_70479314,2026-05-14,2026-05-12 11:00:00,Tanzania Prisons,Fountain Gate FC,tanzania-premier-league,upcoming_fixture_probability_only,1.516,1.421,0.37720000000000004,0.274,0.3488,2.65,3.65,2.87,baseline_league_average_forward_fixture
62c6f85d032b2d045a7a,odds_api_io_70906780,2026-05-14,2026-05-12 12:15:00,FK Septemvri Sofia,FK Spartak 1918 Varna,bulgaria-parva-liga,upcoming_fixture_probability_only,1.516,1.421,0.37720000000000004,0.274,0.3488,2.65,3.65,2.87,baseline_league_average_forward_fixture
e2ba5a9666beae8c1bef,odds_api_io_70267784,2026-05-14,2026-05-12 13:00:00,Mjallby AIF,Hammarby IF,sweden-svenska-cup,upcoming_fixture_probability_only,1.516,1.421,0.37720000000000004,0.274,0.3488,2.65,3.65,2.87,baseline_league_average_forward_fixture
5590fd7bd3ae87ed7c7f,odds_api_io_70448376,2026-05-14,2026-05-12 14:30:00,FC Basel 1893,FC St. Gallen 1879,switzerland-super-league,upcoming_fixture_probability_only,1.516,1.421,0.37720000000000004,0.274,0.3488,2.65,3.65,2.87,baseline_league_average_forward_fixture
3226f33693024764cdef,odds_api_io_70448378,2026-05-14,2026-05-12 14:30:00,FC Sion,FC Lugano,switzerland-super-league,upcoming_fixture_probability_only,1.516,1.421,0.37720000000000004,0.274,0.3488,2.65,3.65,2.87,baseline_league_average_forward_fixture
d4daefd9b1270ea9398e,odds_api_io_70448380,2026-05-14,2026-05-12 14:30:00,FC Thun,Young Boys Bern,switzerland-super-league,upcoming_fixture_probability_only,1.516,1.421,0.37720000000000004,0.274,0.3488,2.65,3.65,2.87,baseline_league_average_forward_fixture
d2d42c8aae8316c3e12c,odds_api_io_70906776,2026-05-14,2026-05-12 14:45:00,POFC Botev Vratsa,PFC Montana 1921,bulgaria-parva-liga,upcoming_fixture_probability_only,1.516,1.421,0.37720000000000004,0.274,0.3488,2.65,3.65,2.87,baseline_league_average_forward_fixture
741309a2b4e20d1e7ed2,odds_api_io_61591358,2026-05-14,2026-05-12 15:00:00,Austria Lustenau,SKU Amstetten,austria-2-liga,upcoming_fixture_probability_only,1.516,1.421,0.37720000000000004,0.274,0.3488,2.65,3.65,2.87,baseline_league_average_forward_fixture
15dd092ca3ebe5c6be9e,odds_api_io_69757834,2026-05-14,2026-05-12 15:00:00,FC Copenhagen,FC Midtjylland,denmark-dbu-pokalen,upcoming_fixture_probability_only,1.516,1.421,0.37720000000000004,0.274,0.3488,2.65,3.65,2.87,baseline_league_average_forward_fixture
7ec4cd17b584ca5b79e4,odds_api_io_61591362,2026-05-14,2026-05-12 15:00:00,First Vienna FC 1894,Schwarz-Weiss Bregenz,austria-2-liga,upcoming_fixture_probability_only,1.516,1.421,0.37720000000000004,0.274,0.3488,2.65,3.65,2.87,baseline_league_average_forward_fixture
686af0ff9423ac4f1393,odds_api_io_67126094,2026-05-14,2026-05-12 15:00:00,Ljungskile SK,GIF Sundsvall,sweden-superettan,upcoming_fixture_probability_only,1.516,1.421,0.37720000000000004,0.274,0.3488,2.65,3.65,2.87,baseline_league_average_forward_fixture
e01671423d25f8917677,odds_api_io_61591360,2026-05-14,2026-05-12 15:00:00,SK Austria Klagenfurt,FC Liefering,austria-2-liga,upcoming_fixture_probability_only,1.516,1.421,0.37720000000000004,0.274,0.3488,2.65,3.65,2.87,baseline_league_average_forward_fixture
bb24311dc455f27cec03,odds_api_io_61591372,2026-05-14,2026-05-12 15:00:00,SK Sturm Graz II,Rapid Wien II,austria-2-liga,upcoming_fixture_probability_only,1.516,1.421,0.37720000000000004,0.274,0.3488,2.65,3.65,2.87,baseline_league_average_forward_fixture
3abfe64427175a8c62b4,odds_api_io_61591366,2026-05-14,2026-05-12 15:00:00,SKN St Polten,FC Hertha Wels,austria-2-liga,upcoming_fixture_probability_only,1.516,1.421,0.37720000000000004,0.274,0.3488,2.65,3.65,2.87,baseline_league_average_forward_fixture
90628da466c2c078d2ba,odds_api_io_61541420,2026-05-14,2026-05-12 15:00:00,SV Kuchl,FC Kitzbuhel,austria-amateur-regionalliga-west,upcoming_fixture_probability_only,1.516,1.421,0.37720000000000004,0.274,0.3488,2.65,3.65,2.87,baseline_league_average_forward_fixture
1fac36042e1637d06129,odds_api_io_64055871,2026-05-14,2026-05-12 15:55:00,Al-Fateh SC,Al-Najma,saudi-arabia-saudi-pro-league,upcoming_fixture_probability_only,1.516,1.421,0.37720000000000004,0.274,0.3488,2.65,3.65,2.87,baseline_league_average_forward_fixture
da6905e7a752712d23b3,odds_api_io_71403930,2026-05-14,2026-05-12 16:00:00,Isa Town,Al Ittifaq BHR,bahrain-2nd-division,upcoming_fixture_probability_only,1.516,1.421,0.37720000000000004,0.274,0.3488,2.65,3.65,2.87,baseline_league_average_forward_fixture
427559ca59159ae20057,odds_api_io_71312158,2026-05-14,2026-05-12 16:00:00,RC Celta de Vigo,UD Las Palmas,spain-u19-division-de-honor-juvenil,upcoming_fixture_probability_only,1.516,1.421,0.37720000000000004,0.274,0.3488,2.65,3.65,2.87,baseline_league_average_forward_fixture
b239fd7fa3d1820b5804,odds_api_io_61624652,2026-05-14,2026-05-12 17:00:00,Valencia CF,Rayo Vallecano,spain-laliga,upcoming_fixture_probability_only,1.516,1.421,0.37720000000000004,0.274,0.3488,2.65,3.65,2.87,baseline_league_average_forward_fixture
db729635a3847fca7b03,odds_api_io_70906778,2026-05-14,2026-05-12 17:15:00,FC Lokomotiv 1929 Sofia,PFK Beroe Stara Zagora,bulgaria-parva-liga,upcoming_fixture_probability_only,1.516,1.421,0.37720000000000004,0.274,0.3488,2.65,3.65,2.87,baseline_league_average_forward_fixture
6acaeb48abf6d56d9c7c,odds_api_io_64055877,2026-05-14,2026-05-12 18:00:00,Al Qadsiah,Al-Hazm,saudi-arabia-saudi-pro-league,upcoming_fixture_probability_only,1.516,1.421,0.37720000000000004,0.274,0.3488,2.65,3.65,2.87,baseline_league_average_forward_fixture
955869508dd804d0cf47,odds_api_io_64055869,2026-05-14,2026-05-12 18:00:00,Al-Ittifaq FC,Al-Ittihad Club,saudi-arabia-saudi-pro-league,upcoming_fixture_probability_only,1.516,1.421,0.37720000000000004,0.274,0.3488,2.65,3.65,2.87,baseline_league_average_forward_fixture
297ee0ce13b2a6fd52e0,odds_api_io_61624646,2026-05-14,2026-05-12 18:00:00,Girona FC,Real Sociedad San Sebastian,spain-laliga,upcoming_fixture_probability_only,1.516,1.421,0.37720000000000004,0.274,0.3488,2.65,3.65,2.87,baseline_league_average_forward_fixture
5879825484dc1ff93cb9,odds_api_io_70379160,2026-05-14,2026-05-12 19:00:00,Always Ready,The Strongest,bolivia-division-profesional,upcoming_fixture_probability_only,1.516,1.421,0.37720000000000004,0.274,0.3488,2.65,3.65,2.87,baseline_league_average_forward_fixture
9e1ccb1d5cc7c5b5d64b,odds_api_io_71242310,2026-05-14,2026-05-12 19:00:00,Bradford City FC,Bolton Wanderers,england-league-one,upcoming_fixture_probability_only,1.516,1.421,0.37720000000000004,0.274,0.3488,2.65,3.65,2.87,baseline_league_average_forward_fixture
4cbe935ed8d8b6eb0b6c,odds_api_io_61624656,2026-05-14,2026-05-12 19:30:00,Real Madrid,Real Oviedo,spain-laliga,upcoming_fixture_probability_only,1.516,1.421,0.37720000000000004,0.274,0.3488,2.65,3.65,2.87,baseline_league_average_forward_fixture
12e7099f8dc64309edb6,odds_api_io_70401294,2026-05-14,2026-05-12 21:00:00,Chapecoense SC,Botafogo FR RJ,brazil-copa-do-brasil,upcoming_fixture_probability_only,1.516,1.421,0.37720000000000004,0.274,0.3488,2.65,3.65,2.87,baseline_league_average_forward_fixture
f060d6392e11661d0fc5,odds_api_io_70401306,2026-05-14,2026-05-12 22:00:00,AC Goianiense GO,CA Paranaense PR,brazil-copa-do-brasil,upcoming_fixture_probability_only,1.516,1.421,0.37720000000000004,0.274,0.3488,2.65,3.65,2.87,baseline_league_average_forward_fixture
4ffb0306bcbc5faa76cc,odds_api_io_70401302,2026-05-14,2026-05-12 22:00:00,AD Confianca SE,Gremio FB Porto Alegrense RS,brazil-copa-do-brasil,upcoming_fixture_probability_only,1.516,1.421,0.37720000000000004,0.274,0.3488,2.65,3.65,2.87,baseline_league_average_forward_fixture
d5c79692b516c34a56b2,odds_api_io_70401290,2026-05-14,2026-05-12 22:30:00,SC Corinthians SP,Barra FC SC,brazil-copa-do-brasil,upcoming_fixture_probability_only,1.516,1.421,0.37720000000000004,0.274,0.3488,2.65,3.65,2.87,baseline_league_average_forward_fixture
13c6c4b78bbfe2a724aa,odds_api_io_70401298,2026-05-14,2026-05-12 23:00:00,CR Brasil AL,Fortaleza EC CE,brazil-copa-do-brasil,upcoming_fixture_probability_only,1.516,1.421,0.37720000000000004,0.274,0.3488,2.65,3.65,2.87,baseline_league_average_forward_fixture
2d4f424ad8774c0bf54e,odds_api_io_70401304,2026-05-15,2026-05-12 00:30:00,EC Vitoria BA,CR Flamengo RJ,brazil-copa-do-brasil,upcoming_fixture_probability_only,1.516,1.421,0.37720000000000004,0.274,0.3488,2.65,3.65,2.87,baseline_league_average_forward_fixture
61684155b33d2b027b1b,odds_api_io_71450704,2026-05-15,2026-05-12 01:00:00,CF Pachuca,Pumas UNAM,mexico-liga-mx-clausura,upcoming_fixture_probability_only,1.516,1.421,0.37720000000000004,0.274,0.3488,2.65,3.65,2.87,baseline_league_average_forward_fixture
eb60673d9f5e96baaba7,odds_api_io_67878238,2026-05-15,2026-05-12 09:15:00,Brisbane Roar FC,Lions FC,australia-queensland-npl,upcoming_fixture_probability_only,1.516,1.421,0.37720000000000004,0.274,0.3488,2.65,3.65,2.87,baseline_league_average_forward_fixture
c94d2395bdcb695a1df5,odds_api_io_67878230,2026-05-15,2026-05-12 09:30:00,Peninsula Power FC,Gold Coast Knights,australia-queensland-npl,upcoming_fixture_probability_only,1.516,1.421,0.37720000000000004,0.274,0.3488,2.65,3.65,2.87,baseline_league_average_forward_fixture
271cc8faab62efc63cfe,odds_api_io_67878228,2026-05-15,2026-05-12 09:30:00,Wynnum Wolves FC,Eastern Suburbs FC,australia-queensland-npl,upcoming_fixture_probability_only,1.516,1.421,0.37720000000000004,0.274,0.3488,2.65,3.65,2.87,baseline_league_average_forward_fixture
fa7755e5fcafae2cee21,odds_api_io_71240192,2026-05-15,2026-05-12 09:35:00,Adelaide United FC,Auckland FC,australia-a-league,upcoming_fixture_probability_only,1.516,1.421,0.37720000000000004,0.274,0.3488,2.65,3.65,2.87,baseline_league_average_forward_fixture
576e8edef41fe6ea38f3,odds_api_io_68160142,2026-05-15,2026-05-12 09:45:00,Dandenong City SC,Oakleigh Cannons,australia-victoria-npl,upcoming_fixture_probability_only,1.516,1.421,0.37720000000000004,0.274,0.3488,2.65,3.65,2.87,baseline_league_average_forward_fixture
285e70075426dafe12a4,odds_api_io_67807380,2026-05-15,2026-05-12 10:00:00,Maitland FC,Cooks Hill United,australia-northern-nsw-npl,upcoming_fixture_probability_only,1.516,1.421,0.37720000000000004,0.274,0.3488,2.65,3.65,2.87,baseline_league_average_forward_fixture
eb70d546bc381f9540fa,odds_api_io_68160146,2026-05-15,2026-05-12 10:30:00,Bentleigh Greens,Heidelberg United FC,australia-victoria-npl,upcoming_fixture_probability_only,1.516,1.421,0.37720000000000004,0.274,0.3488,2.65,3.65,2.87,baseline_league_average_forward_fixture
c4eb0f63c79a45d902a8,odds_api_io_69767360,2026-05-15,2026-05-12 11:00:00,Balcatta FC,Fremantle City FC,australia-npl-western-australia-women,upcoming_fixture_probability_only,1.516,1.421,0.37720000000000004,0.274,0.3488,2.65,3.65,2.87,baseline_league_average_forward_fixture
6db9852e874da81b76b5,odds_api_io_68995142,2026-05-15,2026-05-12 11:35:00,Henan,Shenzhen Peng City,china-chinese-super-league,upcoming_fixture_probability_only,1.516,1.421,0.37720000000000004,0.274,0.3488,2.65,3.65,2.87,baseline_league_average_forward_fixture
5c2d1d4acbf3c1e6d821,odds_api_io_68995140,2026-05-15,2026-05-12 11:35:00,Shanghai Port FC,Zhejiang FC,china-chinese-super-league,upcoming_fixture_probability_only,1.516,1.421,0.37720000000000004,0.274,0.3488,2.65,3.65,2.87,baseline_league_average_forward_fixture
29ef1e33635218db26d0,odds_api_io_68995144,2026-05-15,2026-05-12 11:35:00,Tianjin Jinmen Tiger,Chengdu Rongcheng,china-chinese-super-league,upcoming_fixture_probability_only,1.516,1.421,0.37720000000000004,0.274,0.3488,2.65,3.65,2.87,baseline_league_average_forward_fixture
4187b400f86652d6350a,odds_api_io_68995146,2026-05-15,2026-05-12 12:00:00,Beijing Guoan,Qingdao Hainiu FC,china-chinese-super-league,upcoming_fixture_probability_only,1.516,1.421,0.37720000000000004,0.274,0.3488,2.65,3.65,2.87,baseline_league_average_forward_fixture
8e9e6c585ba1be13e3d3,odds_api_io_68995148,2026-05-15,2026-05-12 12:00:00,Dalian Yingbo FC,Qingdao West Coast FC,china-chinese-super-league,upcoming_fixture_probability_only,1.516,1.421,0.37720000000000004,0.274,0.3488,2.65,3.65,2.87,baseline_league_average_forward_fixture
31241ba34af19ef4862c,odds_api_io_68492520,2026-05-15,2026-05-12 15:00:00,Grobinas SC/LFS,FK Tukums 2000/TSS,latvia-virsliga,upcoming_fixture_probability_only,1.516,1.421,0.37720000000000004,0.274,0.3488,2.65,3.65,2.87,baseline_league_average_forward_fixture
7d0e09a840130c361413,odds_api_io_61677922,2026-05-15,2026-05-12 15:00:00,MSK Puchov,MSK Povazska Bystrica,slovakia-2-liga,upcoming_fixture_probability_only,1.516,1.421,0.37720000000000004,0.274,0.3488,2.65,3.65,2.87,baseline_league_average_forward_fixture
4e897d5c1160067d4b7b,odds_api_io_61677914,2026-05-15,2026-05-12 15:00:00,MSK Zilina B,Slavia Tu Kosice,slovakia-2-liga,upcoming_fixture_probability_only,1.516,1.421,0.37720000000000004,0.274,0.3488,2.65,3.65,2.87,baseline_league_average_forward_fixture
17d3abe031d8935c3801,odds_api_io_61272923,2026-05-15,2026-05-12 15:45:00,Nyiregyhaza Spartacus FC,Kazincbarcikai SC,hungary-nb-i,upcoming_fixture_probability_only,1.516,1.421,0.37720000000000004,0.274,0.3488,2.65,3.65,2.87,baseline_league_average_forward_fixture
78209c5aa5af931bba30,odds_api_io_71343380,2026-05-15,2026-05-12 16:00:00,Akritas Chlorakas,AEL Limassol,cyprus-1st-division,upcoming_fixture_probability_only,1.516,1.421,0.37720000000000004,0.274,0.3488,2.65,3.65,2.87,baseline_league_average_forward_fixture
ac30962a5660d784ce10,odds_api_io_71343370,2026-05-15,2026-05-12 16:00:00,Ethnikos Achnas FC,Omonia Aradippou,cyprus-1st-division,upcoming_fixture_probability_only,1.516,1.421,0.37720000000000004,0.274,0.3488,2.65,3.65,2.87,baseline_league_average_forward_fixture
c5540cc2d575da14650c,odds_api_io_70317950,2026-05-15,2026-05-12 16:00:00,Kolding IF,Lyngby BK,denmark-1-division,upcoming_fixture_probability_only,1.516,1.421,0.37720000000000004,0.274,0.3488,2.65,3.65,2.87,baseline_league_average_forward_fixture
8590fef7c1eafeeeba5c,odds_api_io_71343372,2026-05-15,2026-05-12 16:00:00,Olympiakos Nicosia,Anorthosis Famagusta,cyprus-1st-division,upcoming_fixture_probability_only,1.516,1.421,0.37720000000000004,0.274,0.3488,2.65,3.65,2.87,baseline_league_average_forward_fixture
37b57b4c9aac5dd8a006,odds_api_io_63004417,2026-05-15,2026-05-12 16:00:00,Pogon Siedlce,FKS Stal Mielec,poland-i-liga,upcoming_fixture_probability_only,1.516,1.421,0.37720000000000004,0.274,0.3488,2.65,3.65,2.87,baseline_league_average_forward_fixture
a4936da5ac21dc6143e9,odds_api_io_67017922,2026-05-15,2026-05-12 16:00:00,Sandnes Ulf,Egersunds IK,norway-1st-division,upcoming_fixture_probability_only,1.516,1.421,0.37720000000000004,0.274,0.3488,2.65,3.65,2.87,baseline_league_average_forward_fixture
9cf0cbe9c61a97a4fc2d,odds_api_io_61062327,2026-05-15,2026-05-12 16:00:00,Zaglebie Lubin,Pogon Szczecin,poland-ekstraklasa,upcoming_fixture_probability_only,1.516,1.421,0.37720000000000004,0.274,0.3488,2.65,3.65,2.87,baseline_league_average_forward_fixture
6b9561d1f783264ab72f,odds_api_io_64055883,2026-05-15,2026-05-12 16:15:00,Damac FC,Al-Fayha FC,saudi-arabia-saudi-pro-league,upcoming_fixture_probability_only,1.516,1.421,0.37720000000000004,0.274,0.3488,2.65,3.65,2.87,baseline_league_average_forward_fixture
a67f5848ca8c2e2faa0f,odds_api_io_70318290,2026-05-15,2026-05-12 17:00:00,B93 Copenhagen,Aalborg BK,denmark-1-division,upcoming_fixture_probability_only,1.516,1.421,0.37720000000000004,0.274,0.3488,2.65,3.65,2.87,baseline_league_average_forward_fixture
a59904e65fd153546457,odds_api_io_61730242,2026-05-15,2026-05-12 17:00:00,Caykur Rizespor,Besiktas Istanbul,turkiye-super-lig,upcoming_fixture_probability_only,1.516,1.421,0.37720000000000004,0.274,0.3488,2.65,3.65,2.87,baseline_league_average_forward_fixture
21ebe99f213043e509a2,odds_api_io_71380914,2026-05-15,2026-05-12 17:00:00,Corum FK,Bodrum FK,turkiye-1-lig,upcoming_fixture_probability_only,1.516,1.421,0.37720000000000004,0.274,0.3488,2.65,3.65,2.87,baseline_league_average_forward_fixture
4cdc82d454f99c514ed1,odds_api_io_68954832,2026-05-15,2026-05-12 17:00:00,FK Riteriai,FK Panevezys,lithuania-a-lyga,upcoming_fixture_probability_only,1.516,1.421,0.37720000000000004,0.274,0.3488,2.65,3.65,2.87,baseline_league_average_forward_fixture
b5f51f07018b4ca1d49c,odds_api_io_62117366,2026-05-15,2026-05-12 17:30:00,Dijon FCO,US Orleans,france-national,upcoming_fixture_probability_only,1.516,1.421,0.37720000000000004,0.274,0.3488,2.65,3.65,2.87,baseline_league_average_forward_fixture
7b340556d44b97e669af,odds_api_io_62117368,2026-05-15,2026-05-12 17:30:00,FC Fleury 91,FC Rouen,france-national,upcoming_fixture_probability_only,1.516,1.421,0.37720000000000004,0.274,0.3488,2.65,3.65,2.87,baseline_league_average_forward_fixture
4f175db5c6be341bc45b,odds_api_io_62117372,2026-05-15,2026-05-12 17:30:00,Quevilly-Rouen Metropole,Paris 13 Atletico,france-national,upcoming_fixture_probability_only,1.516,1.421,0.37720000000000004,0.274,0.3488,2.65,3.65,2.87,baseline_league_average_forward_fixture
fa68e50e15ad94b3e8b7,odds_api_io_62117360,2026-05-15,2026-05-12 17:30:00,SC Aubagne Air Bel,SM Caen,france-national,upcoming_fixture_probability_only,1.516,1.421,0.37720000000000004,0.274,0.3488,2.65,3.65,2.87,baseline_league_average_forward_fixture
13a83e04c811bcfdd097,odds_api_io_62117370,2026-05-15,2026-05-12 17:30:00,Sochaux-Montbeliard,Le Puy Foot 43 Auvergne,france-national,upcoming_fixture_probability_only,1.516,1.421,0.37720000000000004,0.274,0.3488,2.65,3.65,2.87,baseline_league_average_forward_fixture
9a4645a617a71528f72a,odds_api_io_62117364,2026-05-15,2026-05-12 17:30:00,US Concarneau,FC Villefranche Beaujolais,france-national,upcoming_fixture_probability_only,1.516,1.421,0.37720000000000004,0.274,0.3488,2.65,3.65,2.87,baseline_league_average_forward_fixture
2f33e0c9edf0899714c2,odds_api_io_62117374,2026-05-15,2026-05-12 17:30:00,Valenciennes FC,LB Chateauroux,france-national,upcoming_fixture_probability_only,1.516,1.421,0.37720000000000004,0.274,0.3488,2.65,3.65,2.87,baseline_league_average_forward_fixture
41eb0984c9acb456764c,odds_api_io_62117376,2026-05-15,2026-05-12 17:30:00,FC Versailles 78,Stade Briochin,france-national,upcoming_fixture_probability_only,1.516,1.421,0.37720000000000004,0.274,0.3488,2.65,3.65,2.87,baseline_league_average_forward_fixture
c35cd76302b642e42d82,odds_api_io_64055881,2026-05-15,2026-05-12 18:00:00,Al-Taawoun FC,Al-Riyadh SC,saudi-arabia-saudi-pro-league,upcoming_fixture_probability_only,1.516,1.421,0.37720000000000004,0.274,0.3488,2.65,3.65,2.87,baseline_league_average_forward_fixture
950509a7f0ae1f1030df,odds_api_io_61272931,2026-05-15,2026-05-12 18:00:00,Puskas Akademia FC Felcsut,MTK Budapest,hungary-nb-i,upcoming_fixture_probability_only,1.516,1.421,0.37720000000000004,0.274,0.3488,2.65,3.65,2.87,baseline_league_average_forward_fixture
e1b140d5e4577e274ee2,odds_api_io_71401180,2026-05-15,2026-05-12 18:00:00,SSC Bari,FC Sudtirol Bolzano,italy-serie-b,upcoming_fixture_probability_only,1.516,1.421,0.37720000000000004,0.274,0.3488,2.65,3.65,2.87,baseline_league_average_forward_fixture
bbef9745b815b58d4d8e,odds_api_io_66627496,2026-05-15,2026-05-12 18:15:00,FC Aarau,Yverdon-Sport,switzerland-challenge-league,upcoming_fixture_probability_only,1.516,1.421,0.37720000000000004,0.274,0.3488,2.65,3.65,2.87,baseline_league_average_forward_fixture
dbf5f0dbeffc0a4a0c1e,odds_api_io_66627494,2026-05-15,2026-05-12 18:15:00,Etoile Carouge FC,AC Bellinzona,switzerland-challenge-league,upcoming_fixture_probability_only,1.516,1.421,0.37720000000000004,0.274,0.3488,2.65,3.65,2.87,baseline_league_average_forward_fixture
72caf455f61163f0ec63,odds_api_io_66627492,2026-05-15,2026-05-12 18:15:00,FC Rapperswil-Jona,FC Stade Nyonnais,switzerland-challenge-league,upcoming_fixture_probability_only,1.516,1.421,0.37720000000000004,0.274,0.3488,2.65,3.65,2.87,baseline_league_average_forward_fixture
d39e5f60fae8810efa68,odds_api_io_71242320,2026-05-15,2026-05-12 18:15:00,Salford City,Grimsby Town,england-league-two,upcoming_fixture_probability_only,1.516,1.421,0.37720000000000004,0.274,0.3488,2.65,3.65,2.87,baseline_league_average_forward_fixture
e3447120772e36904772,odds_api_io_66627490,2026-05-15,2026-05-12 18:15:00,Stade Lausanne Ouchy,Neuchatel Xamax,switzerland-challenge-league,upcoming_fixture_probability_only,1.516,1.421,0.37720000000000004,0.274,0.3488,2.65,3.65,2.87,baseline_league_average_forward_fixture
99773eea844ec9075496,odds_api_io_66627412,2026-05-15,2026-05-12 18:15:00,FC Wil 1900,FC Vaduz,switzerland-challenge-league,upcoming_fixture_probability_only,1.516,1.421,0.37720000000000004,0.274,0.3488,2.65,3.65,2.87,baseline_league_average_forward_fixture
96e4da0f9bf5f6eb483e,odds_api_io_61623902,2026-05-15,2026-05-12 18:30:00,CD Castellon,Cadiz CF,spain-laliga-2,upcoming_fixture_probability_only,1.516,1.421,0.37720000000000004,0.274,0.3488,2.65,3.65,2.87,baseline_league_average_forward_fixture
f30fa709e0a6cae3d9c8,odds_api_io_61062331,2026-05-15,2026-05-12 18:30:00,Korona Kielce,Widzew Lodz,poland-ekstraklasa,upcoming_fixture_probability_only,1.516,1.421,0.37720000000000004,0.274,0.3488,2.65,3.65,2.87,baseline_league_average_forward_fixture
460ed095ab4a948e3384,odds_api_io_63004425,2026-05-15,2026-05-12 18:30:00,Polonia Warszawa,Wisla Krakow,poland-i-liga,upcoming_fixture_probability_only,1.516,1.421,0.37720000000000004,0.274,0.3488,2.65,3.65,2.87,baseline_league_average_forward_fixture
d8b58243e911d0a9ce1e,odds_api_io_66854046,2026-05-15,2026-05-12 18:45:00,Bohemians Dublin FC,Drogheda United FC,ireland-premier-division,upcoming_fixture_probability_only,1.516,1.421,0.37720000000000004,0.274,0.3488,2.65,3.65,2.87,baseline_league_average_forward_fixture
f36e6bb936d021456b72,odds_api_io_66854756,2026-05-15,2026-05-12 18:45:00,Cobh Ramblers,Athlone Town AFC,ireland-first-division,upcoming_fixture_probability_only,1.516,1.421,0.37720000000000004,0.274,0.3488,2.65,3.65,2.87,baseline_league_average_forward_fixture
66b5a3fa91b20bb20030,odds_api_io_66854758,2026-05-15,2026-05-12 18:45:00,Kerry FC,Wexford FC,ireland-first-division,upcoming_fixture_probability_only,1.516,1.421,0.37720000000000004,0.274,0.3488,2.65,3.65,2.87,baseline_league_average_forward_fixture
42fa713fc1a6bbd27c2f,odds_api_io_70207498,2026-05-15,2026-05-12 18:45:00,Oud-Heverlee Leuven,Royal Antwerp FC,belgium-pro-league,upcoming_fixture_probability_only,1.516,1.421,0.37720000000000004,0.274,0.3488,2.65,3.65,2.87,baseline_league_average_forward_fixture
941928b56275c45cd181,odds_api_io_66854050,2026-05-15,2026-05-12 18:45:00,Saint Patrick´s Athletic FC,Shelbourne FC,ireland-premier-division,upcoming_fixture_probability_only,1.516,1.421,0.37720000000000004,0.274,0.3488,2.65,3.65,2.87,baseline_league_average_forward_fixture
ef67003db7ee811174b6,odds_api_io_66854760,2026-05-15,2026-05-12 18:45:00,Treaty United,Finn Harps FC,ireland-first-division,upcoming_fixture_probability_only,1.516,1.421,0.37720000000000004,0.274,0.3488,2.65,3.65,2.87,baseline_league_average_forward_fixture
29d513c7ec81a5cc3612,odds_api_io_66854052,2026-05-15,2026-05-12 18:45:00,Waterford FC,Derry City FC,ireland-premier-division,upcoming_fixture_probability_only,1.516,1.421,0.37720000000000004,0.274,0.3488,2.65,3.65,2.87,baseline_league_average_forward_fixture
afbcc1e28c75194da71c,odds_api_io_61301251,2026-05-15,2026-05-12 19:00:00,Aston Villa,Liverpool FC,england-premier-league,upcoming_fixture_probability_only,1.516,1.421,0.37720000000000004,0.274,0.3488,2.65,3.65,2.87,baseline_league_average_forward_fixture
5e74dc9733509c0a14be,odds_api_io_61623898,2026-05-15,2026-05-12 19:00:00,Cordoba CF,Albacete Balompie,spain-laliga-2,upcoming_fixture_probability_only,1.516,1.421,0.37720000000000004,0.274,0.3488,2.65,3.65,2.87,baseline_league_average_forward_fixture
36726b152c72904766ac,odds_api_io_66854048,2026-05-15,2026-05-12 19:00:00,Dundalk FC,Shamrock Rovers,ireland-premier-division,upcoming_fixture_probability_only,1.516,1.421,0.37720000000000004,0.274,0.3488,2.65,3.65,2.87,baseline_league_average_forward_fixture
1b24003caaee09a6858e,odds_api_io_71242316,2026-05-15,2026-05-12 19:00:00,Notts County,Chesterfield FC,england-league-two,upcoming_fixture_probability_only,1.516,1.421,0.37720000000000004,0.274,0.3488,2.65,3.65,2.87,baseline_league_average_forward_fixture
699deee75d7177cc2b2f,odds_api_io_70881658,2026-05-15,2026-05-12 20:00:00,FC Cajamarca,Sporting Cristal,peru-liga-1,upcoming_fixture_probability_only,1.516,1.421,0.37720000000000004,0.274,0.3488,2.65,3.65,2.87,baseline_league_average_forward_fixture
f641a2ed9e18a15c85e7,odds_api_io_68687648,2026-05-15,2026-05-12 21:30:00,LDU Quito,CD Tecnico Universitario,ecuador-ligapro-primera-a,upcoming_fixture_probability_only,1.516,1.421,0.37720000000000004,0.274,0.3488,2.65,3.65,2.87,baseline_league_average_forward_fixture
6c22d3dfdec430914983,odds_api_io_69768176,2026-05-16,2026-05-12 05:00:00,Mandurah City FC Reserves,Uwa Nedlands FC Reserves,australia-western-australia-state-league-1-reserves,upcoming_fixture_probability_only,1.516,1.421,0.37720000000000004,0.274,0.3488,2.65,3.65,2.87,baseline_league_average_forward_fixture
28d9df0ebc274f34049f,odds_api_io_70930074,2026-05-16,2026-05-12 06:30:00,Port Darwin FC,Darwin Hearts FC,australia-northern-territory-premier-league-women,upcoming_fixture_probability_only,1.516,1.421,0.37720000000000004,0.274,0.3488,2.65,3.65,2.87,baseline_league_average_forward_fixture
59a7b2bc1f8803fa3a2b,odds_api_io_71415362,2026-05-16,2026-05-12 07:00:00,Fremantle City,Olympic Kingsway SC,australia-western-australia-npl,upcoming_fixture_probability_only,1.516,1.421,0.37720000000000004,0.274,0.3488,2.65,3.65,2.87,baseline_league_average_forward_fixture
cc9b270b59291ead2e3a,odds_api_io_69767606,2026-05-16,2026-05-12 07:00:00,Mandurah City,UWA Nedlands FC,australia-western-australia-state-league-1,upcoming_fixture_probability_only,1.516,1.421,0.37720000000000004,0.274,0.3488,2.65,3.65,2.87,baseline_league_average_forward_fixture
24a39a532799a7187d6d,odds_api_io_69115202,2026-05-16,2026-05-12 07:00:00,Olympic Kingsway SC,Fremantle City,australia-western-australia-npl,upcoming_fixture_probability_only,1.516,1.421,0.37720000000000004,0.274,0.3488,2.65,3.65,2.87,baseline_league_average_forward_fixture
7161250a4d3bce350e15,odds_api_io_70934642,2026-05-16,2026-05-12 08:30:00,Darwin Hearts FC Reserves,Garuda FC Reserves,australia-northern-territory-premier-league-reserves,upcoming_fixture_probability_only,1.516,1.421,0.37720000000000004,0.274,0.3488,2.65,3.65,2.87,baseline_league_average_forward_fixture
31938c467fb5981048e9,odds_api_io_62204954,2026-05-16,2026-05-12 08:45:00,Kedah Darul Aman,Manjung City FC,malaysia-liga-a1,upcoming_fixture_probability_only,1.516,1.421,0.37720000000000004,0.274,0.3488,2.65,3.65,2.87,baseline_league_average_forward_fixture
2e499d98e467b3fc9dbf,odds_api_io_67611560,2026-05-16,2026-05-12 09:30:00,Sydney City Comets,Manly Warringah Sea Eagles,australia-nbl1-east,upcoming_fixture_probability_only,1.516,1.421,0.37720000000000004,0.274,0.3488,2.65,3.65,2.87,baseline_league_average_forward_fixture
e97ba13c29aabc71332a,odds_api_io_71076888,2026-05-13,2026-05-12 14:00:00,BC Olympiakos Piraeus,BC Kolossos Rhodes,greece-greek-basketball-league,upcoming_fixture_probability_only,1.516,1.421,0.37720000000000004,0.274,0.3488,2.65,3.65,2.87,baseline_league_average_forward_fixture
3a6ad63871a4eac7a54b,odds_api_io_69044438,2026-05-13,2026-05-12 18:30:00,AN Brescia,Olympiakos,international-champions-league,upcoming_fixture_probability_only,1.516,1.421,0.37720000000000004,0.274,0.3488,2.65,3.65,2.87,baseline_league_average_forward_fixture
