prediction_id,fixture_id,match_date,match_time,home_team,away_team,league,sample_phase,expected_home_goals,expected_away_goals,home_win_probability,draw_probability,away_win_probability,fair_home_odds,fair_draw_odds,fair_away_odds,model_source,model_coverage,home_model_team,away_model_team
2ebfd280c7340f5c2a3a,odds_api_io_70232106,2026-05-21,15:00,Atromitos Athinon,Panserraikos FC,greece-super-league,upcoming_fixture_probability_only,1.516,1.421,0.3772,0.274,0.3488,2.65,3.65,2.87,baseline_league_average_forward_fixture,baseline_unmatched_fixture,,
6a7950dca0768e628726,odds_api_io_68492534,2026-05-21,15:00,BFC Daugavpils,Ogre United,latvia-virsliga,upcoming_fixture_probability_only,1.516,1.421,0.3772,0.274,0.3488,2.65,3.65,2.87,baseline_league_average_forward_fixture,baseline_unmatched_fixture,,
33e1d9e3ab1a1f9ed172,odds_api_io_70926700,2026-05-21,15:00,Negelle Arsi,Shire Endaselassie FC,ethiopia-premier-league,upcoming_fixture_probability_only,1.516,1.421,0.3772,0.274,0.3488,2.65,3.65,2.87,baseline_league_average_forward_fixture,baseline_unmatched_fixture,,
854a7759e7d51d0de959,odds_api_io_70224452,2026-05-21,15:00,FC Spaeri,FC Dinamo Batumi,georgia-erovnuli-liga,upcoming_fixture_probability_only,1.516,1.421,0.3772,0.274,0.3488,2.65,3.65,2.87,baseline_league_average_forward_fixture,baseline_unmatched_fixture,,
bd48a237342478c65ef9,odds_api_io_70479402,2026-05-21,15:30,Coastal Union FC,Simba SC,tanzania-premier-league,upcoming_fixture_probability_only,1.516,1.421,0.3772,0.274,0.3488,2.65,3.65,2.87,baseline_league_average_forward_fixture,baseline_unmatched_fixture,,
c593136a0f980a2ee3df,odds_api_io_71549302,2026-05-21,15:30,Qatar,Sudan,international-int-friendly-games,upcoming_fixture_probability_only,1.516,1.421,0.3772,0.274,0.3488,2.65,3.65,2.87,baseline_league_average_forward_fixture,baseline_unmatched_fixture,,
6b7599820d331f737db5,odds_api_io_70232108,2026-05-21,16:00,AE Kifisia FC,AE Larissa FC,greece-super-league,upcoming_fixture_probability_only,1.516,1.421,0.3772,0.274,0.3488,2.65,3.65,2.87,baseline_league_average_forward_fixture,baseline_unmatched_fixture,,
70beaf5696404d61774d,odds_api_io_71575764,2026-05-21,16:00,AL Budaiya,Manama Club,bahrain-premier-league,upcoming_fixture_probability_only,1.516,1.421,0.3772,0.274,0.3488,2.65,3.65,2.87,baseline_league_average_forward_fixture,baseline_unmatched_fixture,,
78225409379f946be05d,odds_api_io_71575766,2026-05-21,16:00,Al-Najma Manama,Al Ittihad,bahrain-premier-league,upcoming_fixture_probability_only,1.516,1.421,0.3772,0.274,0.3488,2.65,3.65,2.87,baseline_league_average_forward_fixture,baseline_unmatched_fixture,,
10bb6b7b1890ae28808b,odds_api_io_70684194,2026-05-21,16:00,Atlantis FC/2,Toolon Taisto,finland-kolmonen,upcoming_fixture_probability_only,1.516,1.421,0.3772,0.274,0.3488,2.65,3.65,2.87,baseline_league_average_forward_fixture,baseline_unmatched_fixture,,
416efea1a41d4a199445,fd_G1_2026-05-21_Atromitos_Panserraikos,2026-05-21,16:00,Atromitos,Panserraikos,G1,upcoming_fixture_probability_only,1.516,1.421,0.3772,0.274,0.3488,2.65,3.65,2.87,baseline_league_average_forward_fixture,baseline_unmatched_fixture,,
dee14161ca30f4ccd5eb,odds_api_io_69109006,2026-05-21,16:00,FF Jaro Akademia,VPS Akatemia,finland-kakkonen-playoffs,upcoming_fixture_probability_only,1.516,1.421,0.3772,0.274,0.3488,2.65,3.65,2.87,baseline_league_average_forward_fixture,baseline_unmatched_fixture,,
f7de222f221705a140ac,odds_api_io_71523852,2026-05-21,16:00,Grei Kvinner Elite FK,Lyn,norway-nm-cup-women,upcoming_fixture_probability_only,1.516,1.421,0.3772,0.274,0.3488,2.65,3.65,2.87,baseline_league_average_forward_fixture,baseline_unmatched_fixture,,
478b962e265feccabc24,odds_api_io_71352614,2026-05-21,16:00,FC Killas,FC Melgar,peru-liga-femenina,upcoming_fixture_probability_only,1.516,1.421,0.3772,0.274,0.3488,2.65,3.65,2.87,baseline_league_average_forward_fixture,baseline_unmatched_fixture,,
6fdd8b409b2b6052ef0a,odds_api_io_71055200,2026-05-21,16:00,Odd BK,KFUM Oslo,norway-u19-nasjonal,upcoming_fixture_probability_only,1.516,1.421,0.3772,0.274,0.3488,2.65,3.65,2.87,baseline_league_average_forward_fixture,baseline_unmatched_fixture,,
5127e87b40d8edb57b13,odds_api_io_70232110,2026-05-21,16:00,Panaitolikos Agrinio,Asteras Tripolis,greece-super-league,upcoming_fixture_probability_only,1.516,1.421,0.3772,0.274,0.3488,2.65,3.65,2.87,baseline_league_average_forward_fixture,baseline_unmatched_fixture,,
1338cd17dcf7ce0e3cef,odds_api_io_71530418,2026-05-21,16:15,Al Arabi,AL Tadhamon,kuwait-premier-league,upcoming_fixture_probability_only,1.516,1.421,0.3772,0.274,0.3488,2.65,3.65,2.87,baseline_league_average_forward_fixture,baseline_unmatched_fixture,,
cbbfd9f305de196ad3c8,odds_api_io_71563848,2026-05-21,16:30,Broendby IF,FC Copenhagen,denmark-superliga,upcoming_fixture_probability_only,1.516,1.421,0.3772,0.274,0.3488,2.65,3.65,2.87,baseline_league_average_forward_fixture,baseline_unmatched_fixture,,
7226415ce745b7a19ce8,odds_api_io_71579104,2026-05-21,16:30,Stade Malien de Bamako,US Bougouni,mali-ligue-1,upcoming_fixture_probability_only,1.516,1.421,0.3772,0.274,0.3488,2.65,3.65,2.87,baseline_league_average_forward_fixture,baseline_unmatched_fixture,,
8c7a1b207aa3678a6640,odds_api_io_71558146,2026-05-21,16:45,Ajax Amsterdam,FC Groningen,netherlands-eredivisie,upcoming_fixture_probability_only,1.516,1.421,0.3772,0.274,0.3488,2.65,3.65,2.87,baseline_league_average_forward_fixture,baseline_unmatched_fixture,,
8454ab3baa30c6d204ac,odds_api_io_71633104,2026-05-21,16:45,Star Arafat,Asc Riadh,mauritania-super-d2,upcoming_fixture_probability_only,1.516,1.421,0.3772,0.274,0.3488,2.65,3.65,2.87,baseline_league_average_forward_fixture,baseline_unmatched_fixture,,
ea0860d448cf64d28378,odds_api_io_67126672,2026-05-21,17:00,IF Elfsborg,Mjallby AIF,sweden-allsvenskan,upcoming_fixture_probability_only,1.516,1.421,0.3772,0.274,0.3488,2.65,3.65,2.87,baseline_league_average_forward_fixture,baseline_unmatched_fixture,,
7476f935ff6ff88dbf9f,odds_api_io_68320188,2026-05-21,17:00,IK Tord,Skara FC,sweden-division-2-promotion-playoffs,upcoming_fixture_probability_only,1.516,1.421,0.3772,0.274,0.3488,2.65,3.65,2.87,baseline_league_average_forward_fixture,baseline_unmatched_fixture,,
fff2515c3e9c990162df,odds_api_io_61902056,2026-05-21,17:00,Ilzer SV,USV Gnas,austria-amateur-steiermark-landesliga,upcoming_fixture_probability_only,1.516,1.421,0.3772,0.274,0.3488,2.65,3.65,2.87,baseline_league_average_forward_fixture,baseline_unmatched_fixture,,
32acee9e38084a9f0839,fd_G1_2026-05-21_Kifisia_Larisa,2026-05-21,17:00,Kifisia,Larisa,G1,upcoming_fixture_probability_only,1.516,1.421,0.3772,0.274,0.3488,2.65,3.65,2.87,baseline_league_average_forward_fixture,baseline_unmatched_fixture,,
ddaa232982b9fc392b93,odds_api_io_69923684,2026-05-21,17:00,FC Lasten,Ylojarvi United FC,finland-kolmonen,upcoming_fixture_probability_only,1.516,1.421,0.3772,0.274,0.3488,2.65,3.65,2.87,baseline_league_average_forward_fixture,baseline_unmatched_fixture,,
4faaf5d7453172683fe3,odds_api_io_67919630,2026-05-21,17:00,Ntnui,Ranheim 2,norway-3rd-division-group-2,upcoming_fixture_probability_only,1.516,1.421,0.3772,0.274,0.3488,2.65,3.65,2.87,baseline_league_average_forward_fixture,baseline_unmatched_fixture,,
f98239ae63a1d63667f6,fd_G1_2026-05-21_Panetolikos_Asteras_Tripolis,2026-05-21,17:00,Panetolikos,Asteras Tripolis,G1,upcoming_fixture_probability_only,1.516,1.421,0.3772,0.274,0.3488,2.65,3.65,2.87,baseline_league_average_forward_fixture,baseline_unmatched_fixture,,
d01dd6d3d27adf3ec50d,odds_api_io_70684198,2026-05-21,17:00,Ppj/Lauttasaari,Valtti,finland-kolmonen,upcoming_fixture_probability_only,1.516,1.421,0.3772,0.274,0.3488,2.65,3.65,2.87,baseline_league_average_forward_fixture,baseline_unmatched_fixture,,
8cf2d96cd23540e1099e,odds_api_io_68492536,2026-05-21,17:00,FC RFS,FS Jelgava,latvia-virsliga,upcoming_fixture_probability_only,1.516,1.421,0.3772,0.274,0.3488,2.65,3.65,2.87,baseline_league_average_forward_fixture,baseline_unmatched_fixture,,
a91174d4c5e9412788ac,odds_api_io_70224454,2026-05-21,17:00,FC Rustavi,FC Samgurali Tskaltubo,georgia-erovnuli-liga,upcoming_fixture_probability_only,1.516,1.421,0.3772,0.274,0.3488,2.65,3.65,2.87,baseline_league_average_forward_fixture,baseline_unmatched_fixture,,
3ff1be8b6f1e1ed8ec67,odds_api_io_61466383,2026-05-21,17:00,SK Treibach,FC Gleisdorf 09,austria-amateur-regionalliga-centre,upcoming_fixture_probability_only,1.516,1.421,0.3772,0.274,0.3488,2.65,3.65,2.87,baseline_league_average_forward_fixture,baseline_unmatched_fixture,,
66d05cc598142991bb4f,odds_api_io_70663780,2026-05-21,17:00,Tarup-Paarup IF,Vorup FB,denmark-amateur-danmarksserien,upcoming_fixture_probability_only,1.516,1.421,0.3772,0.274,0.3488,2.65,3.65,2.87,baseline_league_average_forward_fixture,baseline_unmatched_fixture,,
410ceec176c1c2fab9d6,odds_api_io_69880336,2026-05-21,17:00,Wadi Degla SC,Zed FC,egypt-premier-league,upcoming_fixture_probability_only,1.516,1.421,0.3772,0.274,0.3488,2.65,3.65,2.87,baseline_league_average_forward_fixture,baseline_unmatched_fixture,,
fbb5d3b2826389d455a1,odds_api_io_71530420,2026-05-21,17:20,Al-Fahaheel,Kuwait SC,kuwait-premier-league,upcoming_fixture_probability_only,1.516,1.421,0.3772,0.274,0.3488,2.65,3.65,2.87,baseline_league_average_forward_fixture,baseline_unmatched_fixture,,
5a135494ab4a4eb74e15,odds_api_io_71631772,2026-05-21,18:00,AL Ansar SC,Nejmeh SC,international-clubs-club-friendly-games,upcoming_fixture_probability_only,1.516,1.421,0.3772,0.274,0.3488,2.65,3.65,2.87,baseline_league_average_forward_fixture,baseline_unmatched_fixture,,
e50e461f58c73074b108,odds_api_io_64055897,2026-05-21,18:00,Al Nassr Club,Damac FC,saudi-arabia-saudi-pro-league,upcoming_fixture_probability_only,1.516,1.421,0.3772,0.274,0.3488,2.65,3.65,2.87,baseline_league_average_forward_fixture,baseline_unmatched_fixture,,
96f150ceffee27d3051a,odds_api_io_64055885,2026-05-21,18:00,Al-Fayha FC,Al Hilal SFC,saudi-arabia-saudi-pro-league,upcoming_fixture_probability_only,1.516,1.421,0.3772,0.274,0.3488,2.65,3.65,2.87,baseline_league_average_forward_fixture,baseline_unmatched_fixture,,
12c2690e5e8be9303d58,odds_api_io_64055887,2026-05-21,18:00,Al-Hazm,Al-Taawoun FC,saudi-arabia-saudi-pro-league,upcoming_fixture_probability_only,1.516,1.421,0.3772,0.274,0.3488,2.65,3.65,2.87,baseline_league_average_forward_fixture,baseline_unmatched_fixture,,
66330082f6817f895eb7,odds_api_io_64055889,2026-05-21,18:00,Al-Ittihad Club,Al Qadsiah,saudi-arabia-saudi-pro-league,upcoming_fixture_probability_only,1.516,1.421,0.3772,0.274,0.3488,2.65,3.65,2.87,baseline_league_average_forward_fixture,baseline_unmatched_fixture,,
54702d50b88d149e5039,odds_api_io_64055893,2026-05-21,18:00,Al-Kholood,Al-Fateh SC,saudi-arabia-saudi-pro-league,upcoming_fixture_probability_only,1.516,1.421,0.3772,0.274,0.3488,2.65,3.65,2.87,baseline_league_average_forward_fixture,baseline_unmatched_fixture,,
eb9336591170966dcc11,odds_api_io_64055899,2026-05-21,18:00,Al-Riyadh SC,Al-Okhdood Club,saudi-arabia-saudi-pro-league,upcoming_fixture_probability_only,1.516,1.421,0.3772,0.274,0.3488,2.65,3.65,2.87,baseline_league_average_forward_fixture,baseline_unmatched_fixture,,
1a64e43c1bea6a036a66,odds_api_io_71553438,2026-05-21,18:00,Boca Juniors,CA River Plate (ARG),argentina-primera-division-women,upcoming_fixture_probability_only,1.516,1.421,0.3772,0.274,0.3488,2.65,3.65,2.87,baseline_league_average_forward_fixture,baseline_unmatched_fixture,,
c267145528a3eae15ae7,odds_api_io_68158798,2026-05-21,18:00,CA Barracas Central Reserve,CA Union Santa Fe Reserve,argentina-copa-proyeccion-final-reserves,upcoming_fixture_probability_only,1.516,1.421,0.3772,0.274,0.3488,2.65,3.65,2.87,baseline_league_average_forward_fixture,baseline_unmatched_fixture,,
e4173c9afe8aff526083,odds_api_io_68751798,2026-05-21,18:00,CA Paranaense PR,Botafogo FR RJ,brazil-u20-campeonato-brasileiro,upcoming_fixture_probability_only,1.516,1.421,0.3772,0.274,0.3488,2.65,3.65,2.87,baseline_league_average_forward_fixture,baseline_unmatched_fixture,,
8859828e55895715fa29,odds_api_io_68751810,2026-05-21,18:00,CR Vasco da Gama RJ,America FC MG,brazil-u20-campeonato-brasileiro,upcoming_fixture_probability_only,1.516,1.421,0.3772,0.274,0.3488,2.65,3.65,2.87,baseline_league_average_forward_fixture,baseline_unmatched_fixture,,
b1122c04c9c64fdd067b,odds_api_io_68751792,2026-05-21,18:00,EC Bahia BA,Fortaleza EC CE,brazil-u20-campeonato-brasileiro,upcoming_fixture_probability_only,1.516,1.421,0.3772,0.274,0.3488,2.65,3.65,2.87,baseline_league_average_forward_fixture,baseline_unmatched_fixture,,
be42f0318bb6779e6983,odds_api_io_68158824,2026-05-21,18:00,Estudiantes de LP Reserve,CA Belgrano,argentina-copa-proyeccion-final-reserves,upcoming_fixture_probability_only,1.516,1.421,0.3772,0.274,0.3488,2.65,3.65,2.87,baseline_league_average_forward_fixture,baseline_unmatched_fixture,,
522d57c7a02aab46ec92,odds_api_io_68158796,2026-05-21,18:00,Gimnasia de Mendoza Reserve,Atletico Tucuman Reserve,argentina-copa-proyeccion-final-reserves,upcoming_fixture_probability_only,1.516,1.421,0.3772,0.274,0.3488,2.65,3.65,2.87,baseline_league_average_forward_fixture,baseline_unmatched_fixture,,
29f94347af089bd47e08,odds_api_io_68194650,2026-05-21,18:00,IA Akranes,IBV Vestmannaeyjar,iceland-besta-deild,upcoming_fixture_probability_only,1.516,1.421,0.3772,0.274,0.3488,2.65,3.65,2.87,baseline_league_average_forward_fixture,baseline_unmatched_fixture,,
c50bef217b610ecf829c,odds_api_io_68158794,2026-05-21,18:00,Instituto AC Cordoba Reserves,CD Godoy Cruz,argentina-copa-proyeccion-final-reserves,upcoming_fixture_probability_only,1.516,1.421,0.3772,0.274,0.3488,2.65,3.65,2.87,baseline_league_average_forward_fixture,baseline_unmatched_fixture,,
ee8a935bbb85f3fafca9,odds_api_io_71166642,2026-05-21,18:00,KF Ferizaj,KF Dukagjini,kosovo-kosovo-fa-cup,upcoming_fixture_probability_only,1.516,1.421,0.3772,0.274,0.3488,2.65,3.65,2.87,baseline_league_average_forward_fixture,baseline_unmatched_fixture,,
9b9a43365e13db169f5d,odds_api_io_70479404,2026-05-21,18:00,Namungo FC,Mbeya City FC,tanzania-premier-league,upcoming_fixture_probability_only,1.516,1.421,0.3772,0.274,0.3488,2.65,3.65,2.87,baseline_league_average_forward_fixture,baseline_unmatched_fixture,,
906f1c0bed9fa3ef896c,odds_api_io_64055901,2026-05-21,18:00,Neom SC,Al-Ittifaq FC,saudi-arabia-saudi-pro-league,upcoming_fixture_probability_only,1.516,1.421,0.3772,0.274,0.3488,2.65,3.65,2.87,baseline_league_average_forward_fixture,baseline_unmatched_fixture,,
c8113bab8c1ecb34edcb,odds_api_io_68751806,2026-05-21,18:00,Red Bull Bragantino SP,Gremio FB Porto Alegrense RS,brazil-u20-campeonato-brasileiro,upcoming_fixture_probability_only,1.516,1.421,0.3772,0.274,0.3488,2.65,3.65,2.87,baseline_league_average_forward_fixture,baseline_unmatched_fixture,,
cf5eb4218a70239905bc,odds_api_io_68158810,2026-05-21,18:00,Velez Sarsfield Reserve,CA River Plate (Arg),argentina-copa-proyeccion-final-reserves,upcoming_fixture_probability_only,1.516,1.421,0.3772,0.274,0.3488,2.65,3.65,2.87,baseline_league_average_forward_fixture,baseline_unmatched_fixture,,
1f7badcfcd66cce96d4b,odds_api_io_71352616,2026-05-21,18:15,Flamengo FBC,Defensores Del Ilucan,peru-liga-femenina,upcoming_fixture_probability_only,1.516,1.421,0.3772,0.274,0.3488,2.65,3.65,2.87,baseline_league_average_forward_fixture,baseline_unmatched_fixture,,
ded6ad306d378fd38ae1,odds_api_io_71546792,2026-05-21,18:15,Grasshopper Club Zurich,FC Aarau,switzerland-super-league,upcoming_fixture_probability_only,1.516,1.421,0.3772,0.274,0.3488,2.65,3.65,2.87,baseline_league_average_forward_fixture,baseline_unmatched_fixture,,
2db1cef945af7e418a24,odds_api_io_61737338,2026-05-21,18:30,FK Velez Mostar,FK Sarajevo,bosnia-&-herzegovina-premijer-liga,upcoming_fixture_probability_only,1.516,1.421,0.3772,0.274,0.3488,2.65,3.65,2.87,baseline_league_average_forward_fixture,baseline_unmatched_fixture,,
af10198f763288193188,odds_api_io_61737346,2026-05-21,18:30,FK Zeljeznicar Sarajevo,NK Siroki Brijeg,bosnia-&-herzegovina-premijer-liga,upcoming_fixture_probability_only,1.516,1.421,0.3772,0.274,0.3488,2.65,3.65,2.87,baseline_league_average_forward_fixture,baseline_unmatched_fixture,,
d115e59493cade2be7e8,odds_api_io_70207436,2026-05-21,18:30,KAA Gent,Union Saint-Gilloise,belgium-pro-league,upcoming_fixture_probability_only,1.516,1.421,0.3772,0.274,0.3488,2.65,3.65,2.87,baseline_league_average_forward_fixture,baseline_unmatched_fixture,,
1f7a9173fd59ecf345d3,odds_api_io_70207438,2026-05-21,18:30,RSC Anderlecht,St. Truidense VV,belgium-pro-league,upcoming_fixture_probability_only,1.516,1.421,0.3772,0.274,0.3488,2.65,3.65,2.87,baseline_league_average_forward_fixture,baseline_unmatched_fixture,,
e0aef3c79431fa4c57f0,odds_api_io_71514078,2026-05-21,18:30,UD Las Palmas,FC Barcelona,spain-u19-division-de-honor-juvenil,upcoming_fixture_probability_only,1.516,1.421,0.3772,0.274,0.3488,2.65,3.65,2.87,baseline_league_average_forward_fixture,baseline_unmatched_fixture,,Barcelona
8c3bb981d3612855b59a,odds_api_io_71443804,2026-05-21,18:30,VFL Wolfsburg,SC Paderborn 07,germany-bundesliga,upcoming_fixture_probability_only,1.516,1.421,0.3772,0.274,0.3488,2.65,3.65,2.87,baseline_league_average_forward_fixture,baseline_unmatched_fixture,,
8d9b51b61775ef65b791,odds_api_io_70207440,2026-05-21,18:30,Yellow-Red KV Mechelen,Club Brugge,belgium-pro-league,upcoming_fixture_probability_only,1.516,1.421,0.3772,0.274,0.3488,2.65,3.65,2.87,baseline_league_average_forward_fixture,baseline_unmatched_fixture,,
40f965c71ab4e0b664d5,odds_api_io_68971758,2026-05-21,19:00,Acao Futebol MT,SC Recife PE,brazil-brasileiro-serie-a2-women,upcoming_fixture_probability_only,1.516,1.421,0.3772,0.274,0.3488,2.65,3.65,2.87,baseline_league_average_forward_fixture,baseline_unmatched_fixture,,
e4a3cde8f9acd4b52792,odds_api_io_68097924,2026-05-21,19:00,Deportes Recoleta,CD Cobreloa Calama,chile-primera-b,upcoming_fixture_probability_only,1.516,1.421,0.3772,0.274,0.3488,2.65,3.65,2.87,baseline_league_average_forward_fixture,baseline_unmatched_fixture,,
79b811c6a6f0d7bf2815,odds_api_io_71538008,2026-05-21,19:00,Partick Thistle FC,St Mirren FC,scotland-premiership,upcoming_fixture_probability_only,1.516,1.421,0.3772,0.274,0.3488,2.65,3.65,2.87,baseline_league_average_forward_fixture,baseline_unmatched_fixture,,
8141ccc2518f0825dd82,odds_api_io_71355038,2026-05-21,19:00,San Antonio FC,SD Aucas,ecuador-copa-ecuador,upcoming_fixture_probability_only,1.516,1.421,0.3772,0.274,0.3488,2.65,3.65,2.87,baseline_league_average_forward_fixture,baseline_unmatched_fixture,,
e8eef514e39f2f383feb,odds_api_io_71558148,2026-05-21,19:00,FC Utrecht,SC Heerenveen,netherlands-eredivisie,upcoming_fixture_probability_only,1.516,1.421,0.3772,0.274,0.3488,2.65,3.65,2.87,baseline_league_average_forward_fixture,baseline_unmatched_fixture,,
40645c9f545d432808bd,odds_api_io_70844436,2026-05-21,19:15,Hafnir,IH Hafnarfjordur,iceland-4-deild,upcoming_fixture_probability_only,1.516,1.421,0.3772,0.274,0.3488,2.65,3.65,2.87,baseline_league_average_forward_fixture,baseline_unmatched_fixture,,
1f8bbebeb4e21e9c4057,odds_api_io_70687996,2026-05-21,19:15,KFG Gardabaer,Haukar Hafnarfjordur,iceland-2-deild,upcoming_fixture_probability_only,1.516,1.421,0.3772,0.274,0.3488,2.65,3.65,2.87,baseline_league_average_forward_fixture,baseline_unmatched_fixture,,
073bac26303056a56f30,odds_api_io_70844442,2026-05-21,19:15,KFR,Hamar,iceland-4-deild,upcoming_fixture_probability_only,1.516,1.421,0.3772,0.274,0.3488,2.65,3.65,2.87,baseline_league_average_forward_fixture,baseline_unmatched_fixture,,
345ac08f3d7d99e286d1,odds_api_io_70844440,2026-05-21,19:15,Vaengir Jupiters,Alftanes,iceland-4-deild,upcoming_fixture_probability_only,1.516,1.421,0.3772,0.274,0.3488,2.65,3.65,2.87,baseline_league_average_forward_fixture,baseline_unmatched_fixture,,
a77b3a0136562ae81e4b,fd_B1_2026-05-21_Anderlecht_St_Truiden,2026-05-21,19:30,Anderlecht,St Truiden,B1,upcoming_fixture_probability_only,1.516,1.421,0.3772,0.274,0.3488,2.65,3.65,2.87,baseline_league_average_forward_fixture,baseline_unmatched_fixture,,
0feb27e53c2d790d6c02,fd_B1_2026-05-21_Gent_St._Gilloise,2026-05-21,19:30,Gent,St. Gilloise,B1,upcoming_fixture_probability_only,1.516,1.421,0.3772,0.274,0.3488,2.65,3.65,2.87,baseline_league_average_forward_fixture,baseline_unmatched_fixture,,
d06eac949f37b5c20854,fd_B1_2026-05-21_Mechelen_Club_Brugge,2026-05-21,19:30,Mechelen,Club Brugge,B1,upcoming_fixture_probability_only,1.516,1.421,0.3772,0.274,0.3488,2.65,3.65,2.87,baseline_league_average_forward_fixture,baseline_unmatched_fixture,,
e093a805741b6b5f2dcc,odds_api_io_70844438,2026-05-21,20:00,Alafoss,Ellidi,iceland-4-deild,upcoming_fixture_probability_only,1.516,1.421,0.3772,0.274,0.3488,2.65,3.65,2.87,baseline_league_average_forward_fixture,baseline_unmatched_fixture,,
fa1b34162b5c407f2745,odds_api_io_71426282,2026-05-21,20:00,Club Dr Benjamin Aceval,Carapegua,paraguay-segunda-division,upcoming_fixture_probability_only,1.516,1.421,0.3772,0.274,0.3488,2.65,3.65,2.87,baseline_league_average_forward_fixture,baseline_unmatched_fixture,,
a0fb6fbd8eb831cd212d,odds_api_io_70844444,2026-05-21,20:15,Ulfanir,Arborg,iceland-4-deild,upcoming_fixture_probability_only,1.516,1.421,0.3772,0.274,0.3488,2.65,3.65,2.87,baseline_league_average_forward_fixture,baseline_unmatched_fixture,,
d212c458d4b88196cc78,odds_api_io_71335344,2026-05-21,20:30,Aguilas Doradas Rionegro,Deportivo Pereira FC SA,colombia-copa-colombia,upcoming_fixture_probability_only,1.516,1.421,0.3772,0.274,0.3488,2.65,3.65,2.87,baseline_league_average_forward_fixture,baseline_unmatched_fixture,,
96a9be1a71e4840e5eab,odds_api_io_71128226,2026-05-21,21:00,Ferroviaria SP,SE Palmeiras SP,brazil-paulista-women,upcoming_fixture_probability_only,1.516,1.421,0.3772,0.274,0.3488,2.65,3.65,2.87,baseline_league_average_forward_fixture,baseline_unmatched_fixture,,
29edae954962b2559b2e,odds_api_io_71335358,2026-05-21,21:00,Jaguares de Cordoba,Independiente Yumbo,colombia-copa-colombia,upcoming_fixture_probability_only,1.516,1.421,0.3772,0.274,0.3488,2.65,3.65,2.87,baseline_league_average_forward_fixture,baseline_unmatched_fixture,,
a97a22a6d435b9e2041b,odds_api_io_71615028,2026-05-21,21:00,Union Magdalena,Bogota FC,colombia-primera-b,upcoming_fixture_probability_only,1.516,1.421,0.3772,0.274,0.3488,2.65,3.65,2.87,baseline_league_average_forward_fixture,baseline_unmatched_fixture,,
834667f9e60b3717445d,odds_api_io_70075148,2026-05-21,22:00,Academia Puerto Cabello,CA Juventud de Las Piedras,international-clubs-copa-sudamericana,upcoming_fixture_probability_only,1.516,1.421,0.3772,0.274,0.3488,2.65,3.65,2.87,baseline_league_average_forward_fixture,baseline_unmatched_fixture,,
19fe63ae612add4cad2a,odds_api_io_70075146,2026-05-21,22:00,Atletico Mineiro MG,CS Cienciano,international-clubs-copa-sudamericana,upcoming_fixture_probability_only,1.516,1.421,0.3772,0.274,0.3488,2.65,3.65,2.87,baseline_league_average_forward_fixture,baseline_unmatched_fixture,,
8dd40d7c05c6e738695a,odds_api_io_68158800,2026-05-21,22:00,CA Talleres de Cordoba Reserve,Gimnasia de la Plata Reserve,argentina-copa-proyeccion-final-reserves,upcoming_fixture_probability_only,1.516,1.421,0.3772,0.274,0.3488,2.65,3.65,2.87,baseline_league_average_forward_fixture,baseline_unmatched_fixture,,
331145804808ed4b1c79,odds_api_io_70075714,2026-05-21,22:00,Deportivo La Guaira,Independiente Rivadavia,international-clubs-copa-libertadores,upcoming_fixture_probability_only,1.516,1.421,0.3772,0.274,0.3488,2.65,3.65,2.87,baseline_league_average_forward_fixture,baseline_unmatched_fixture,,
988af3e51660885d4a13,odds_api_io_68988976,2026-05-21,22:00,Fort Lauderdale United FC II,Brevard SC Riptide,usa-usl-w-league,upcoming_fixture_probability_only,1.516,1.421,0.3772,0.274,0.3488,2.65,3.65,2.87,baseline_league_average_forward_fixture,baseline_unmatched_fixture,,
644a08742d2c6df60a43,odds_api_io_69688806,2026-05-21,22:00,Mirassol FC SP,CR Brasil AL,brazil-u20-brasileiro-serie-b,upcoming_fixture_probability_only,1.516,1.421,0.3772,0.274,0.3488,2.65,3.65,2.87,baseline_league_average_forward_fixture,baseline_unmatched_fixture,,
a221ece26361fadd0d8f,odds_api_io_71128228,2026-05-21,22:15,SC Corinthians SP,Santos FC SP,brazil-paulista-women,upcoming_fixture_probability_only,1.516,1.421,0.3772,0.274,0.3488,2.65,3.65,2.87,baseline_league_average_forward_fixture,baseline_unmatched_fixture,,
5e7caffcb9eb833d9629,odds_api_io_71517960,2026-05-21,23:00,Anapolis FC GO,Rio Branco AC ES,brazil-copa-verde,upcoming_fixture_probability_only,1.516,1.421,0.3772,0.274,0.3488,2.65,3.65,2.87,baseline_league_average_forward_fixture,baseline_unmatched_fixture,,
70bb33e5bcdc7510b39b,odds_api_io_69090990,2026-05-21,23:00,Oakland County FC,Kalamazoo FC,usa-usl-league-two,upcoming_fixture_probability_only,1.516,1.421,0.3772,0.274,0.3488,2.65,3.65,2.87,baseline_league_average_forward_fixture,baseline_unmatched_fixture,,
a0fbb4ff27e560bf1e3f,odds_api_io_71220984,2026-05-21,23:30,District Elite FC,Dmv Elite FC,usa-national-premier-soccer-league,upcoming_fixture_probability_only,1.516,1.421,0.3772,0.274,0.3488,2.65,3.65,2.87,baseline_league_average_forward_fixture,baseline_unmatched_fixture,,
34da621472e40f5613ae,odds_api_io_69090996,2026-05-22,00:00,FC Motown STA,Westchester Flames,usa-usl-league-two,upcoming_fixture_probability_only,1.516,1.421,0.3772,0.274,0.3488,2.65,3.65,2.87,baseline_league_average_forward_fixture,baseline_unmatched_fixture,,
4279c8452df93cb52d67,odds_api_io_70075222,2026-05-22,00:00,Racing Club Avellaneda,Caracas FC,international-clubs-copa-sudamericana,upcoming_fixture_probability_only,1.516,1.421,0.3772,0.274,0.3488,2.65,3.65,2.87,baseline_league_average_forward_fixture,baseline_unmatched_fixture,,
8255e38b8675eb2e6c28,odds_api_io_71128230,2026-05-22,00:00,Sao Paulo FC SP,Red Bull Bragantino SP,brazil-paulista-women,upcoming_fixture_probability_only,1.516,1.421,0.3772,0.274,0.3488,2.65,3.65,2.87,baseline_league_average_forward_fixture,baseline_unmatched_fixture,,
5b4c6bd4c2df915336d7,odds_api_io_70075296,2026-05-22,00:30,Blooming Santa Cruz,Carabobo FC,international-clubs-copa-sudamericana,upcoming_fixture_probability_only,1.516,1.421,0.3772,0.274,0.3488,2.65,3.65,2.87,baseline_league_average_forward_fixture,baseline_unmatched_fixture,,
8f7e98cca3fc0874c114,odds_api_io_70075782,2026-05-22,00:30,CA Penarol Montevideo,SC Corinthians SP,international-clubs-copa-libertadores,upcoming_fixture_probability_only,1.516,1.421,0.3772,0.274,0.3488,2.65,3.65,2.87,baseline_league_average_forward_fixture,baseline_unmatched_fixture,,
02782382c175561bab21,odds_api_io_70075752,2026-05-22,00:30,CD Universidad Catolica,Barcelona SC,international-clubs-copa-libertadores,upcoming_fixture_probability_only,1.516,1.421,0.3772,0.274,0.3488,2.65,3.65,2.87,baseline_league_average_forward_fixture,baseline_unmatched_fixture,,
3b15e2fa623e79c9a229,odds_api_io_68751796,2026-05-22,00:30,CR Flamengo RJ,Santos FC SP,brazil-u20-campeonato-brasileiro,upcoming_fixture_probability_only,1.516,1.421,0.3772,0.274,0.3488,2.65,3.65,2.87,baseline_league_average_forward_fixture,baseline_unmatched_fixture,,
2b8b0a39502b766e4376,odds_api_io_71615030,2026-05-22,00:30,Real Cartagena FC,Barranquilla FC,colombia-primera-b,upcoming_fixture_probability_only,1.516,1.421,0.3772,0.274,0.3488,2.65,3.65,2.87,baseline_league_average_forward_fixture,baseline_unmatched_fixture,,
86b10338fe740518b7a6,odds_api_io_71556284,2026-05-22,01:00,Udelas FC,Arabe Unido B,panama-liga-prom,upcoming_fixture_probability_only,1.516,1.421,0.3772,0.274,0.3488,2.65,3.65,2.87,baseline_league_average_forward_fixture,baseline_unmatched_fixture,,
df7933cf79202730fe29,odds_api_io_71614834,2026-05-22,02:00,CD Marathon San Pedro Sula,FC Motagua Tegucigalpa,honduras-liga-nacional-clausura,upcoming_fixture_probability_only,1.516,1.421,0.3772,0.274,0.3488,2.65,3.65,2.87,baseline_league_average_forward_fixture,baseline_unmatched_fixture,,
39353d6fe312d865e1a0,odds_api_io_71583282,2026-05-22,02:00,CF Cruz Azul,Pumas UNAM,mexico-liga-mx-clausura,upcoming_fixture_probability_only,1.516,1.421,0.3772,0.274,0.3488,2.65,3.65,2.87,baseline_league_average_forward_fixture,baseline_unmatched_fixture,,
a4f5c4049908caf16fd0,odds_api_io_70075104,2026-05-22,02:00,CSD Macara,Alianza Atletico,international-clubs-copa-sudamericana,upcoming_fixture_probability_only,1.516,1.421,0.3772,0.274,0.3488,2.65,3.65,2.87,baseline_league_average_forward_fixture,baseline_unmatched_fixture,,
14548347352c6848d060,odds_api_io_69460618,2026-05-22,07:00,Auckland FC Reserves,Eastern Suburbs AFC,new-zealand-national-league,upcoming_fixture_probability_only,1.516,1.421,0.3772,0.274,0.3488,2.65,3.65,2.87,baseline_league_average_forward_fixture,baseline_unmatched_fixture,,
15342bef4454a4fa2e13,odds_api_io_69910660,2026-05-22,07:00,Dalian Yingbo B,Taian Tiankuang,china-china-league-2,upcoming_fixture_probability_only,1.516,1.421,0.3772,0.274,0.3488,2.65,3.65,2.87,baseline_league_average_forward_fixture,baseline_unmatched_fixture,,
de3ab58c50843cb352af,odds_api_io_68160938,2026-05-22,08:15,Northcote City FC,Brunswick City SC,australia-u23-victoria-premier-league-1,upcoming_fixture_probability_only,1.516,1.421,0.3772,0.274,0.3488,2.65,3.65,2.87,baseline_league_average_forward_fixture,baseline_unmatched_fixture,,
c165f9b49795b63dc72e,odds_api_io_62083190,2026-05-22,08:30,Arema FC,Psim Yogyakarta,indonesia-liga-1,upcoming_fixture_probability_only,1.516,1.421,0.3772,0.274,0.3488,2.65,3.65,2.87,baseline_league_average_forward_fixture,baseline_unmatched_fixture,,
075d3d7ab55ace9f9645,odds_api_io_68050986,2026-05-22,08:30,West Adelaide Reserve,Flinders United Wfc Reserves,australia-south-australia-npl-reserves-women,upcoming_fixture_probability_only,1.516,1.421,0.3772,0.274,0.3488,2.65,3.65,2.87,baseline_league_average_forward_fixture,baseline_unmatched_fixture,,
33bac88d17b6202f29e6,odds_api_io_68049806,2026-05-22,08:45,Salisbury Inter,Adelaide Comets FC,australia-south-australia-npl-women,upcoming_fixture_probability_only,1.516,1.421,0.3772,0.274,0.3488,2.65,3.65,2.87,baseline_league_average_forward_fixture,baseline_unmatched_fixture,,
27a363f58e8e2153f218,odds_api_io_68664056,2026-05-22,09:00,Ho Chi Minh City FC,Truong Tuoi Dong Nai FC,vietnam-v-league-2,upcoming_fixture_probability_only,1.516,1.421,0.3772,0.274,0.3488,2.65,3.65,2.87,baseline_league_average_forward_fixture,baseline_unmatched_fixture,,
43e9bf54d862bbbcb15a,odds_api_io_61941528,2026-05-22,09:00,FC Shakhtar Donetsk,Kolos Kovalivka,ukraine-u19,upcoming_fixture_probability_only,1.516,1.421,0.3772,0.274,0.3488,2.65,3.65,2.87,baseline_league_average_forward_fixture,baseline_unmatched_fixture,,
7b32b0fb045fa08ec51e,odds_api_io_68160172,2026-05-22,09:30,Bentleigh Greens,Caroline Springs George Cross FC,australia-victoria-npl,upcoming_fixture_probability_only,1.516,1.421,0.3772,0.274,0.3488,2.65,3.65,2.87,baseline_league_average_forward_fixture,baseline_unmatched_fixture,,
685a5ef96c74183e5085,odds_api_io_68161708,2026-05-22,09:30,Box Hill United FC,Springvale White Eagles,australia-victoria-premier-league-2,upcoming_fixture_probability_only,1.516,1.421,0.3772,0.274,0.3488,2.65,3.65,2.87,baseline_league_average_forward_fixture,baseline_unmatched_fixture,,
2e26a354ed21b2d717dd,odds_api_io_68160164,2026-05-22,09:30,Green Gully SC,Heidelberg United FC,australia-victoria-npl,upcoming_fixture_probability_only,1.516,1.421,0.3772,0.274,0.3488,2.65,3.65,2.87,baseline_league_average_forward_fixture,baseline_unmatched_fixture,,
145b3d39442ca55c941e,odds_api_io_67878242,2026-05-22,09:30,Moreton City Excelsior FC,Brisbane City FC,australia-queensland-npl,upcoming_fixture_probability_only,1.516,1.421,0.3772,0.274,0.3488,2.65,3.65,2.87,baseline_league_average_forward_fixture,baseline_unmatched_fixture,,
775df50e98e48a00fb09,odds_api_io_68160168,2026-05-22,09:45,Dandenong City SC,ST Albans Saints Dinamo SC,australia-victoria-npl,upcoming_fixture_probability_only,1.516,1.421,0.3772,0.274,0.3488,2.65,3.65,2.87,baseline_league_average_forward_fixture,baseline_unmatched_fixture,,
946f240faf19cdea5f61,odds_api_io_68161714,2026-05-22,09:45,Keilor Park SC,Eastern Lions SC,australia-victoria-premier-league-2,upcoming_fixture_probability_only,1.516,1.421,0.3772,0.274,0.3488,2.65,3.65,2.87,baseline_league_average_forward_fixture,baseline_unmatched_fixture,,
9c424cb8ed752c1cefd1,odds_api_io_68161710,2026-05-22,09:45,Kingston City FC,Werribee City FC,australia-victoria-premier-league-2,upcoming_fixture_probability_only,1.516,1.421,0.3772,0.274,0.3488,2.65,3.65,2.87,baseline_league_average_forward_fixture,baseline_unmatched_fixture,,
46207d10edf212190ad0,odds_api_io_69342862,2026-05-22,10:00,FC Altai Oskemen,FC Okzhetpes,kazakhstan-premier-league,upcoming_fixture_probability_only,1.516,1.421,0.3772,0.274,0.3488,2.65,3.65,2.87,baseline_league_average_forward_fixture,baseline_unmatched_fixture,,
dfa1e1f4f6eb5d3a7fee,odds_api_io_67692248,2026-05-22,10:00,Fraser Park FC,Camden Tigers FC,australia-nsw-league-two,upcoming_fixture_probability_only,1.516,1.421,0.3772,0.274,0.3488,2.65,3.65,2.87,baseline_league_average_forward_fixture,baseline_unmatched_fixture,,
149996fc9cb323552f9a,odds_api_io_62036902,2026-05-22,10:00,Gornik Zabrze II,KS Gornik Polkowice,poland-iii-liga-group-3,upcoming_fixture_probability_only,1.516,1.421,0.3772,0.274,0.3488,2.65,3.65,2.87,baseline_league_average_forward_fixture,baseline_unmatched_fixture,,
c28c8da30ff06987dd40,odds_api_io_67807828,2026-05-22,10:00,Maitland FC,Newcastle Olympic FC,australia-northern-nsw-premier-league-women,upcoming_fixture_probability_only,1.516,1.421,0.3772,0.274,0.3488,2.65,3.65,2.87,baseline_league_average_forward_fixture,baseline_unmatched_fixture,,
c7d176ffdb767e49a710,odds_api_io_67692252,2026-05-22,10:00,Mounties Wanderers FC,Granville Rage,australia-nsw-league-two,upcoming_fixture_probability_only,1.516,1.421,0.3772,0.274,0.3488,2.65,3.65,2.87,baseline_league_average_forward_fixture,baseline_unmatched_fixture,,
e616b0c7c788ecdf4b8c,odds_api_io_67692250,2026-05-22,10:00,Nepean FC,South Coast Flame FC,australia-nsw-league-two,upcoming_fixture_probability_only,1.516,1.421,0.3772,0.274,0.3488,2.65,3.65,2.87,baseline_league_average_forward_fixture,baseline_unmatched_fixture,,
7b3d900e419988fb5b6f,odds_api_io_62036918,2026-05-22,10:00,Zaglebie Lubin II,Miedz Legnica II,poland-iii-liga-group-3,upcoming_fixture_probability_only,1.516,1.421,0.3772,0.274,0.3488,2.65,3.65,2.87,baseline_league_average_forward_fixture,baseline_unmatched_fixture,,
7d560cf2ffcd1baff2c8,odds_api_io_68051612,2026-05-22,10:15,Eastern United,Adelaide Blue Eagles,australia-south-australia-state-league-1,upcoming_fixture_probability_only,1.516,1.421,0.3772,0.274,0.3488,2.65,3.65,2.87,baseline_league_average_forward_fixture,baseline_unmatched_fixture,,
b4772ae34afd5d994d06,odds_api_io_68160564,2026-05-22,10:30,Eltham Redbacks FC,Melbourne Victory,australia-victoria-premier-league-1,upcoming_fixture_probability_only,1.516,1.421,0.3772,0.274,0.3488,2.65,3.65,2.87,baseline_league_average_forward_fixture,baseline_unmatched_fixture,,
32c8795b8930769bfc94,odds_api_io_68161712,2026-05-22,10:30,Essendon Royals SC,Nunawading City,australia-victoria-premier-league-2,upcoming_fixture_probability_only,1.516,1.421,0.3772,0.274,0.3488,2.65,3.65,2.87,baseline_league_average_forward_fixture,baseline_unmatched_fixture,,
49b3cd252007de62b507,odds_api_io_67645564,2026-05-22,10:30,Machida Zelvia,Urawa Red Diamonds,japan-jleague,upcoming_fixture_probability_only,1.516,1.421,0.3772,0.274,0.3488,2.65,3.65,2.87,baseline_league_average_forward_fixture,baseline_unmatched_fixture,,
ef78e0751534a1e172d0,odds_api_io_68162386,2026-05-22,10:30,Preston Lions,Heidelberg United FC,australia-victoria-npl-women,upcoming_fixture_probability_only,1.516,1.421,0.3772,0.274,0.3488,2.65,3.65,2.87,baseline_league_average_forward_fixture,baseline_unmatched_fixture,,
15d665478c1505035ddd,odds_api_io_68049808,2026-05-22,10:30,West Torrens Birkalla,Modbury Vista,australia-south-australia-npl-women,upcoming_fixture_probability_only,1.516,1.421,0.3772,0.274,0.3488,2.65,3.65,2.87,baseline_league_average_forward_fixture,baseline_unmatched_fixture,,
24861bcc86a8602bd51a,odds_api_io_68050990,2026-05-22,10:45,Salisbury Inter Reserve,Adelaide Comets FC Reserves,australia-south-australia-npl-reserves-women,upcoming_fixture_probability_only,1.516,1.421,0.3772,0.274,0.3488,2.65,3.65,2.87,baseline_league_average_forward_fixture,baseline_unmatched_fixture,,
b1876e6bb1657569f0ab,odds_api_io_71127908,2026-05-22,11:00,Mindil Aces,Garuda FC,australia-northern-territory-premier-league,upcoming_fixture_probability_only,1.516,1.421,0.3772,0.274,0.3488,2.65,3.65,2.87,baseline_league_average_forward_fixture,baseline_unmatched_fixture,,
9679aa4062f9048e706e,odds_api_io_69115208,2026-05-22,11:00,Perth Redstar FC,Perth Azzurri,australia-western-australia-npl,upcoming_fixture_probability_only,1.516,1.421,0.3772,0.274,0.3488,2.65,3.65,2.87,baseline_league_average_forward_fixture,baseline_unmatched_fixture,,
4258bcd3e40d91cc8cc4,odds_api_io_69910662,2026-05-22,11:00,Shandong Taishan B,Shanghai Port B,china-china-league-2,upcoming_fixture_probability_only,1.516,1.421,0.3772,0.274,0.3488,2.65,3.65,2.87,baseline_league_average_forward_fixture,baseline_unmatched_fixture,,
f33550da4797499e9c9c,odds_api_io_68664058,2026-05-22,11:00,Xuan Thien Phu Tho FC,CS. Dong Thap,vietnam-v-league-2,upcoming_fixture_probability_only,1.516,1.421,0.3772,0.274,0.3488,2.65,3.65,2.87,baseline_league_average_forward_fixture,baseline_unmatched_fixture,,
c8e73b9296ca017d075f,odds_api_io_69910930,2026-05-22,11:30,Ganzhou Ruishi FC,Shenzhen 2028 FC,china-china-league-2,upcoming_fixture_probability_only,1.516,1.421,0.3772,0.274,0.3488,2.65,3.65,2.87,baseline_league_average_forward_fixture,baseline_unmatched_fixture,,
55f246ee3fd53beca53c,odds_api_io_69910928,2026-05-22,11:30,Guizhou Guiyang Athletic,Hangzhou Linping Wuyue,china-china-league-2,upcoming_fixture_probability_only,1.516,1.421,0.3772,0.274,0.3488,2.65,3.65,2.87,baseline_league_average_forward_fixture,baseline_unmatched_fixture,,
bd18fa8c597aebf28914,odds_api_io_69910926,2026-05-22,11:30,Hubei Istar,Chengdu Rongcheng B,china-china-league-2,upcoming_fixture_probability_only,1.516,1.421,0.3772,0.274,0.3488,2.65,3.65,2.87,baseline_league_average_forward_fixture,baseline_unmatched_fixture,,
4cebd7ec402fe21c7ce2,odds_api_io_69910664,2026-05-22,11:30,Lanzhou Longyuan Athletic,Dalian Kewei,china-china-league-2,upcoming_fixture_probability_only,1.516,1.421,0.3772,0.274,0.3488,2.65,3.65,2.87,baseline_league_average_forward_fixture,baseline_unmatched_fixture,,
ebf6f2069c68a092bff4,odds_api_io_69910932,2026-05-22,11:30,Wenzhou Professional FC,Guangdong Mingtu,china-china-league-2,upcoming_fixture_probability_only,1.516,1.421,0.3772,0.274,0.3488,2.65,3.65,2.87,baseline_league_average_forward_fixture,baseline_unmatched_fixture,,
68d0bc06e723f4bdad0e,odds_api_io_63637935,2026-05-22,11:30,Zaqatala FK,Safa,azerbaijan-first-division,upcoming_fixture_probability_only,1.516,1.421,0.3772,0.274,0.3488,2.65,3.65,2.87,baseline_league_average_forward_fixture,baseline_unmatched_fixture,,
f677ab17a60464b11813,odds_api_io_69342864,2026-05-22,12:00,FC Astana,Ulytau FC,kazakhstan-premier-league,upcoming_fixture_probability_only,1.516,1.421,0.3772,0.274,0.3488,2.65,3.65,2.87,baseline_league_average_forward_fixture,baseline_unmatched_fixture,,
4a616c64120d8be2689d,odds_api_io_62083200,2026-05-22,12:00,Dewa United,Bali United,indonesia-liga-1,upcoming_fixture_probability_only,1.516,1.421,0.3772,0.274,0.3488,2.65,3.65,2.87,baseline_league_average_forward_fixture,baseline_unmatched_fixture,,
467751c4bf844c9b6a84,odds_api_io_68663486,2026-05-22,12:15,The Cong - Viettel FC,PVF Cong An Nhan Dan FC,vietnam-v-league-1,upcoming_fixture_probability_only,1.516,1.421,0.3772,0.274,0.3488,2.65,3.65,2.87,baseline_league_average_forward_fixture,baseline_unmatched_fixture,,
8fde8d8da9abdb9e9814,odds_api_io_70906798,2026-05-22,12:30,PFC Slavia Sofia,PFC Montana 1921,bulgaria-parva-liga,upcoming_fixture_probability_only,1.516,1.421,0.3772,0.274,0.3488,2.65,3.65,2.87,baseline_league_average_forward_fixture,baseline_unmatched_fixture,,
695df009cef451000cdb,odds_api_io_71594326,2026-05-22,13:00,Dempo SC,Sreenidi Deccan FC,india-i-league,upcoming_fixture_probability_only,1.516,1.421,0.3772,0.274,0.3488,2.65,3.65,2.87,baseline_league_average_forward_fixture,baseline_unmatched_fixture,,
81957937ce96c6a535e8,odds_api_io_63637939,2026-05-22,13:00,Energetik Mingechevir,Sabail FK,azerbaijan-first-division,upcoming_fixture_probability_only,1.516,1.421,0.3772,0.274,0.3488,2.65,3.65,2.87,baseline_league_average_forward_fixture,baseline_unmatched_fixture,,
ccc574b48a2dbbc286c9,odds_api_io_70571044,2026-05-22,13:00,FC Pakhtakor Tashkent II,FC Yaypan Fergana,uzbekistan-pro-liga,upcoming_fixture_probability_only,1.516,1.421,0.3772,0.274,0.3488,2.65,3.65,2.87,baseline_league_average_forward_fixture,baseline_unmatched_fixture,,
58432c532753fab485e4,odds_api_io_63637937,2026-05-22,13:00,Shahdag Qusar FK,Baku Sporting,azerbaijan-first-division,upcoming_fixture_probability_only,1.516,1.421,0.3772,0.274,0.3488,2.65,3.65,2.87,baseline_league_average_forward_fixture,baseline_unmatched_fixture,,
26209fcb0fcc241ae7b3,odds_api_io_63185785,2026-05-22,13:00,Turan Tovuz,Sabah Masazir,azerbaijan-premier-league,upcoming_fixture_probability_only,1.516,1.421,0.3772,0.274,0.3488,2.65,3.65,2.87,baseline_league_average_forward_fixture,baseline_unmatched_fixture,,
38c9172b88219148f906,odds_api_io_70479406,2026-05-22,13:00,Young Africans SC,Singida Black Stars SC,tanzania-premier-league,upcoming_fixture_probability_only,1.516,1.421,0.3772,0.274,0.3488,2.65,3.65,2.87,baseline_league_average_forward_fixture,baseline_unmatched_fixture,,
b46baf46dbc866da1bbb,odds_api_io_62161268,2026-05-22,14:00,ETO Akademia,SC Sopron,hungary-nb-iii,upcoming_fixture_probability_only,1.516,1.421,0.3772,0.274,0.3488,2.65,3.65,2.87,baseline_league_average_forward_fixture,baseline_unmatched_fixture,,
e455609823e746f65f82,odds_api_io_69342866,2026-05-22,14:00,FC Kaspiy Aktau,FC Irtysh Pavlodar,kazakhstan-premier-league,upcoming_fixture_probability_only,1.516,1.421,0.3772,0.274,0.3488,2.65,3.65,2.87,baseline_league_average_forward_fixture,baseline_unmatched_fixture,,
5bf00fa136fb193a2bbe,odds_api_io_67920628,2026-05-22,14:00,Kongsvinger IL Toppfotball 2,Tromsoe 2,norway-3rd-division-group-5,upcoming_fixture_probability_only,1.516,1.421,0.3772,0.274,0.3488,2.65,3.65,2.87,baseline_league_average_forward_fixture,baseline_unmatched_fixture,,
0e60fc52533f7f376ada,odds_api_io_61286609,2026-05-22,14:00,NK Osijek,NK Slaven Belupo,croatia-hnl,upcoming_fixture_probability_only,1.516,1.421,0.3772,0.274,0.3488,2.65,3.65,2.87,baseline_league_average_forward_fixture,baseline_unmatched_fixture,,
5687cb88234a8a4c19f9,odds_api_io_71186824,2026-05-22,14:30,AC Omonia Nicosia,Apollon Limassol,cyprus-1st-division,upcoming_fixture_probability_only,1.516,1.421,0.3772,0.274,0.3488,2.65,3.65,2.87,baseline_league_average_forward_fixture,baseline_unmatched_fixture,,
4279a650ae87ab05ec57,odds_api_io_71186826,2026-05-22,14:30,Aris Limassol FC,AEK Larnaca,cyprus-1st-division,upcoming_fixture_probability_only,1.516,1.421,0.3772,0.274,0.3488,2.65,3.65,2.87,baseline_league_average_forward_fixture,baseline_unmatched_fixture,,
b2157a0e4722dfbf6b47,odds_api_io_71186828,2026-05-22,14:30,Pafos FC,APOEL Nikosia,cyprus-1st-division,upcoming_fixture_probability_only,1.516,1.421,0.3772,0.274,0.3488,2.65,3.65,2.87,baseline_league_average_forward_fixture,baseline_unmatched_fixture,,
bf185d3737ff452ccd24,odds_api_io_68492538,2026-05-22,15:00,FK Auda Riga,FK Liepaja,latvia-virsliga,upcoming_fixture_probability_only,1.516,1.421,0.3772,0.274,0.3488,2.65,3.65,2.87,baseline_league_average_forward_fixture,baseline_unmatched_fixture,,
654b5cfe422e708d828e,odds_api_io_70906796,2026-05-22,15:00,FK Septemvri Sofia,PFC Dobrudzha Dobrich,bulgaria-parva-liga,upcoming_fixture_probability_only,1.516,1.421,0.3772,0.274,0.3488,2.65,3.65,2.87,baseline_league_average_forward_fixture,baseline_unmatched_fixture,,
677158edf19d6716be79,odds_api_io_70906794,2026-05-22,15:00,FK Spartak 1918 Varna,FC Lokomotiv 1929 Sofia,bulgaria-parva-liga,upcoming_fixture_probability_only,1.516,1.421,0.3772,0.274,0.3488,2.65,3.65,2.87,baseline_league_average_forward_fixture,baseline_unmatched_fixture,,
872ecf8aad530c3ef2a0,odds_api_io_70708886,2026-05-22,15:00,FK Zeleznicar Pancevo,FK Cukaricki Belgrade,serbia-superliga,upcoming_fixture_probability_only,1.516,1.421,0.3772,0.274,0.3488,2.65,3.65,2.87,baseline_league_average_forward_fixture,baseline_unmatched_fixture,,
9ee948562da167d002d3,odds_api_io_62036296,2026-05-22,15:00,Korona II Kielce SA,MKS Czarni Polaniec,poland-iii-liga-group-4,upcoming_fixture_probability_only,1.516,1.421,0.3772,0.274,0.3488,2.65,3.65,2.87,baseline_league_average_forward_fixture,baseline_unmatched_fixture,,
91c5f441f81ac4632c3d,odds_api_io_70906792,2026-05-22,15:00,POFC Botev Vratsa,PFK Beroe Stara Zagora,bulgaria-parva-liga,upcoming_fixture_probability_only,1.516,1.421,0.3772,0.274,0.3488,2.65,3.65,2.87,baseline_league_average_forward_fixture,baseline_unmatched_fixture,,
eb3b8d7142749e65d92e,odds_api_io_67790442,2026-05-22,15:00,Rekord Bielsko-Biala,AZS UJ Krakow,poland-ekstraliga-women,upcoming_fixture_probability_only,1.516,1.421,0.3772,0.274,0.3488,2.65,3.65,2.87,baseline_league_average_forward_fixture,baseline_unmatched_fixture,,
0791f9fbd59d3a0e4e41,odds_api_io_69920644,2026-05-22,15:15,Sexypoxyt,PPJ/Ruoholahti,finland-kolmonen,upcoming_fixture_probability_only,1.516,1.421,0.3772,0.274,0.3488,2.65,3.65,2.87,baseline_league_average_forward_fixture,baseline_unmatched_fixture,,
43a3c0daa5a7d2c80088,odds_api_io_70479408,2026-05-22,15:30,Azam FC,Tanzania Prisons,tanzania-premier-league,upcoming_fixture_probability_only,1.516,1.421,0.3772,0.274,0.3488,2.65,3.65,2.87,baseline_league_average_forward_fixture,baseline_unmatched_fixture,,
381b76f98d889428df93,odds_api_io_62037524,2026-05-22,15:30,Gzs Tluchovia Tluchowo,Blekitni Stargard,poland-iii-liga-group-2,upcoming_fixture_probability_only,1.516,1.421,0.3772,0.274,0.3488,2.65,3.65,2.87,baseline_league_average_forward_fixture,baseline_unmatched_fixture,,
eafed4a9f904d0447970,odds_api_io_71589682,2026-05-22,15:30,HJK Akatemia,FC Lahti,finland-ykkonen-women,upcoming_fixture_probability_only,1.516,1.421,0.3772,0.274,0.3488,2.65,3.65,2.87,baseline_league_average_forward_fixture,baseline_unmatched_fixture,,
c0a4f7eeaf8b31372e6d,odds_api_io_69924674,2026-05-22,15:30,Kjp Kouvola,Kopa,finland-kolmonen,upcoming_fixture_probability_only,1.516,1.421,0.3772,0.274,0.3488,2.65,3.65,2.87,baseline_league_average_forward_fixture,baseline_unmatched_fixture,,
66881cac9c6d76c83564,odds_api_io_67845760,2026-05-22,15:30,Kuopion Palloseura,IF Gnistan,finland-kansallinen-liiga-women,upcoming_fixture_probability_only,1.516,1.421,0.3772,0.274,0.3488,2.65,3.65,2.87,baseline_league_average_forward_fixture,baseline_unmatched_fixture,,
1dcd450509b591321a51,odds_api_io_71183116,2026-05-22,15:30,NK Kustosija Zagreb,NK Uljanik,croatia-druga-nl,upcoming_fixture_probability_only,1.516,1.421,0.3772,0.274,0.3488,2.65,3.65,2.87,baseline_league_average_forward_fixture,baseline_unmatched_fixture,,
b885d501d44a8b00e604,odds_api_io_67604820,2026-05-22,15:30,SJK Akatemia,FC Haka Valkeakoski,finland-ykkosliiga,upcoming_fixture_probability_only,1.516,1.421,0.3772,0.274,0.3488,2.65,3.65,2.87,baseline_league_average_forward_fixture,baseline_unmatched_fixture,,
a4bc2aa0ca853de3ae97,odds_api_io_62036298,2026-05-22,15:30,Sokol Kolbuszowa Dolna,Wislanie Skawina,poland-iii-liga-group-4,upcoming_fixture_probability_only,1.516,1.421,0.3772,0.274,0.3488,2.65,3.65,2.87,baseline_league_average_forward_fixture,baseline_unmatched_fixture,,
ae28afdaf575f658cb72,odds_api_io_63185791,2026-05-22,15:30,Sumqayit FK,Qarabag FK,azerbaijan-premier-league,upcoming_fixture_probability_only,1.516,1.421,0.3772,0.274,0.3488,2.65,3.65,2.87,baseline_league_average_forward_fixture,baseline_unmatched_fixture,,
f0e33e135a874f2153c4,odds_api_io_68538256,2026-05-22,15:30,Tampere United,JJK Jyvaskyla,finland-ykkonen,upcoming_fixture_probability_only,1.516,1.421,0.3772,0.274,0.3488,2.65,3.65,2.87,baseline_league_average_forward_fixture,baseline_unmatched_fixture,,
c600f0962bdfb1141604,odds_api_io_70683976,2026-05-22,15:30,Vg-62,Jyty Turku,finland-kolmonen,upcoming_fixture_probability_only,1.516,1.421,0.3772,0.274,0.3488,2.65,3.65,2.87,baseline_league_average_forward_fixture,baseline_unmatched_fixture,,
240f9d85962bf09607b0,odds_api_io_71037644,2026-05-22,15:40,Al Jazira (UAE),Al Ain FC,united-arab-emirates-presidents-cup,upcoming_fixture_probability_only,1.516,1.421,0.3772,0.274,0.3488,2.65,3.65,2.87,baseline_league_average_forward_fixture,baseline_unmatched_fixture,,
92613a838bac1a09289b,odds_api_io_70318296,2026-05-22,16:00,Aarhus Fremad,Aalborg BK,denmark-1-division,upcoming_fixture_probability_only,1.516,1.421,0.3772,0.274,0.3488,2.65,3.65,2.87,baseline_league_average_forward_fixture,baseline_unmatched_fixture,,
222a5e41d085cafabb1e,odds_api_io_69670720,2026-05-22,16:00,Dfk Dainava Alytus,Be1 Nfa,lithuania-1-lyga,upcoming_fixture_probability_only,1.516,1.421,0.3772,0.274,0.3488,2.65,3.65,2.87,baseline_league_average_forward_fixture,baseline_unmatched_fixture,,
37d74a51a379d784f026,odds_api_io_69670722,2026-05-22,16:00,FK Ekranas,FK Transinvest B,lithuania-1-lyga,upcoming_fixture_probability_only,1.516,1.421,0.3772,0.274,0.3488,2.65,3.65,2.87,baseline_league_average_forward_fixture,baseline_unmatched_fixture,,
bffeb1093e4e42df5fb3,odds_api_io_69670724,2026-05-22,16:00,FK Jonava,FK Babrungas Plunge,lithuania-1-lyga,upcoming_fixture_probability_only,1.516,1.421,0.3772,0.274,0.3488,2.65,3.65,2.87,baseline_league_average_forward_fixture,baseline_unmatched_fixture,,
4867afeb4e6c1f0e187d,odds_api_io_61737344,2026-05-22,16:00,FK Radnik Bijeljina,FK Borac Banja Luka,bosnia-&-herzegovina-premijer-liga,upcoming_fixture_probability_only,1.516,1.421,0.3772,0.274,0.3488,2.65,3.65,2.87,baseline_league_average_forward_fixture,baseline_unmatched_fixture,,
7370deb5252d70f3c01a,odds_api_io_61737340,2026-05-22,16:00,FK Rudar Prijedor,HSK Zrinjski Mostar,bosnia-&-herzegovina-premijer-liga,upcoming_fixture_probability_only,1.516,1.421,0.3772,0.274,0.3488,2.65,3.65,2.87,baseline_league_average_forward_fixture,baseline_unmatched_fixture,,
6c9a0d200055cc758195,odds_api_io_69670718,2026-05-22,16:00,Hegelmann Litauen B,FC Neptunas Klaipeda,lithuania-1-lyga,upcoming_fixture_probability_only,1.516,1.421,0.3772,0.274,0.3488,2.65,3.65,2.87,baseline_league_average_forward_fixture,baseline_unmatched_fixture,,
7ec30d5755855f94e0ec,odds_api_io_61737342,2026-05-22,16:00,HSK Posusje,FK Sloga Doboj,bosnia-&-herzegovina-premijer-liga,upcoming_fixture_probability_only,1.516,1.421,0.3772,0.274,0.3488,2.65,3.65,2.87,baseline_league_average_forward_fixture,baseline_unmatched_fixture,,
2894fd7515ec4c9e0257,odds_api_io_62038140,2026-05-22,16:00,KS Warta Sieradz,Wigry Suwalki,poland-iii-liga-group-1,upcoming_fixture_probability_only,1.516,1.421,0.3772,0.274,0.3488,2.65,3.65,2.87,baseline_league_average_forward_fixture,baseline_unmatched_fixture,,
f028b79cc0d6c7a83093,odds_api_io_62037514,2026-05-22,16:00,MKS Flota Swinoujscie,Cartusia Kartuzy,poland-iii-liga-group-2,upcoming_fixture_probability_only,1.516,1.421,0.3772,0.274,0.3488,2.65,3.65,2.87,baseline_league_average_forward_fixture,baseline_unmatched_fixture,,
698648c96b5abf427f1b,odds_api_io_70654946,2026-05-22,16:00,Mps,Leppavaaran Pallo,finland-kolmonen,upcoming_fixture_probability_only,1.516,1.421,0.3772,0.274,0.3488,2.65,3.65,2.87,baseline_league_average_forward_fixture,baseline_unmatched_fixture,,
501c2dcbfa0a4f3a1ef4,odds_api_io_66918146,2026-05-22,16:00,Piteaa IF DFF,Djurgardens IF DFF,sweden-damallsvenskan,upcoming_fixture_probability_only,1.516,1.421,0.3772,0.274,0.3488,2.65,3.65,2.87,baseline_league_average_forward_fixture,baseline_unmatched_fixture,,
54bbfea7881a3f6767fa,odds_api_io_61898644,2026-05-22,16:00,SAK Celovec/Klagenfurt,KAC 1909,austria-amateur-karnten-karntner-liga,upcoming_fixture_probability_only,1.516,1.421,0.3772,0.274,0.3488,2.65,3.65,2.87,baseline_league_average_forward_fixture,baseline_unmatched_fixture,,
59843e914da1821f21d1,odds_api_io_61911610,2026-05-22,16:00,SC Red Star Penzing,SK Slovan HAC,austria-amateur-wien-wiener-stadtliga,upcoming_fixture_probability_only,1.516,1.421,0.3772,0.274,0.3488,2.65,3.65,2.87,baseline_league_average_forward_fixture,baseline_unmatched_fixture,,
bad034e074e548db2c05,odds_api_io_62274234,2026-05-22,16:00,SV Leobendorf,Favoritner AC,austria-amateur-regionalliga-ost,upcoming_fixture_probability_only,1.516,1.421,0.3772,0.274,0.3488,2.65,3.65,2.87,baseline_league_average_forward_fixture,baseline_unmatched_fixture,,
473bff3544645379926e,odds_api_io_67845762,2026-05-22,16:00,Tampereen Ilves,HPS,finland-kansallinen-liiga-women,upcoming_fixture_probability_only,1.516,1.421,0.3772,0.274,0.3488,2.65,3.65,2.87,baseline_league_average_forward_fixture,baseline_unmatched_fixture,,
f5b0afa0c7e95d744d88,odds_api_io_61467303,2026-05-22,16:00,Zaglebie Sosnowiec,KKS 1925 Kalisz,poland-ii-liga,upcoming_fixture_probability_only,1.516,1.421,0.3772,0.274,0.3488,2.65,3.65,2.87,baseline_league_average_forward_fixture,baseline_unmatched_fixture,,
81eb7be45e717e717726,odds_api_io_61286603,2026-05-22,16:15,HNK Hajduk Split,HNK Vukovar 1991,croatia-hnl,upcoming_fixture_probability_only,1.516,1.421,0.3772,0.274,0.3488,2.65,3.65,2.87,baseline_league_average_forward_fixture,baseline_unmatched_fixture,,
e94b9bef9e8826829e87,odds_api_io_71579030,2026-05-22,16:30,AS Real Bamako,FC Diarra,mali-ligue-1,upcoming_fixture_probability_only,1.516,1.421,0.3772,0.274,0.3488,2.65,3.65,2.87,baseline_league_average_forward_fixture,baseline_unmatched_fixture,,
640c6b901168789c519a,odds_api_io_66606322,2026-05-22,16:30,FC Chomutov,FK Seko Louny,czechia-divize-b,upcoming_fixture_probability_only,1.516,1.421,0.3772,0.274,0.3488,2.65,3.65,2.87,baseline_league_average_forward_fixture,baseline_unmatched_fixture,,
92f893d1858d7673df60,odds_api_io_71621906,2026-05-22,16:30,Djoliba AC,Usfas Bamako,mali-ligue-1,upcoming_fixture_probability_only,1.516,1.421,0.3772,0.274,0.3488,2.65,3.65,2.87,baseline_league_average_forward_fixture,baseline_unmatched_fixture,,
6ace9e737ff041eb378c,odds_api_io_61687634,2026-05-22,16:30,Marbella FC,CD Teruel,spain-primera-federacion,upcoming_fixture_probability_only,1.516,1.421,0.3772,0.274,0.3488,2.65,3.65,2.87,baseline_league_average_forward_fixture,baseline_unmatched_fixture,,
497ecca10223c0858204,odds_api_io_67919634,2026-05-22,16:30,Molde FK 2,Spjelkavik IL,norway-3rd-division-group-2,upcoming_fixture_probability_only,1.516,1.421,0.3772,0.274,0.3488,2.65,3.65,2.87,baseline_league_average_forward_fixture,baseline_unmatched_fixture,,
56a87acd087b0e685884,odds_api_io_70162040,2026-05-22,16:30,Vilnius Football Academy,FK Suduva Marijampole B,lithuania-ii-lyga,upcoming_fixture_probability_only,1.516,1.421,0.3772,0.274,0.3488,2.65,3.65,2.87,baseline_league_average_forward_fixture,baseline_unmatched_fixture,,
16124cc19a54c581ee9c,odds_api_io_61898646,2026-05-22,16:45,SV Spittal/Drau,FC Lendorf,austria-amateur-karnten-karntner-liga,upcoming_fixture_probability_only,1.516,1.421,0.3772,0.274,0.3488,2.65,3.65,2.87,baseline_league_average_forward_fixture,baseline_unmatched_fixture,,
d9a1028a1ea6c56f537e,odds_api_io_70684202,2026-05-22,16:45,TiPS Vantaa,MPS/Atletico Malmi,finland-kolmonen,upcoming_fixture_probability_only,1.516,1.421,0.3772,0.274,0.3488,2.65,3.65,2.87,baseline_league_average_forward_fixture,baseline_unmatched_fixture,,
1c40c0ee623f480f3b53,odds_api_io_70730322,2026-05-22,17:00,AB Gladsaxe,HIK Hellerup,denmark-2nd-division,upcoming_fixture_probability_only,1.516,1.421,0.3772,0.274,0.3488,2.65,3.65,2.87,baseline_league_average_forward_fixture,baseline_unmatched_fixture,,
cb0bd05da601655c44a2,odds_api_io_71613278,2026-05-22,17:00,Ajel de Rufisque,ASC Linguere,senegal-ligue-1,upcoming_fixture_probability_only,1.516,1.421,0.3772,0.274,0.3488,2.65,3.65,2.87,baseline_league_average_forward_fixture,baseline_unmatched_fixture,,
395e92977952b56db708,odds_api_io_70730376,2026-05-22,17:00,Brabrand IF,Skive IK,denmark-2nd-division,upcoming_fixture_probability_only,1.516,1.421,0.3772,0.274,0.3488,2.65,3.65,2.87,baseline_league_average_forward_fixture,baseline_unmatched_fixture,,
31d48375ea001c847a50,odds_api_io_67149482,2026-05-22,17:00,Broendby IF,Kolding IF,denmark-kvindeligaen-women,upcoming_fixture_probability_only,1.516,1.421,0.3772,0.274,0.3488,2.65,3.65,2.87,baseline_league_average_forward_fixture,baseline_unmatched_fixture,,
053bfbdb06e1b5f302f7,odds_api_io_67919638,2026-05-22,17:00,Byaasen,Fk Kvik Trondheim,norway-3rd-division-group-2,upcoming_fixture_probability_only,1.516,1.421,0.3772,0.274,0.3488,2.65,3.65,2.87,baseline_league_average_forward_fixture,baseline_unmatched_fixture,,
5b6c7fc49bb2f713570e,odds_api_io_67126566,2026-05-22,17:00,Djurgardens IF,IF Brommapojkarna,sweden-allsvenskan,upcoming_fixture_probability_only,1.516,1.421,0.3772,0.274,0.3488,2.65,3.65,2.87,baseline_league_average_forward_fixture,baseline_unmatched_fixture,,
52e0a5fe45b7d7f8f894,odds_api_io_68377678,2026-05-22,17:00,Hestrafors IF,Jonsereds IF,sweden-division-2-promotion-playoffs,upcoming_fixture_probability_only,1.516,1.421,0.3772,0.274,0.3488,2.65,3.65,2.87,baseline_league_average_forward_fixture,baseline_unmatched_fixture,,
866c6f46cf0a759d7845,odds_api_io_68344658,2026-05-22,17:00,IFK Karlshamn,Vaxjo Norra,sweden-division-2-promotion-playoffs,upcoming_fixture_probability_only,1.516,1.421,0.3772,0.274,0.3488,2.65,3.65,2.87,baseline_league_average_forward_fixture,baseline_unmatched_fixture,,
663222fac91a30c9ca4c,odds_api_io_67473272,2026-05-22,17:00,Jitex Molndal BK,IFK Goteborg,sweden-amateur-elitettan-women,upcoming_fixture_probability_only,1.516,1.421,0.3772,0.274,0.3488,2.65,3.65,2.87,baseline_league_average_forward_fixture,baseline_unmatched_fixture,,
f89a8cddbdc3d7150209,odds_api_io_68311612,2026-05-22,17:00,Kristianstad FC,Hassleholms IF,sweden-ettan-relegation/promotion,upcoming_fixture_probability_only,1.516,1.421,0.3772,0.274,0.3488,2.65,3.65,2.87,baseline_league_average_forward_fixture,baseline_unmatched_fixture,,
da7b4a24c68cec76b719,odds_api_io_61541440,2026-05-22,17:00,FC Lauterach,SC Imst 1933,austria-amateur-regionalliga-west,upcoming_fixture_probability_only,1.516,1.421,0.3772,0.274,0.3488,2.65,3.65,2.87,baseline_league_average_forward_fixture,baseline_unmatched_fixture,,
ff5160d848460cd416ae,odds_api_io_68377682,2026-05-22,17:00,Lindome GIF,Torslanda IK,sweden-division-2-promotion-playoffs,upcoming_fixture_probability_only,1.516,1.421,0.3772,0.274,0.3488,2.65,3.65,2.87,baseline_league_average_forward_fixture,baseline_unmatched_fixture,,
4b09dbe69fc582805ef7,odds_api_io_68344660,2026-05-22,17:00,Linero IF,IFK Trelleborg,sweden-division-2-promotion-playoffs,upcoming_fixture_probability_only,1.516,1.421,0.3772,0.274,0.3488,2.65,3.65,2.87,baseline_league_average_forward_fixture,baseline_unmatched_fixture,,
7268fd663d9ca27a798e,odds_api_io_68311614,2026-05-22,17:00,Lunds BK,Eskilsminne IF,sweden-ettan-relegation/promotion,upcoming_fixture_probability_only,1.516,1.421,0.3772,0.274,0.3488,2.65,3.65,2.87,baseline_league_average_forward_fixture,baseline_unmatched_fixture,,
c12750fcdaa99c771ef8,odds_api_io_69921776,2026-05-22,17:00,MK United,Atlantis FC/Akatemia,finland-kolmonen,upcoming_fixture_probability_only,1.516,1.421,0.3772,0.274,0.3488,2.65,3.65,2.87,baseline_league_average_forward_fixture,baseline_unmatched_fixture,,
8ccda746c983f8f71769,odds_api_io_69972736,2026-05-22,17:00,NK Karlovac 1919,NK Jarun Zagreb,croatia-prva-nl,upcoming_fixture_probability_only,1.516,1.421,0.3772,0.274,0.3488,2.65,3.65,2.87,baseline_league_average_forward_fixture,baseline_unmatched_fixture,,
09ad03cc0b26cecd883c,odds_api_io_70730784,2026-05-22,17:00,Odder IGF,Vejgaard BK,denmark-3rd-division,upcoming_fixture_probability_only,1.516,1.421,0.3772,0.274,0.3488,2.65,3.65,2.87,baseline_league_average_forward_fixture,baseline_unmatched_fixture,,
350536841b07aa5106f9,odds_api_io_67473280,2026-05-22,17:00,Orebro SK Soder,KIF Orebro DFF,sweden-amateur-elitettan-women,upcoming_fixture_probability_only,1.516,1.421,0.3772,0.274,0.3488,2.65,3.65,2.87,baseline_league_average_forward_fixture,baseline_unmatched_fixture,,
a9fc677581571c20b870,odds_api_io_67919642,2026-05-22,17:00,Orkla,Melhus,norway-3rd-division-group-2,upcoming_fixture_probability_only,1.516,1.421,0.3772,0.274,0.3488,2.65,3.65,2.87,baseline_league_average_forward_fixture,baseline_unmatched_fixture,,
a57257760033b432716d,odds_api_io_69880344,2026-05-22,17:00,Pharco FC,National Bank of Egypt SC,egypt-premier-league,upcoming_fixture_probability_only,1.516,1.421,0.3772,0.274,0.3488,2.65,3.65,2.87,baseline_league_average_forward_fixture,baseline_unmatched_fixture,,
b2b2d6ba037f04aed6ac,odds_api_io_62036912,2026-05-22,17:00,SKRA Czestochowa,LKS Goczalkowice-Zdroj,poland-iii-liga-group-3,upcoming_fixture_probability_only,1.516,1.421,0.3772,0.274,0.3488,2.65,3.65,2.87,baseline_league_average_forward_fixture,baseline_unmatched_fixture,,
e54e5861ff922ad5430d,odds_api_io_61940286,2026-05-22,17:00,Spartak Myjava,AS Trencin B,slovakia-3-liga,upcoming_fixture_probability_only,1.516,1.421,0.3772,0.274,0.3488,2.65,3.65,2.87,baseline_league_average_forward_fixture,baseline_unmatched_fixture,,
2e5eb765c3bd79fd10e1,odds_api_io_68344662,2026-05-22,17:00,Staffanstorp United,Nosaby IF,sweden-division-2-promotion-playoffs,upcoming_fixture_probability_only,1.516,1.421,0.3772,0.274,0.3488,2.65,3.65,2.87,baseline_league_average_forward_fixture,baseline_unmatched_fixture,,
ac3f019fcfcea8690b78,odds_api_io_61902050,2026-05-22,17:00,SV Allerheiligen,SV Tillmitsch,austria-amateur-steiermark-landesliga,upcoming_fixture_probability_only,1.516,1.421,0.3772,0.274,0.3488,2.65,3.65,2.87,baseline_league_average_forward_fixture,baseline_unmatched_fixture,,
77b47ffec562a9d24fcc,odds_api_io_61902060,2026-05-22,17:00,SV Pachern,Fsc Eggendorf Hartberg II,austria-amateur-steiermark-landesliga,upcoming_fixture_probability_only,1.516,1.421,0.3772,0.274,0.3488,2.65,3.65,2.87,baseline_league_average_forward_fixture,baseline_unmatched_fixture,,
d05942935d639e262335,odds_api_io_61902062,2026-05-22,17:00,TUS Bad Waltersdorf,ASK Koflach,austria-amateur-steiermark-landesliga,upcoming_fixture_probability_only,1.516,1.421,0.3772,0.274,0.3488,2.65,3.65,2.87,baseline_league_average_forward_fixture,baseline_unmatched_fixture,,
6a5a31d133f3da646e73,odds_api_io_71343148,2026-05-22,17:00,USM Alger,Paradou AC,algeria-ligue-1,upcoming_fixture_probability_only,1.516,1.421,0.3772,0.274,0.3488,2.65,3.65,2.87,baseline_league_average_forward_fixture,baseline_unmatched_fixture,,
2e0a609efe0992f4fdf5,odds_api_io_61466391,2026-05-22,17:00,USV St. Anna am Aigen,SV Lafnitz,austria-amateur-regionalliga-centre,upcoming_fixture_probability_only,1.516,1.421,0.3772,0.274,0.3488,2.65,3.65,2.87,baseline_league_average_forward_fixture,baseline_unmatched_fixture,,
6a06afb0da8b5fc74c66,odds_api_io_68320182,2026-05-22,17:30,IFK Skovde FK,IFK Kumla,sweden-division-2-promotion-playoffs,upcoming_fixture_probability_only,1.516,1.421,0.3772,0.274,0.3488,2.65,3.65,2.87,baseline_league_average_forward_fixture,baseline_unmatched_fixture,,
f772cd57bdad42ed44aa,odds_api_io_68377686,2026-05-22,17:30,Qviding FIF,Onsala BK,sweden-division-2-promotion-playoffs,upcoming_fixture_probability_only,1.516,1.421,0.3772,0.274,0.3488,2.65,3.65,2.87,baseline_league_average_forward_fixture,baseline_unmatched_fixture,,
28af1ba1f3067c84b29d,odds_api_io_69785258,2026-05-22,17:30,FC CFR 1907 Cluj,ACS Champions FC Arges,romania-superliga,upcoming_fixture_probability_only,1.516,1.421,0.3772,0.274,0.3488,2.65,3.65,2.87,baseline_league_average_forward_fixture,baseline_unmatched_fixture,,
c4a64a8c773485a78aa5,odds_api_io_62274230,2026-05-22,17:30,SV Donau,SC Wiener Viktoria,austria-amateur-regionalliga-ost,upcoming_fixture_probability_only,1.516,1.421,0.3772,0.274,0.3488,2.65,3.65,2.87,baseline_league_average_forward_fixture,baseline_unmatched_fixture,,
5742c72606f5d0730323,odds_api_io_62274228,2026-05-22,17:30,SV Horn,SR Donaufeld,austria-amateur-regionalliga-ost,upcoming_fixture_probability_only,1.516,1.421,0.3772,0.274,0.3488,2.65,3.65,2.87,baseline_league_average_forward_fixture,baseline_unmatched_fixture,,
dd85b51b6fa38bfcf9b9,odds_api_io_62274226,2026-05-22,17:30,SV Oberwart,FCM Traiskirchen,austria-amateur-regionalliga-ost,upcoming_fixture_probability_only,1.516,1.421,0.3772,0.274,0.3488,2.65,3.65,2.87,baseline_league_average_forward_fixture,baseline_unmatched_fixture,,
1556e2d15d9f513a6f4d,odds_api_io_71612036,2026-05-22,17:30,SV Ried,SK Rapid,austria-bundesliga,upcoming_fixture_probability_only,1.516,1.421,0.3772,0.274,0.3488,2.65,3.65,2.87,baseline_league_average_forward_fixture,baseline_unmatched_fixture,,
6f057d81b58b894b52f4,odds_api_io_62274232,2026-05-22,17:30,TWL Elektra,SC/ESV Parndorf 1919,austria-amateur-regionalliga-ost,upcoming_fixture_probability_only,1.516,1.421,0.3772,0.274,0.3488,2.65,3.65,2.87,baseline_league_average_forward_fixture,baseline_unmatched_fixture,,
73a200db8bb0b2bc1a0b,odds_api_io_68320194,2026-05-22,17:30,Vanersborgs IF,Husqvarna FF,sweden-division-2-promotion-playoffs,upcoming_fixture_probability_only,1.516,1.421,0.3772,0.274,0.3488,2.65,3.65,2.87,baseline_league_average_forward_fixture,baseline_unmatched_fixture,,
0b5388e1aba0f4a717e4,odds_api_io_64088107,2026-05-22,17:30,Wiener Sport-Club,SC Neusiedl am See 1919,austria-amateur-regionalliga-ost,upcoming_fixture_probability_only,1.516,1.421,0.3772,0.274,0.3488,2.65,3.65,2.87,baseline_league_average_forward_fixture,baseline_unmatched_fixture,,
d437873014890e5a3fe2,odds_api_io_71517794,2026-05-22,17:45,Trabzonspor,Konyaspor,turkiye-turkiye-kupasi,upcoming_fixture_probability_only,1.516,1.421,0.3772,0.274,0.3488,2.65,3.65,2.87,baseline_league_average_forward_fixture,baseline_unmatched_fixture,,
859478e2d498d436fd81,odds_api_io_61895624,2026-05-22,18:00,ADO Den Haag,PEC Zwolle,netherlands-eredivisie-women,upcoming_fixture_probability_only,1.516,1.421,0.3772,0.274,0.3488,2.65,3.65,2.87,baseline_league_average_forward_fixture,baseline_unmatched_fixture,,
6800d43a6d207baf0f5e,odds_api_io_61895626,2026-05-22,18:00,AZ Alkmaar,Excelsior Rotterdam,netherlands-eredivisie-women,upcoming_fixture_probability_only,1.516,1.421,0.3772,0.274,0.3488,2.65,3.65,2.87,baseline_league_average_forward_fixture,baseline_unmatched_fixture,,
260588bb41be7220bb91,odds_api_io_71596060,2026-05-22,18:00,CA San Lorenzo de Almagro,CA Banfield,argentina-primera-division-women,upcoming_fixture_probability_only,1.516,1.421,0.3772,0.274,0.3488,2.65,3.65,2.87,baseline_league_average_forward_fixture,baseline_unmatched_fixture,,
75b0d5b79fc5a9386346,odds_api_io_61895630,2026-05-22,18:00,Feyenoord Rotterdam,NAC Breda,netherlands-eredivisie-women,upcoming_fixture_probability_only,1.516,1.421,0.3772,0.274,0.3488,2.65,3.65,2.87,baseline_league_average_forward_fixture,baseline_unmatched_fixture,,
d6622c460c7c228758c9,odds_api_io_70708880,2026-05-22,18:00,FK Crvena Zvezda Belgrade,OFK Beograd,serbia-superliga,upcoming_fixture_probability_only,1.516,1.421,0.3772,0.274,0.3488,2.65,3.65,2.87,baseline_league_average_forward_fixture,baseline_unmatched_fixture,,
e9bbde680503f75c1257,odds_api_io_68377582,2026-05-22,18:00,FOC Farsta,IFK Haninge,sweden-division-2-promotion-playoffs,upcoming_fixture_probability_only,1.516,1.421,0.3772,0.274,0.3488,2.65,3.65,2.87,baseline_league_average_forward_fixture,baseline_unmatched_fixture,,
6a8b98e0d038bc90b7c7,odds_api_io_63575051,2026-05-22,18:00,Hera United,FC Utrecht,netherlands-eredivisie-women,upcoming_fixture_probability_only,1.516,1.421,0.3772,0.274,0.3488,2.65,3.65,2.87,baseline_league_average_forward_fixture,baseline_unmatched_fixture,,
20ffb574e5b0a599f8d0,odds_api_io_68194652,2026-05-22,18:00,KA Akureyri,Valur Reykjavik,iceland-besta-deild,upcoming_fixture_probability_only,1.516,1.421,0.3772,0.274,0.3488,2.65,3.65,2.87,baseline_league_average_forward_fixture,baseline_unmatched_fixture,,
370b855a55e2a134b378,odds_api_io_68194654,2026-05-22,18:00,Keflavik IF,Thor Akureyri,iceland-besta-deild,upcoming_fixture_probability_only,1.516,1.421,0.3772,0.274,0.3488,2.65,3.65,2.87,baseline_league_average_forward_fixture,baseline_unmatched_fixture,,
eb339bfabaf848ff1bf5,odds_api_io_70221646,2026-05-22,18:00,KRC Genk,SV Zulte Waregem,belgium-super-league-women,upcoming_fixture_probability_only,1.516,1.421,0.3772,0.274,0.3488,2.65,3.65,2.87,baseline_league_average_forward_fixture,baseline_unmatched_fixture,,
b7292aa1f03e41ddf9cc,odds_api_io_61454199,2026-05-22,18:00,NK Radomlje,Mura Murska Sobota,slovenia-prvaliga,upcoming_fixture_probability_only,1.516,1.421,0.3772,0.274,0.3488,2.65,3.65,2.87,baseline_league_average_forward_fixture,baseline_unmatched_fixture,,
f4d16e8a508ef1b6b42d,odds_api_io_61454203,2026-05-22,18:00,Primorje Ajdovscina,NK Celje,slovenia-prvaliga,upcoming_fixture_probability_only,1.516,1.421,0.3772,0.274,0.3488,2.65,3.65,2.87,baseline_league_average_forward_fixture,baseline_unmatched_fixture,,
c4a56bda19da9d248be1,odds_api_io_61895632,2026-05-22,18:00,SC Heerenveen,Ajax Amsterdam,netherlands-eredivisie-women,upcoming_fixture_probability_only,1.516,1.421,0.3772,0.274,0.3488,2.65,3.65,2.87,baseline_league_average_forward_fixture,baseline_unmatched_fixture,,
738b3c6937da21b60aaa,odds_api_io_71401280,2026-05-22,18:00,FC Sudtirol Bolzano,SSC Bari,italy-serie-b,upcoming_fixture_probability_only,1.516,1.421,0.3772,0.274,0.3488,2.65,3.65,2.87,baseline_league_average_forward_fixture,baseline_unmatched_fixture,,
87bf575e6726ec593097,odds_api_io_61895628,2026-05-22,18:00,FC Twente Enschede,PSV Eindhoven,netherlands-eredivisie-women,upcoming_fixture_probability_only,1.516,1.421,0.3772,0.274,0.3488,2.65,3.65,2.87,baseline_league_average_forward_fixture,baseline_unmatched_fixture,,
cf5269cbb9d55e4541c7,odds_api_io_61467297,2026-05-22,18:00,Unia Skierniewice,MKS Chojniczanka Chojnice,poland-ii-liga,upcoming_fixture_probability_only,1.516,1.421,0.3772,0.274,0.3488,2.65,3.65,2.87,baseline_league_average_forward_fixture,baseline_unmatched_fixture,,
445ebdd5134e65d66785,odds_api_io_67119338,2026-05-22,18:30,Arsenal de Sarandi,CA Villa San Carlos,argentina-primera-b,upcoming_fixture_probability_only,1.516,1.421,0.3772,0.274,0.3488,2.65,3.65,2.87,baseline_league_average_forward_fixture,baseline_unmatched_fixture,,
c7256db494162db4d361,odds_api_io_70221536,2026-05-22,18:30,Oud-Heverlee Leuven,Standard Liege,belgium-super-league-women,upcoming_fixture_probability_only,1.516,1.421,0.3772,0.274,0.3488,2.65,3.65,2.87,baseline_league_average_forward_fixture,baseline_unmatched_fixture,,
479e640d9c7422d8cad0,odds_api_io_71443812,2026-05-22,18:30,Rot-Weiss Essen,Greuther Furth,germany-2-bundesliga,upcoming_fixture_probability_only,1.516,1.421,0.3772,0.274,0.3488,2.65,3.65,2.87,baseline_league_average_forward_fixture,baseline_unmatched_fixture,,
fe44833b3583a540b914,odds_api_io_70221538,2026-05-22,18:30,RSC Anderlecht,Club Brugge YLA,belgium-super-league-women,upcoming_fixture_probability_only,1.516,1.421,0.3772,0.274,0.3488,2.65,3.65,2.87,baseline_league_average_forward_fixture,baseline_unmatched_fixture,,
1f80991834234bcf1c86,odds_api_io_67125778,2026-05-22,18:30,Yupanqui,CA Claypole,argentina-primera-c,upcoming_fixture_probability_only,1.516,1.421,0.3772,0.274,0.3488,2.65,3.65,2.87,baseline_league_average_forward_fixture,baseline_unmatched_fixture,,
7b0ab653adfb1ea2ff7d,odds_api_io_61061689,2026-05-22,18:45,ACF Fiorentina,Atalanta BC,italy-serie-a,upcoming_fixture_probability_only,1.516,1.421,0.3772,0.274,0.3488,2.65,3.65,2.87,baseline_league_average_forward_fixture,baseline_unmatched_fixture,,
b0b4fa87fad9bd3c04ae,odds_api_io_66854766,2026-05-22,18:45,Athlone Town AFC,Cork City FC,ireland-first-division,upcoming_fixture_probability_only,1.516,1.421,0.3772,0.274,0.3488,2.65,3.65,2.87,baseline_league_average_forward_fixture,baseline_unmatched_fixture,,
2483377f697e5c4a2b2c,odds_api_io_66854056,2026-05-22,18:45,Derry City FC,Saint Patrick´s Athletic FC,ireland-premier-division,upcoming_fixture_probability_only,1.516,1.421,0.3772,0.274,0.3488,2.65,3.65,2.87,baseline_league_average_forward_fixture,baseline_unmatched_fixture,,
412c46d77b79e7cd864b,odds_api_io_66854768,2026-05-22,18:45,Finn Harps FC,Longford Town FC,ireland-first-division,upcoming_fixture_probability_only,1.516,1.421,0.3772,0.274,0.3488,2.65,3.65,2.87,baseline_league_average_forward_fixture,baseline_unmatched_fixture,,
467479c77561b1dd2304,odds_api_io_66854060,2026-05-22,18:45,Galway United FC,Bohemians Dublin FC,ireland-premier-division,upcoming_fixture_probability_only,1.516,1.421,0.3772,0.274,0.3488,2.65,3.65,2.87,baseline_league_average_forward_fixture,baseline_unmatched_fixture,,
66122e15e683d87d577e,odds_api_io_66854770,2026-05-22,18:45,Kerry FC,Bray Wanderers AFC,ireland-first-division,upcoming_fixture_probability_only,1.516,1.421,0.3772,0.274,0.3488,2.65,3.65,2.87,baseline_league_average_forward_fixture,baseline_unmatched_fixture,,
fa4f4aefd0cab17f056c,odds_api_io_70271354,2026-05-22,18:45,Lisburn Rangers,Crusaders Strikers FC,northern-ireland-premier-league-women,upcoming_fixture_probability_only,1.516,1.421,0.3772,0.274,0.3488,2.65,3.65,2.87,baseline_league_average_forward_fixture,baseline_unmatched_fixture,,
b20e32bb78e63bd4d49b,odds_api_io_66854062,2026-05-22,18:45,Shelbourne FC,Waterford FC,ireland-premier-division,upcoming_fixture_probability_only,1.516,1.421,0.3772,0.274,0.3488,2.65,3.65,2.87,baseline_league_average_forward_fixture,baseline_unmatched_fixture,,
ba377475dc18fb1169ec,odds_api_io_66854772,2026-05-22,18:45,Treaty United,Cobh Ramblers,ireland-first-division,upcoming_fixture_probability_only,1.516,1.421,0.3772,0.274,0.3488,2.65,3.65,2.87,baseline_league_average_forward_fixture,baseline_unmatched_fixture,,
d139043a4d25f4a8273d,odds_api_io_66854774,2026-05-22,18:45,Wexford FC,University College Dublin,ireland-first-division,upcoming_fixture_probability_only,1.516,1.421,0.3772,0.274,0.3488,2.65,3.65,2.87,baseline_league_average_forward_fixture,baseline_unmatched_fixture,,
3c69d1781e5477f2fe25,odds_api_io_67681870,2026-05-22,19:00,CD Everton Vina del Mar,Coquimbo Unido,chile-primera-division,upcoming_fixture_probability_only,1.516,1.421,0.3772,0.274,0.3488,2.65,3.65,2.87,baseline_league_average_forward_fixture,baseline_unmatched_fixture,,
d1844becf279ec4e98f3,odds_api_io_70271348,2026-05-22,19:00,Cliftonville LFC,Linfield Ladies,northern-ireland-premier-league-women,upcoming_fixture_probability_only,1.516,1.421,0.3772,0.274,0.3488,2.65,3.65,2.87,baseline_league_average_forward_fixture,baseline_unmatched_fixture,,
4f6e370a19c581d44e07,odds_api_io_66854058,2026-05-22,19:00,Drogheda United FC,Dundalk FC,ireland-premier-division,upcoming_fixture_probability_only,1.516,1.421,0.3772,0.274,0.3488,2.65,3.65,2.87,baseline_league_average_forward_fixture,baseline_unmatched_fixture,,
a88f4ce238fb11d3c1ea,odds_api_io_70271352,2026-05-22,19:00,Lisburn LFC,Derry City Ladies,northern-ireland-premier-league-women,upcoming_fixture_probability_only,1.516,1.421,0.3772,0.274,0.3488,2.65,3.65,2.87,baseline_league_average_forward_fixture,baseline_unmatched_fixture,,
ad13f8c2a17170b12152,odds_api_io_71019386,2026-05-22,19:00,Racing Club De Lens,OGC Nice,france-coupe-de-france,upcoming_fixture_probability_only,1.516,1.421,0.3772,0.274,0.3488,2.65,3.65,2.87,baseline_league_average_forward_fixture,baseline_unmatched_fixture,,
4b0abce8266a626e62c8,odds_api_io_70971604,2026-05-22,19:00,Rebordosa AC,Leca FC,portugal-campeonato-de-portugal,upcoming_fixture_probability_only,1.516,1.421,0.3772,0.274,0.3488,2.65,3.65,2.87,baseline_league_average_forward_fixture,baseline_unmatched_fixture,,
8c6ded891dd95301bc16,odds_api_io_66854064,2026-05-22,19:00,Shamrock Rovers,Sligo Rovers FC,ireland-premier-division,upcoming_fixture_probability_only,1.516,1.421,0.3772,0.274,0.3488,2.65,3.65,2.87,baseline_league_average_forward_fixture,baseline_unmatched_fixture,,
9c2ef40a55e9802d6c8b,odds_api_io_68306824,2026-05-22,19:15,Afturelding,Throttur Reykjavik,iceland-1-deild,upcoming_fixture_probability_only,1.516,1.421,0.3772,0.274,0.3488,2.65,3.65,2.87,baseline_league_average_forward_fixture,baseline_unmatched_fixture,,
fe1abad1d1cc34f7d419,odds_api_io_68194660,2026-05-22,19:15,Breidablik Kopavogur,KR Reykjavik,iceland-besta-deild,upcoming_fixture_probability_only,1.516,1.421,0.3772,0.274,0.3488,2.65,3.65,2.87,baseline_league_average_forward_fixture,baseline_unmatched_fixture,,
72df737db272ed96c8f9,odds_api_io_68306826,2026-05-22,19:15,IR Reykjavik,HK Kopavogur,iceland-1-deild,upcoming_fixture_probability_only,1.516,1.421,0.3772,0.274,0.3488,2.65,3.65,2.87,baseline_league_average_forward_fixture,baseline_unmatched_fixture,,
d2cee0935db3c9f61aa0,odds_api_io_68306828,2026-05-22,19:15,Leiknir Reykjavik,UMF Grindavik,iceland-1-deild,upcoming_fixture_probability_only,1.516,1.421,0.3772,0.274,0.3488,2.65,3.65,2.87,baseline_league_average_forward_fixture,baseline_unmatched_fixture,,
85691da9243cadb4b3ea,odds_api_io_68194658,2026-05-22,19:15,Stjarnan Gardabae,Fram Reykjavik,iceland-besta-deild,upcoming_fixture_probability_only,1.516,1.421,0.3772,0.274,0.3488,2.65,3.65,2.87,baseline_league_average_forward_fixture,baseline_unmatched_fixture,,
56b84bec7be3a6e190d3,odds_api_io_68194656,2026-05-22,19:15,Vikingur Reykjavik,FH Hafnarfjordur,iceland-besta-deild,upcoming_fixture_probability_only,1.516,1.421,0.3772,0.274,0.3488,2.65,3.65,2.87,baseline_league_average_forward_fixture,baseline_unmatched_fixture,,
bdf0f316a61bd03905c5,odds_api_io_71372570,2026-05-22,20:00,Juan Pablo II College,FBC Melgar,peru-liga-1,upcoming_fixture_probability_only,1.516,1.421,0.3772,0.274,0.3488,2.65,3.65,2.87,baseline_league_average_forward_fixture,baseline_unmatched_fixture,,
6e216bf65db5b6d93f25,odds_api_io_71585556,2026-05-22,20:00,Kawkab Athletic Club of Marrakech,CODM Meknes,morocco-botola-pro-d1,upcoming_fixture_probability_only,1.516,1.421,0.3772,0.274,0.3488,2.65,3.65,2.87,baseline_league_average_forward_fixture,baseline_unmatched_fixture,,
1bbbca29c174c946edbc,odds_api_io_71573120,2026-05-22,20:00,Once Caldas Sa,Llaneros FC,colombia-liga-femenina,upcoming_fixture_probability_only,1.516,1.421,0.3772,0.274,0.3488,2.65,3.65,2.87,baseline_league_average_forward_fixture,baseline_unmatched_fixture,,
2813be20858ab5ca5f95,odds_api_io_68042500,2026-05-22,21:00,CS 2 de Mayo,Sportivo San Lorenzo,paraguay-division-de-honor-apertura,upcoming_fixture_probability_only,1.516,1.421,0.3772,0.274,0.3488,2.65,3.65,2.87,baseline_league_average_forward_fixture,baseline_unmatched_fixture,,
92b7d47da548a7835859,odds_api_io_71596076,2026-05-22,21:00,Plaza Colonia,Club Oriental de Football,uruguay-segunda-division,upcoming_fixture_probability_only,1.516,1.421,0.3772,0.274,0.3488,2.65,3.65,2.87,baseline_league_average_forward_fixture,baseline_unmatched_fixture,,
d634e4d65ec8beb92d8f,odds_api_io_67119346,2026-05-22,22:00,CA Brown de Adrogue,Deportivo Merlo,argentina-primera-b,upcoming_fixture_probability_only,1.516,1.421,0.3772,0.274,0.3488,2.65,3.65,2.87,baseline_league_average_forward_fixture,baseline_unmatched_fixture,,
a808ffadb37ab3dfefa3,odds_api_io_68822920,2026-05-22,22:00,Nautico PE,Cuiaba EC MT,brazil-brasileiro-serie-b,upcoming_fixture_probability_only,1.516,1.421,0.3772,0.274,0.3488,2.65,3.65,2.87,baseline_league_average_forward_fixture,baseline_unmatched_fixture,,
6ac74e1ac1238a03bbc9,odds_api_io_67119332,2026-05-22,22:30,CA Ituzaingo,CD UAI Urquiza,argentina-primera-b,upcoming_fixture_probability_only,1.516,1.421,0.3772,0.274,0.3488,2.65,3.65,2.87,baseline_league_average_forward_fixture,baseline_unmatched_fixture,,
323da3ad7117300fa543,odds_api_io_71477176,2026-05-22,22:30,Liverpool Montevideo,Racing Club Montevideo,uruguay-primera-division,upcoming_fixture_probability_only,1.516,1.421,0.3772,0.274,0.3488,2.65,3.65,2.87,baseline_league_average_forward_fixture,baseline_unmatched_fixture,,
