name,active,source
10BET,True,all_bookmakers
12bet,True,all_bookmakers
188bet,False,all_bookmakers
18bet,True,all_bookmakers
1Bet,True,all_bookmakers
1xbet,True,all_bookmakers
1xBit,True,all_bookmakers
20Bet,False,all_bookmakers
22Bet,True,all_bookmakers
31Bet,True,all_bookmakers
7Bet LT,True,all_bookmakers
888Sport,True,all_bookmakers
888Sport CA,True,all_bookmakers
888Sport IT,True,all_bookmakers
AdmiralBet DE,True,all_bookmakers
AdmiralBet IT,True,all_bookmakers
All British Casino,True,all_bookmakers
AlphaWin,True,all_bookmakers
Apostamax,True,all_bookmakers
Apostatudo,True,all_bookmakers
Apuesta Total,False,all_bookmakers
ATG SE,True,all_bookmakers
B2xbet,True,all_bookmakers
Bally Bet,True,all_bookmakers
BandBet,False,all_bookmakers
BarriereBet FR,True,all_bookmakers
BC.Game,True,all_bookmakers
Bet365,True,all_bookmakers
bet365 NJ,True,all_bookmakers
Bet7k,True,all_bookmakers
Bet9ja,True,all_bookmakers
Betano,True,all_bookmakers
Betano BG,True,all_bookmakers
Betano BR,True,all_bookmakers
Betano CA,True,all_bookmakers
Betano CZ,True,all_bookmakers
Betano DE,True,all_bookmakers
Betano DK,True,all_bookmakers
Betano MX,True,all_bookmakers
Betano PE,True,all_bookmakers
Betano PT,True,all_bookmakers
Betano UK,False,all_bookmakers
Bet-At-Home,False,all_bookmakers
Bet.bet,True,all_bookmakers
Betcenter BE,True,all_bookmakers
Betclic FR,True,all_bookmakers
Betclic PL,True,all_bookmakers
Betclic PT,True,all_bookmakers
Betcris,True,all_bookmakers
Bet Da Sorte,True,all_bookmakers
Betfair ES,True,all_bookmakers
Betfair Exchange,True,all_bookmakers
Betfair IT,True,all_bookmakers
Betfair Sportsbook,True,all_bookmakers
Betfalcons,True,all_bookmakers
Betfan PL,True,all_bookmakers
Betfinal,False,all_bookmakers
BetFlag IT,True,all_bookmakers
Betfury,False,all_bookmakers
Betfusion,True,all_bookmakers
Betgorillas,True,all_bookmakers
Betify,True,all_bookmakers
Betinia DK,True,all_bookmakers
BetMGM,True,all_bookmakers
BetMGM BR,True,all_bookmakers
Betnacional,True,all_bookmakers
BetOnline.ag,True,all_bookmakers
BetOnRed,True,all_bookmakers
BetParx,True,all_bookmakers
Betplay,True,all_bookmakers
BetRivers,True,all_bookmakers
Betsafe,True,all_bookmakers
Betsson,True,all_bookmakers
BetUK,True,all_bookmakers
BetVictor,False,all_bookmakers
Betway,True,all_bookmakers
BetWinner,True,all_bookmakers
Blaze,True,all_bookmakers
Bluechip,True,all_bookmakers
Bodog,True,all_bookmakers
BookMaker.eu,True,all_bookmakers
Bovada,True,all_bookmakers
BoyleSports,False,all_bookmakers
BRX,True,all_bookmakers
BullSbet,True,all_bookmakers
Bwin ES,True,all_bookmakers
Bwin FR,True,all_bookmakers
Bwin IT,True,all_bookmakers
Caesars,True,all_bookmakers
CampeonBet,True,all_bookmakers
Campobet DK,True,all_bookmakers
Casa Pariurilor,True,all_bookmakers
CASHPOINT,True,all_bookmakers
Cassino,True,all_bookmakers
Chance.cz,True,all_bookmakers
Circa,True,all_bookmakers
CircusBet FR,True,all_bookmakers
CloudBet,True,all_bookmakers
ComeOn,True,all_bookmakers
Coolbet,True,all_bookmakers
Coolzino,True,all_bookmakers
Coral,True,all_bookmakers
CrazyBuzzer,True,all_bookmakers
CryptoLeo,True,all_bookmakers
DACHBET,True,all_bookmakers
DafaBet,True,all_bookmakers
DanskeSpil,True,all_bookmakers
Donaldbet,True,all_bookmakers
DraftKings,True,all_bookmakers
Dream.bet,True,all_bookmakers
Duel,True,all_bookmakers
eFortuna PL,True,all_bookmakers
Epicbet,False,all_bookmakers
Esportiva Bet,False,all_bookmakers
Estrela Bet,True,all_bookmakers
Eurobet IT,True,all_bookmakers
Expekt DK,False,all_bookmakers
Expekt SE,True,all_bookmakers
Fair999 Exchange,True,all_bookmakers
FairPari,True,all_bookmakers
Fanatics,True,all_bookmakers
FanDuel,True,all_bookmakers
FanDuel_2,False,all_bookmakers
FB Sports,True,all_bookmakers
FDJ,True,all_bookmakers
Fezbet,True,all_bookmakers
FG6 (Loterj),True,all_bookmakers
Fliff,True,all_bookmakers
FortuneJack,True,all_bookmakers
FreshBet,True,all_bookmakers
Gamdom,True,all_bookmakers
Gana777,True,all_bookmakers
GG.bet,True,all_bookmakers
Goldbet IT,True,all_bookmakers
GoldenBet,True,all_bookmakers
Golden Palace Sports BE,True,all_bookmakers
GreatWin,True,all_bookmakers
Hanzbet,True,all_bookmakers
Hard Rock,True,all_bookmakers
HKJC,True,all_bookmakers
Iddaa,True,all_bookmakers
iFortuna CZ,True,all_bookmakers
Inbet,True,all_bookmakers
Inkabet,True,all_bookmakers
Interwetten,False,all_bookmakers
Ivibet,False,all_bookmakers
JackBit,True,all_bookmakers
Jogão,True,all_bookmakers
JustBet,True,all_bookmakers
Kalshi,True,all_bookmakers
Kambi,True,all_bookmakers
KTO,True,all_bookmakers
Ladbrokes,True,all_bookmakers
Ladbrokes DE,True,all_bookmakers
LeoVegas,True,all_bookmakers
LeoVegas DK,False,all_bookmakers
LeoVegas ES,True,all_bookmakers
LeoVegas IT,True,all_bookmakers
LeoVegas NL,True,all_bookmakers
LibraBet,True,all_bookmakers
Liderbet,True,all_bookmakers
LiveScoreBet,False,all_bookmakers
Lottoland,True,all_bookmakers
Lottomatica IT,True,all_bookmakers
LowVig AG,True,all_bookmakers
Luckia ES,True,all_bookmakers
LVbet PL,True,all_bookmakers
M88,True,all_bookmakers
Marathonbet,False,all_bookmakers
MegaPari,True,all_bookmakers
MelBet,True,all_bookmakers
Merkur Bets,True,all_bookmakers
MerkurXtip CZ,True,all_bookmakers
Mmabet,True,all_bookmakers
Mozzart Bet,False,all_bookmakers
MrGreen,True,all_bookmakers
Mr. Jack,True,all_bookmakers
Mystake,True,all_bookmakers
Napoleon Sports BE,True,all_bookmakers
NetBet,True,all_bookmakers
Nextbet,True,all_bookmakers
Ninecasino,True,all_bookmakers
NordicBet,True,all_bookmakers
NordicBet DK,True,all_bookmakers
Norsk Tipping,True,all_bookmakers
Novibet,True,all_bookmakers
NoVig,True,all_bookmakers
Orbit Exchange,True,all_bookmakers
Paddy Power,True,all_bookmakers
paf,True,all_bookmakers
PAF ES,True,all_bookmakers
PAGBET,True,all_bookmakers
Pamestoixima,True,all_bookmakers
Panda,True,all_bookmakers
Parimatch UK,False,all_bookmakers
Piwi247 Exchange,True,all_bookmakers
Pixbet,True,all_bookmakers
Pix Bet,True,all_bookmakers
Planetwin365 IT,True,all_bookmakers
PMU,True,all_bookmakers
PointsBet AU,False,all_bookmakers
PokerStars FR,True,all_bookmakers
PokerStars IT,True,all_bookmakers
Polymarket,True,all_bookmakers
Powbet,True,all_bookmakers
Qbet,False,all_bookmakers
Quickcasino DK,True,all_bookmakers
Quickcasino SE,True,all_bookmakers
QuickWin,True,all_bookmakers
Quigioco IT,True,all_bookmakers
Rabona,True,all_bookmakers
Rainbet,True,all_bookmakers
RajBet,True,all_bookmakers
Razed,True,all_bookmakers
Retabet ES,True,all_bookmakers
Ricobet,True,all_bookmakers
Rollbit,True,all_bookmakers
Rolletto,True,all_bookmakers
Roobet,True,all_bookmakers
Sbobet,True,all_bookmakers
Sharp Exchange,True,all_bookmakers
SingBet,True,all_bookmakers
Sisal IT,True,all_bookmakers
Skybet,False,all_bookmakers
SkyExchange,True,all_bookmakers
Snai IT,True,all_bookmakers
Sortenabet,True,all_bookmakers
Spelet LV,True,all_bookmakers
Sportaza,True,all_bookmakers
SportBetting AG,True,all_bookmakers
SportingBet,True,all_bookmakers
Sportingbet BR,True,all_bookmakers
SportingBet ZA,True,all_bookmakers
Sports411,True,all_bookmakers
Sportsbet.com.au,True,all_bookmakers
Sportuna,True,all_bookmakers
SportyBet,True,all_bookmakers
Stake,True,all_bookmakers
Stake.bet.br,True,all_bookmakers
Stanleybet IT,False,all_bookmakers
Starcasino BE,True,all_bookmakers
Stoiximan,True,all_bookmakers
STS PL,True,all_bookmakers
SugarHouse,True,all_bookmakers
Superbet,True,all_bookmakers
SvenskaSpel,True,all_bookmakers
Synottip,True,all_bookmakers
Tab AU,False,all_bookmakers
TABtouch AU,True,all_bookmakers
Tiger Gaming,True,all_bookmakers
Tipico DE,True,all_bookmakers
Tippmix,True,all_bookmakers
TippmixPRO,True,all_bookmakers
Tipsport.cz,True,all_bookmakers
TonyBet,False,all_bookmakers
Unibet,True,all_bookmakers
Unibet AU,True,all_bookmakers
Unibet BE,True,all_bookmakers
Unibet DK,True,all_bookmakers
Unibet FR,True,all_bookmakers
Unibet IT,False,all_bookmakers
Unibet SE,True,all_bookmakers
Unibet UK,True,all_bookmakers
Vave,False,all_bookmakers
Vbet,True,all_bookmakers
Vbet BR,True,all_bookmakers
Veikkaus,True,all_bookmakers
VeloBet,True,all_bookmakers
Verabet,True,all_bookmakers
Wazamba,True,all_bookmakers
WELTBET,True,all_bookmakers
William Hill,True,all_bookmakers
WilliamHill NJ,True,all_bookmakers
Winamax DE,False,all_bookmakers
Winamax FR,True,all_bookmakers
Winpot MX,True,all_bookmakers
ZEbet FR,True,all_bookmakers
