prediction_id,snapshots,avg_ev,ev_std,avg_probability,probability_std
006cb95947b031497b4b,1,0.9560000000000001,0.0,,0.0
019d31cdcc8412fa6e8e,1,-0.47400000000000003,0.0,0.3094,0.0
01ddc7e00c9719d48aba,1,0.44670000000000004,0.0,,0.0
029a8aa3111dca228d91,1,-0.47050000000000003,0.0,,0.0
03edadb6e822fc1f9c82,1,-0.2669,0.0,,0.0
04a8c5cd7e78af0e3de8,1,3.76,0.0,,0.0
066852f8eb603216b0a5,1,1.9428,0.0,,0.0
0676b1c5010020fc4f5e,1,2.3873,0.0,,0.0
06c25df182c882233bfa,1,0.4753,0.0,,0.0
0812a199b234b7ea920f,38,-0.5245972972972973,0.4184397663320828,0.1253081081081081,0.10607570247071028
099f4db783ef6617091b,38,-0.2729324324324325,0.11698568301305094,0.2031972972972973,0.04037683251078028
0ea7fd0d396a03fa23f8,1,-0.3178,0.0,,0.0
0f51702ffc1081d036cf,1,-0.30960000000000004,0.0,,0.0
10a5e60fc9e193ab499f,1,3.76,0.0,,0.0
124263760bf0306f75f3,1,-0.5212,0.0,,0.0
130e7dbfa8ab7ec806db,1,0.2596,0.0,0.2909,0.0
137de8a6e92bec9433cd,1,1.9428,0.0,,0.0
154a27ef87e3fc04d0dc,1,0.1726,0.0,,0.0
161aafb6d0b48ab44b8b,1,0.9560000000000001,0.0,0.326,0.0
1b02824343e39e6e3f7e,1,0.7142000000000001,0.0,,0.0
1c3ec7ee5637b3be1a7a,1,0.1726,0.0,,0.0
1e63a316578345cf188d,38,0.669645945945946,0.3634442847371631,0.5688891891891892,0.10703111640957444
1e8df45eaec35ac968c2,1,-0.5673,0.0,,0.0
1eb80dc8db733ca45287,1,0.5624,0.0,,0.0
1f19c0eb49f13d8bae68,1,0.49710000000000004,0.0,,0.0
1f4760497a6b2c538b9f,1,0.3428,0.0,,0.0
1fb593f0e40993b870cc,1,-0.12510000000000002,0.0,0.2083,0.0
20a422033586f2f3f687,1,2.1136,0.0,,0.0
22e656e651094e3f1427,1,-0.6655,0.0,,0.0
2437b20d5b5d0dde569b,1,-0.6655,0.0,0.2515,0.0
247074a27c25f706e1b4,38,-0.026697297297297303,0.20078566998237268,0.2443918918918919,0.05565713181005036
25853abbb5d6f3cd0440,1,-0.7018,0.0,,0.0
291d0e66def9c116169f,1,0.4948,0.0,0.3559,0.0
2b1da5e382055813162f,1,-0.4671,0.0,,0.0
2cfc9f561df30d2f921c,1,-0.2669,0.0,,0.0
3141e6a4f0c5ff033d2e,1,-0.33290000000000003,0.0,,0.0
32014f725e94f9201c7f,1,-0.12510000000000002,0.0,,0.0
34b439633377eca3cfcd,1,-0.3178,0.0,,0.0
37df3ffcf78a6503d1f5,1,-0.4038,0.0,,0.0
39e6a7c20d4484ad96b6,1,-0.0437,0.0,,0.0
3a19fd72c2debc4ce0c2,1,0.5528000000000001,0.0,,0.0
3a8170fa608f7ec7a3ef,1,0.5624,0.0,,0.0
3be4b3a5afa4e570d75d,1,-0.4733,0.0,,0.0
3d6a31fdd4f5c75a3281,38,-0.28251081081081086,0.13398087297940822,0.19616216216216217,0.038943893768623866
3e98cd446358f70b5af9,1,-0.23950000000000002,0.0,,0.0
3ea2444290e6b87149b0,1,0.2596,0.0,,0.0
40d516656187e95448fc,38,0.1497837837837838,0.159886521413563,0.28266216216216217,0.02951840622910229
447113ff7d597fc5d0f7,1,0.3428,0.0,,0.0
46ab9cf59e960d280d65,1,-0.1961,0.0,,0.0
471f89d6c8a0b8930003,1,-0.2669,0.0,,0.0
48808e13ae85169ced7a,38,0.2607864864864865,0.26029816894622365,0.22072432432432434,0.046225488432041266
4a9e7b7adb5407c2f6ba,1,0.4753,0.0,,0.0
4aa9d87ed06900a6d1c9,1,-0.2669,0.0,0.1955,0.0
4c1ae88958a043b0c8c6,1,0.9560000000000001,0.0,,0.0
4d9fecd6ea242a41886c,1,-0.0437,0.0,,0.0
4ed59d28d6f5e9c6f098,1,0.9222,0.0,0.34950000000000003,0.0
4edfb64b03a3a5f39354,1,2.1136,0.0,,0.0
517dd1b37a1779a66fc9,1,1.0942,0.0,,0.0
51e3869b718ed76bd37b,1,0.5873,0.0,,0.0
53625cb2ceffd7ddf829,1,0.3428,0.0,,0.0
53bce6693bafab1c92ea,1,0.1726,0.0,,0.0
561520a5b2c93e434dcf,1,-0.1961,0.0,0.47290000000000004,0.0
5764f94257b11146aac2,1,2.3873,0.0,,0.0
5baeda71ac8dae71034d,1,-0.4671,0.0,,0.0
5bc904e8a7244a734762,1,-0.4733,0.0,,0.0
628db382e7047491eefa,1,-0.6655,0.0,,0.0
62ee3f445d8eca96be3d,1,-0.47400000000000003,0.0,,0.0
6459977983d184611c28,1,0.6296,0.0,,0.0
65ca3e5889ec50a1870c,1,0.9222,0.0,,0.0
66309c6be69f5e7fa285,1,2.1136,0.0,,0.0
66ac8b9911ac83b317b7,1,-0.5212,0.0,,0.0
66cfed187f4c09940afe,1,1.0942,0.0,,0.0
673d443ea9a7950734b1,1,-0.3178,0.0,,0.0
67afd8de1b199fcbcdc5,1,-0.5673,0.0,,0.0
67e3c0a6aa519759e713,1,1.7939,0.0,,0.0
6b3e13794881073e5250,1,2.1136,0.0,0.3663,0.0
6c566bf3520308d5c673,38,2.149035135135135,0.5930905773133625,0.40712162162162163,0.01555238701105852
6e25f9d74c1079e7257d,1,3.76,0.0,,0.0
6e2b91d27d435206cfb4,1,0.5206000000000001,0.0,,0.0
6f71e3e6e73803415cf1,38,-0.5840837837837838,0.24800653386723678,0.23113243243243242,0.05494860252016353
6f9ea05e4d9c02412b38,38,-0.17143513513513514,0.18297096645250738,0.5884216216216216,0.1330969282038368
6fdefc849e0899a5af0f,38,-0.3165918918918919,0.269173928053115,0.2815162162162162,0.10882232591990772
70725d3eddda29a7398e,1,0.44670000000000004,0.0,,0.0
72b5509a7adb367d068c,1,0.7142000000000001,0.0,,0.0
75cc9ccb0206ccf6a6af,1,-0.1961,0.0,,0.0
773749c987f136c51a46,1,2.3873,0.0,,0.0
775080e421bb8d51d076,1,0.49710000000000004,0.0,,0.0
776a06c4de5f69de86c5,1,-0.5673,0.0,0.30910000000000004,0.0
792d3973113f8267b2c7,1,-0.4038,0.0,,0.0
7a7c016acf0ca75970ca,38,2.9224891891891893,1.5710281028294435,0.5295918918918918,0.08911094326854704
7b037863917d86822bd7,1,-0.23950000000000002,0.0,,0.0
7bf6480e68170c127120,1,0.029400000000000003,0.0,,0.0
7ddcbd4b1c8660f5e532,1,-0.12510000000000002,0.0,,0.0
7eedf222ca85f3a2c790,1,-0.47050000000000003,0.0,,0.0
8193480ff4353ada45ab,1,0.4948,0.0,,0.0
8211b5b58374a23e04c2,1,0.029400000000000003,0.0,,0.0
84010b2c708d3ae18022,1,-0.2669,0.0,,0.0
8489e461f59d0c7affe0,1,-0.5212,0.0,,0.0
8623f48ca228554b5868,1,2.1136,0.0,,0.0
86b8ff3e620a764e8acc,38,0.1416837837837838,0.331707267626738,0.23886486486486488,0.04183995443098364
87fb95db1da82e6c99e1,1,0.5624,0.0,,0.0
881f928a2f370dddfb6c,1,-0.5212,0.0,0.3683,0.0
889e6e2ed0a474d6e8c9,1,-0.33290000000000003,0.0,0.18030000000000002,0.0
88eafc642b0af131f516,1,-0.3178,0.0,0.31010000000000004,0.0
89ac8cae73fddce76d66,1,-0.49110000000000004,0.0,,0.0
8f0e52941b73cbcade6a,1,-0.1537,0.0,,0.0
8f2ecc1cc27cbb58982c,1,-0.6655,0.0,,0.0
8fea144f2a59232f7897,1,-0.30960000000000004,0.0,,0.0
92fd7356003ed290f00a,1,-0.1961,0.0,,0.0
93b9f5858df1b9ff2db1,1,-0.12510000000000002,0.0,,0.0
942cbddd9883a5f87615,1,0.4753,0.0,,0.0
9483a752161c57046cbb,1,0.44670000000000004,0.0,,0.0
949c1a41b5572d00c130,1,0.5624,0.0,,0.0
94ab6c286f75cfd3453d,1,0.029400000000000003,0.0,,0.0
9715a491c349fdeff6a0,1,0.5528000000000001,0.0,,0.0
98041b40a7c920bb039d,1,-0.47050000000000003,0.0,,0.0
9824dd164df2e3749168,1,-0.4671,0.0,,0.0
99a2202b999a9fdbb12d,1,-0.33290000000000003,0.0,,0.0
99bf8bbbab588952e2a0,1,-0.1961,0.0,,0.0
a0b8000ebc17deb6459b,1,1.7939,0.0,,0.0
a0e3d113f8b527b03d52,1,-0.5212,0.0,,0.0
a1e333baa5128ba787aa,1,0.9222,0.0,,0.0
a2e44438e43cffb58250,1,0.2596,0.0,,0.0
a3602b459e91923ba0d8,1,-0.6655,0.0,,0.0
a39a9ccd8c154d1f168b,1,-0.7815000000000001,0.0,,0.0
a3d985e02b9c0846f8ed,1,-0.7018,0.0,,0.0
a8d2fd9adf23460e69e4,1,0.4948,0.0,,0.0
ab6ba78a4a5355253728,1,-0.1537,0.0,,0.0
ab738c0a1ef770c575e2,1,-0.1537,0.0,,0.0
ad93940b798bd54f474c,1,0.4948,0.0,,0.0
ae76428f2915b9d4f259,1,0.4753,0.0,0.5464,0.0
b14bc27c4a8673c5f79e,1,-0.4671,0.0,,0.0
b1903b76e8a73e0ece9e,1,-0.0437,0.0,,0.0
b323fce401dcd4fc471e,38,0.6771378378378379,0.3782176925699973,0.3034783783783784,0.028115408341089144
b44c9e0725e891df3176,1,-0.4733,0.0,,0.0
b54e69c02f2753c1e118,1,-0.49110000000000004,0.0,,0.0
b627b01b1e7a4d08b77f,1,2.3873,0.0,0.3985,0.0
b6a87338be5ccbb90695,1,0.6296,0.0,,0.0
b78506735ef11f04ab44,1,-0.7815000000000001,0.0,,0.0
b971c9dd586a946f2763,1,0.4753,0.0,,0.0
bc71cdd4db510b378d4f,1,1.0942,0.0,0.3642,0.0
bde390b601eb57de7de9,1,-0.5673,0.0,,0.0
c0976fa8763bfb412049,1,-0.30960000000000004,0.0,,0.0
c1c58d6d2d4874ddfcd4,1,0.3428,0.0,0.4476,0.0
c26d425248c5a49b0eeb,1,-0.12510000000000002,0.0,,0.0
c3370be947bfe260fd0c,1,-0.33290000000000003,0.0,,0.0
c478e9df9e15af113f7f,1,-0.23950000000000002,0.0,,0.0
c4ad7137cf08a93d6e06,1,0.9222,0.0,,0.0
c56199e2ec68c74796e2,1,0.44670000000000004,0.0,0.3341,0.0
c5c9604ae97764ea5d64,1,-0.49110000000000004,0.0,,0.0
c7142a956d4f452abd1b,1,1.0942,0.0,,0.0
c726c0e8249a21cc8e46,1,0.49710000000000004,0.0,,0.0
c894c78151f27783e8a3,38,0.31744324324324324,0.3023578385332891,0.707245945945946,0.18731629755664697
c935bb04040f4906cc2d,1,1.0942,0.0,,0.0
cc962f03bb1a534bb5f3,1,0.44670000000000004,0.0,,0.0
cd6fd45b5ff9f68ea16a,1,0.5206000000000001,0.0,,0.0
cdf0f04885ef18d9b489,38,0.1973891891891892,0.6143047107565248,0.18986486486486487,0.08799152173873287
d0276be553a615726986,38,-0.13623513513513513,0.09808724635699535,0.4706000000000001,0.037936562545620514
d31c73e4b76f2f4affac,38,-0.5923,0.09436324908447027,0.28897567567567567,0.04125441663497247
d3bc250ec0793433bd18,1,2.3873,0.0,,0.0
d5bf98828dc79e4b768b,1,0.7142000000000001,0.0,,0.0
d5c5debe74b62e983fc2,1,-0.47400000000000003,0.0,,0.0
d675b43751aeed2fb5bd,1,1.9428,0.0,,0.0
d7eca6f1297d2a6b2606,1,-0.47400000000000003,0.0,,0.0
d9a61afee080ff6b1d45,1,-0.4671,0.0,0.2175,0.0
dab0d48d0da846ec115e,1,0.5528000000000001,0.0,,0.0
dabade25b86f7c483e1d,38,-0.4580270270270271,0.21397329486624242,0.22255405405405407,0.06710206816896594
db587e09fa0299e7f879,1,0.5873,0.0,,0.0
de3681aa4b563653593d,1,0.4948,0.0,,0.0
e066e67d95e0bea5fbe7,1,0.9222,0.0,,0.0
e082201f130006e80d1b,1,1.7939,0.0,,0.0
e29aebe08c6fdde0e67a,1,-0.47400000000000003,0.0,,0.0
e3d1e0260c185140fd29,38,0.5128756756756757,0.41472497875459957,0.5164702702702703,0.14395812250802678
e43d42d3b2a8c07e9b95,1,-0.33290000000000003,0.0,,0.0
e47c603f5a45d8b22e64,1,-0.7815000000000001,0.0,,0.0
edd7653ab5b40567f996,1,-0.3178,0.0,,0.0
f0874073259f12a24234,1,0.9560000000000001,0.0,,0.0
f16941a3a79708ef7730,1,-0.5673,0.0,,0.0
f1a8c0bcd8d175840ae4,1,0.9560000000000001,0.0,,0.0
f1c3952fa3a03128902c,1,-0.7018,0.0,,0.0
f4c2f078be5a0f48c559,1,0.3428,0.0,,0.0
f4c67d4429bffd20f4e6,1,0.5873,0.0,,0.0
f55701cecb6e4ba775a5,1,0.5624,0.0,0.2604,0.0
f6207dc1034cd563e93d,1,0.5206000000000001,0.0,,0.0
f85afc7d63637ba7d39e,1,0.6296,0.0,,0.0
f97846c5be5b395703ed,1,0.2596,0.0,,0.0
fb0e898c60571c8583bd,1,-0.4038,0.0,,0.0
fc1f479ff1b26e7289bf,38,-0.34414594594594594,0.3261080236794368,0.16565135135135137,0.08230108890065935
ff1d0637f90ec20633c7,1,0.2596,0.0,,0.0
