prediction_id,event_id,created_at_utc,first_seen_run_number,first_seen_run_id,first_seen_sha,match_date,match_time,home_team,away_team,market,selection,opening_market_odds,opening_fair_odds,opening_probability,opening_ev,is_candidate,settlement_status,github_run_number,github_run_id,github_sha,probability,fair_odds,market_odds,ev,league,season,sample_phase,match_result,won,roi_units
f1c3952fa3a03128902c,2a691efdcabd5210,2026-05-10T12:10:34.387083+00:00,15,25628364236,dce77c454bb4c06406f1db8cfe3076f14f06d99e,25/05/2025,2026-05-10 16:00:00,Bournemouth,Leicester,1x2,home,1.4,4.7,,-0.7018,False,settled,15.0,25628364236.0,dce77c454bb4c06406f1db8cfe3076f14f06d99e,,4.7,1.4,-0.7018,,,,H,True,0.4
b6a87338be5ccbb90695,2a691efdcabd5210,2026-05-10T12:10:34.387115+00:00,15,25628364236,dce77c454bb4c06406f1db8cfe3076f14f06d99e,25/05/2025,2026-05-10 16:00:00,Bournemouth,Leicester,1x2,draw,6.0,3.68,,0.6296,True,settled,15.0,25628364236.0,dce77c454bb4c06406f1db8cfe3076f14f06d99e,,3.68,6.0,0.6296,,,,H,False,-1.0
137de8a6e92bec9433cd,2a691efdcabd5210,2026-05-10T12:10:34.387126+00:00,15,25628364236,dce77c454bb4c06406f1db8cfe3076f14f06d99e,25/05/2025,2026-05-10 16:00:00,Bournemouth,Leicester,1x2,away,5.75,1.9500000000000002,,1.9428,True,settled,15.0,25628364236.0,dce77c454bb4c06406f1db8cfe3076f14f06d99e,,1.9500000000000002,5.75,1.9428,,,,H,False,-1.0
72b5509a7adb367d068c,8cad521ef9456875,2026-05-10T12:10:34.387608+00:00,15,25628364236,dce77c454bb4c06406f1db8cfe3076f14f06d99e,25/05/2025,2026-05-10 16:00:00,Fulham,Man City,1x2,home,4.33,2.5300000000000002,,0.7142000000000001,True,settled,15.0,25628364236.0,dce77c454bb4c06406f1db8cfe3076f14f06d99e,,2.5300000000000002,4.33,0.7142000000000001,,,,A,False,-1.0
8211b5b58374a23e04c2,8cad521ef9456875,2026-05-10T12:10:34.387624+00:00,15,25628364236,dce77c454bb4c06406f1db8cfe3076f14f06d99e,25/05/2025,2026-05-10 16:00:00,Fulham,Man City,1x2,draw,4.2,4.08,,0.029400000000000003,False,settled,15.0,25628364236.0,dce77c454bb4c06406f1db8cfe3076f14f06d99e,,4.08,4.2,0.029400000000000003,,,,A,False,-1.0
fb0e898c60571c8583bd,8cad521ef9456875,2026-05-10T12:10:34.387632+00:00,15,25628364236,dce77c454bb4c06406f1db8cfe3076f14f06d99e,25/05/2025,2026-05-10 16:00:00,Fulham,Man City,1x2,away,1.7000000000000002,2.85,,-0.4038,False,settled,15.0,25628364236.0,dce77c454bb4c06406f1db8cfe3076f14f06d99e,,2.85,1.7000000000000002,-0.4038,,,,A,True,0.7
b78506735ef11f04ab44,8d66eb92ba63ec43,2026-05-10T12:10:34.388062+00:00,15,25628364236,dce77c454bb4c06406f1db8cfe3076f14f06d99e,25/05/2025,2026-05-10 16:00:00,Ipswich,West Ham,1x2,home,1.33,6.09,,-0.7815000000000001,False,settled,15.0,25628364236.0,dce77c454bb4c06406f1db8cfe3076f14f06d99e,,6.09,1.33,-0.7815000000000001,,,,A,False,-1.0
c726c0e8249a21cc8e46,8d66eb92ba63ec43,2026-05-10T12:10:34.388080+00:00,15,25628364236,dce77c454bb4c06406f1db8cfe3076f14f06d99e,25/05/2025,2026-05-10 16:00:00,Ipswich,West Ham,1x2,draw,5.5,3.67,,0.49710000000000004,True,settled,15.0,25628364236.0,dce77c454bb4c06406f1db8cfe3076f14f06d99e,,3.67,5.5,0.49710000000000004,,,,A,False,-1.0
04a8c5cd7e78af0e3de8,8d66eb92ba63ec43,2026-05-10T12:10:34.388096+00:00,15,25628364236,dce77c454bb4c06406f1db8cfe3076f14f06d99e,25/05/2025,2026-05-10 16:00:00,Ipswich,West Ham,1x2,away,8.5,1.79,,3.76,True,settled,15.0,25628364236.0,dce77c454bb4c06406f1db8cfe3076f14f06d99e,,1.79,8.5,3.76,,,,A,True,7.5
51e3869b718ed76bd37b,9a91806786d780f5,2026-05-10T12:10:34.388569+00:00,15,25628364236,dce77c454bb4c06406f1db8cfe3076f14f06d99e,25/05/2025,2026-05-10 16:00:00,Liverpool,Crystal Palace,1x2,home,3.0,1.8900000000000001,,0.5873,True,settled,15.0,25628364236.0,dce77c454bb4c06406f1db8cfe3076f14f06d99e,,1.8900000000000001,3.0,0.5873,,,,D,False,-1.0
3e98cd446358f70b5af9,9a91806786d780f5,2026-05-10T12:10:34.388585+00:00,15,25628364236,dce77c454bb4c06406f1db8cfe3076f14f06d99e,25/05/2025,2026-05-10 16:00:00,Liverpool,Crystal Palace,1x2,draw,3.75,4.93,,-0.23950000000000002,False,settled,15.0,25628364236.0,dce77c454bb4c06406f1db8cfe3076f14f06d99e,,4.93,3.75,-0.23950000000000002,,,,D,True,2.75
5bc904e8a7244a734762,9a91806786d780f5,2026-05-10T12:10:34.388595+00:00,15,25628364236,dce77c454bb4c06406f1db8cfe3076f14f06d99e,25/05/2025,2026-05-10 16:00:00,Liverpool,Crystal Palace,1x2,away,2.2,4.18,,-0.4733,False,settled,15.0,25628364236.0,dce77c454bb4c06406f1db8cfe3076f14f06d99e,,4.18,2.2,-0.4733,,,,D,False,-1.0
e082201f130006e80d1b,8d5cab024e2abc54,2026-05-10T12:10:34.389019+00:00,15,25628364236,dce77c454bb4c06406f1db8cfe3076f14f06d99e,25/05/2025,2026-05-10 16:00:00,Newcastle,Everton,1x2,home,8.5,3.04,,1.7939,True,settled,15.0,25628364236.0,dce77c454bb4c06406f1db8cfe3076f14f06d99e,,3.04,8.5,1.7939,,,,A,False,-1.0
dab0d48d0da846ec115e,8d5cab024e2abc54,2026-05-10T12:10:34.389034+00:00,15,25628364236,dce77c454bb4c06406f1db8cfe3076f14f06d99e,25/05/2025,2026-05-10 16:00:00,Newcastle,Everton,1x2,draw,6.0,3.86,,0.5528000000000001,True,settled,15.0,25628364236.0,dce77c454bb4c06406f1db8cfe3076f14f06d99e,,3.86,6.0,0.5528000000000001,,,,A,False,-1.0
029a8aa3111dca228d91,8d5cab024e2abc54,2026-05-10T12:10:34.389043+00:00,15,25628364236,dce77c454bb4c06406f1db8cfe3076f14f06d99e,25/05/2025,2026-05-10 16:00:00,Newcastle,Everton,1x2,away,1.3,2.46,,-0.47050000000000003,False,settled,15.0,25628364236.0,dce77c454bb4c06406f1db8cfe3076f14f06d99e,,2.46,1.3,-0.47050000000000003,,,,A,True,0.3
39e6a7c20d4484ad96b6,33323553dbf58152,2026-05-10T12:10:34.389474+00:00,15,25628364236,dce77c454bb4c06406f1db8cfe3076f14f06d99e,25/05/2025,2026-05-10 16:00:00,Southampton,Arsenal,1x2,home,4.2,4.39,,-0.0437,False,settled,15.0,25628364236.0,dce77c454bb4c06406f1db8cfe3076f14f06d99e,,4.39,4.2,-0.0437,,,,A,False,-1.0
1c3ec7ee5637b3be1a7a,33323553dbf58152,2026-05-10T12:10:34.389491+00:00,15,25628364236,dce77c454bb4c06406f1db8cfe3076f14f06d99e,25/05/2025,2026-05-10 16:00:00,Southampton,Arsenal,1x2,draw,4.33,3.69,,0.1726,True,settled,15.0,25628364236.0,dce77c454bb4c06406f1db8cfe3076f14f06d99e,,3.69,4.33,0.1726,,,,A,False,-1.0
ab6ba78a4a5355253728,33323553dbf58152,2026-05-10T12:10:34.389500+00:00,15,25628364236,dce77c454bb4c06406f1db8cfe3076f14f06d99e,25/05/2025,2026-05-10 16:00:00,Southampton,Arsenal,1x2,away,1.7000000000000002,2.01,,-0.1537,False,settled,15.0,25628364236.0,dce77c454bb4c06406f1db8cfe3076f14f06d99e,,2.01,1.7000000000000002,-0.1537,,,,A,True,0.7
f6207dc1034cd563e93d,be0df45f963eaff0,2026-05-10T12:10:34.389934+00:00,15,25628364236,dce77c454bb4c06406f1db8cfe3076f14f06d99e,25/05/2025,2026-05-10 16:00:00,Tottenham,Brighton,1x2,home,2.7,1.78,,0.5206000000000001,True,settled,15.0,25628364236.0,dce77c454bb4c06406f1db8cfe3076f14f06d99e,,1.78,2.7,0.5206000000000001,,,,A,False,-1.0
8fea144f2a59232f7897,be0df45f963eaff0,2026-05-10T12:10:34.389950+00:00,15,25628364236,dce77c454bb4c06406f1db8cfe3076f14f06d99e,25/05/2025,2026-05-10 16:00:00,Tottenham,Brighton,1x2,draw,3.7,5.36,,-0.30960000000000004,False,settled,15.0,25628364236.0,dce77c454bb4c06406f1db8cfe3076f14f06d99e,,5.36,3.7,-0.30960000000000004,,,,A,False,-1.0
b54e69c02f2753c1e118,be0df45f963eaff0,2026-05-10T12:10:34.389959+00:00,15,25628364236,dce77c454bb4c06406f1db8cfe3076f14f06d99e,25/05/2025,2026-05-10 16:00:00,Tottenham,Brighton,1x2,away,2.45,4.8100000000000005,,-0.49110000000000004,False,settled,15.0,25628364236.0,dce77c454bb4c06406f1db8cfe3076f14f06d99e,,4.8100000000000005,2.45,-0.49110000000000004,,,,A,True,1.45
25853abbb5d6f3cd0440,2a691efdcabd5210,2026-05-10T12:17:55.924214+00:00,16,25628510911,f86bbd3b697d4e33d1ef5eaeb56e71f7aaa26cd7,25/05/2025,2026-05-10 16:00:00,Bournemouth,Leicester,1x2,home,1.4,4.7,,-0.7018,False,settled,16.0,25628510911.0,f86bbd3b697d4e33d1ef5eaeb56e71f7aaa26cd7,,4.7,1.4,-0.7018,,,,H,True,0.4
f85afc7d63637ba7d39e,2a691efdcabd5210,2026-05-10T12:17:55.924238+00:00,16,25628510911,f86bbd3b697d4e33d1ef5eaeb56e71f7aaa26cd7,25/05/2025,2026-05-10 16:00:00,Bournemouth,Leicester,1x2,draw,6.0,3.68,,0.6296,True,settled,16.0,25628510911.0,f86bbd3b697d4e33d1ef5eaeb56e71f7aaa26cd7,,3.68,6.0,0.6296,,,,H,False,-1.0
066852f8eb603216b0a5,2a691efdcabd5210,2026-05-10T12:17:55.924244+00:00,16,25628510911,f86bbd3b697d4e33d1ef5eaeb56e71f7aaa26cd7,25/05/2025,2026-05-10 16:00:00,Bournemouth,Leicester,1x2,away,5.75,1.9500000000000002,,1.9428,True,settled,16.0,25628510911.0,f86bbd3b697d4e33d1ef5eaeb56e71f7aaa26cd7,,1.9500000000000002,5.75,1.9428,,,,H,False,-1.0
1b02824343e39e6e3f7e,8cad521ef9456875,2026-05-10T12:17:55.924484+00:00,16,25628510911,f86bbd3b697d4e33d1ef5eaeb56e71f7aaa26cd7,25/05/2025,2026-05-10 16:00:00,Fulham,Man City,1x2,home,4.33,2.5300000000000002,,0.7142000000000001,True,settled,16.0,25628510911.0,f86bbd3b697d4e33d1ef5eaeb56e71f7aaa26cd7,,2.5300000000000002,4.33,0.7142000000000001,,,,A,False,-1.0
7bf6480e68170c127120,8cad521ef9456875,2026-05-10T12:17:55.924491+00:00,16,25628510911,f86bbd3b697d4e33d1ef5eaeb56e71f7aaa26cd7,25/05/2025,2026-05-10 16:00:00,Fulham,Man City,1x2,draw,4.2,4.08,,0.029400000000000003,False,settled,16.0,25628510911.0,f86bbd3b697d4e33d1ef5eaeb56e71f7aaa26cd7,,4.08,4.2,0.029400000000000003,,,,A,False,-1.0
792d3973113f8267b2c7,8cad521ef9456875,2026-05-10T12:17:55.924496+00:00,16,25628510911,f86bbd3b697d4e33d1ef5eaeb56e71f7aaa26cd7,25/05/2025,2026-05-10 16:00:00,Fulham,Man City,1x2,away,1.7000000000000002,2.85,,-0.4038,False,settled,16.0,25628510911.0,f86bbd3b697d4e33d1ef5eaeb56e71f7aaa26cd7,,2.85,1.7000000000000002,-0.4038,,,,A,True,0.7
e47c603f5a45d8b22e64,8d66eb92ba63ec43,2026-05-10T12:17:55.924743+00:00,16,25628510911,f86bbd3b697d4e33d1ef5eaeb56e71f7aaa26cd7,25/05/2025,2026-05-10 16:00:00,Ipswich,West Ham,1x2,home,1.33,6.09,,-0.7815000000000001,False,settled,16.0,25628510911.0,f86bbd3b697d4e33d1ef5eaeb56e71f7aaa26cd7,,6.09,1.33,-0.7815000000000001,,,,A,False,-1.0
775080e421bb8d51d076,8d66eb92ba63ec43,2026-05-10T12:17:55.924753+00:00,16,25628510911,f86bbd3b697d4e33d1ef5eaeb56e71f7aaa26cd7,25/05/2025,2026-05-10 16:00:00,Ipswich,West Ham,1x2,draw,5.5,3.67,,0.49710000000000004,True,settled,16.0,25628510911.0,f86bbd3b697d4e33d1ef5eaeb56e71f7aaa26cd7,,3.67,5.5,0.49710000000000004,,,,A,False,-1.0
10a5e60fc9e193ab499f,8d66eb92ba63ec43,2026-05-10T12:17:55.924762+00:00,16,25628510911,f86bbd3b697d4e33d1ef5eaeb56e71f7aaa26cd7,25/05/2025,2026-05-10 16:00:00,Ipswich,West Ham,1x2,away,8.5,1.79,,3.76,True,settled,16.0,25628510911.0,f86bbd3b697d4e33d1ef5eaeb56e71f7aaa26cd7,,1.79,8.5,3.76,,,,A,True,7.5
f4c67d4429bffd20f4e6,9a91806786d780f5,2026-05-10T12:17:55.924971+00:00,16,25628510911,f86bbd3b697d4e33d1ef5eaeb56e71f7aaa26cd7,25/05/2025,2026-05-10 16:00:00,Liverpool,Crystal Palace,1x2,home,3.0,1.8900000000000001,,0.5873,True,settled,16.0,25628510911.0,f86bbd3b697d4e33d1ef5eaeb56e71f7aaa26cd7,,1.8900000000000001,3.0,0.5873,,,,D,False,-1.0
c478e9df9e15af113f7f,9a91806786d780f5,2026-05-10T12:17:55.924977+00:00,16,25628510911,f86bbd3b697d4e33d1ef5eaeb56e71f7aaa26cd7,25/05/2025,2026-05-10 16:00:00,Liverpool,Crystal Palace,1x2,draw,3.75,4.93,,-0.23950000000000002,False,settled,16.0,25628510911.0,f86bbd3b697d4e33d1ef5eaeb56e71f7aaa26cd7,,4.93,3.75,-0.23950000000000002,,,,D,True,2.75
3be4b3a5afa4e570d75d,9a91806786d780f5,2026-05-10T12:17:55.924980+00:00,16,25628510911,f86bbd3b697d4e33d1ef5eaeb56e71f7aaa26cd7,25/05/2025,2026-05-10 16:00:00,Liverpool,Crystal Palace,1x2,away,2.2,4.18,,-0.4733,False,settled,16.0,25628510911.0,f86bbd3b697d4e33d1ef5eaeb56e71f7aaa26cd7,,4.18,2.2,-0.4733,,,,D,False,-1.0
a0b8000ebc17deb6459b,8d5cab024e2abc54,2026-05-10T12:17:55.925159+00:00,16,25628510911,f86bbd3b697d4e33d1ef5eaeb56e71f7aaa26cd7,25/05/2025,2026-05-10 16:00:00,Newcastle,Everton,1x2,home,8.5,3.04,,1.7939,True,settled,16.0,25628510911.0,f86bbd3b697d4e33d1ef5eaeb56e71f7aaa26cd7,,3.04,8.5,1.7939,,,,A,False,-1.0
3a19fd72c2debc4ce0c2,8d5cab024e2abc54,2026-05-10T12:17:55.925164+00:00,16,25628510911,f86bbd3b697d4e33d1ef5eaeb56e71f7aaa26cd7,25/05/2025,2026-05-10 16:00:00,Newcastle,Everton,1x2,draw,6.0,3.86,,0.5528000000000001,True,settled,16.0,25628510911.0,f86bbd3b697d4e33d1ef5eaeb56e71f7aaa26cd7,,3.86,6.0,0.5528000000000001,,,,A,False,-1.0
98041b40a7c920bb039d,8d5cab024e2abc54,2026-05-10T12:17:55.925167+00:00,16,25628510911,f86bbd3b697d4e33d1ef5eaeb56e71f7aaa26cd7,25/05/2025,2026-05-10 16:00:00,Newcastle,Everton,1x2,away,1.3,2.46,,-0.47050000000000003,False,settled,16.0,25628510911.0,f86bbd3b697d4e33d1ef5eaeb56e71f7aaa26cd7,,2.46,1.3,-0.47050000000000003,,,,A,True,0.3
4d9fecd6ea242a41886c,33323553dbf58152,2026-05-10T12:17:55.925360+00:00,16,25628510911,f86bbd3b697d4e33d1ef5eaeb56e71f7aaa26cd7,25/05/2025,2026-05-10 16:00:00,Southampton,Arsenal,1x2,home,4.2,4.39,,-0.0437,False,settled,16.0,25628510911.0,f86bbd3b697d4e33d1ef5eaeb56e71f7aaa26cd7,,4.39,4.2,-0.0437,,,,A,False,-1.0
53bce6693bafab1c92ea,33323553dbf58152,2026-05-10T12:17:55.925366+00:00,16,25628510911,f86bbd3b697d4e33d1ef5eaeb56e71f7aaa26cd7,25/05/2025,2026-05-10 16:00:00,Southampton,Arsenal,1x2,draw,4.33,3.69,,0.1726,True,settled,16.0,25628510911.0,f86bbd3b697d4e33d1ef5eaeb56e71f7aaa26cd7,,3.69,4.33,0.1726,,,,A,False,-1.0
8f0e52941b73cbcade6a,33323553dbf58152,2026-05-10T12:17:55.925370+00:00,16,25628510911,f86bbd3b697d4e33d1ef5eaeb56e71f7aaa26cd7,25/05/2025,2026-05-10 16:00:00,Southampton,Arsenal,1x2,away,1.7000000000000002,2.01,,-0.1537,False,settled,16.0,25628510911.0,f86bbd3b697d4e33d1ef5eaeb56e71f7aaa26cd7,,2.01,1.7000000000000002,-0.1537,,,,A,True,0.7
cd6fd45b5ff9f68ea16a,be0df45f963eaff0,2026-05-10T12:17:55.925560+00:00,16,25628510911,f86bbd3b697d4e33d1ef5eaeb56e71f7aaa26cd7,25/05/2025,2026-05-10 16:00:00,Tottenham,Brighton,1x2,home,2.7,1.78,,0.5206000000000001,True,settled,16.0,25628510911.0,f86bbd3b697d4e33d1ef5eaeb56e71f7aaa26cd7,,1.78,2.7,0.5206000000000001,,,,A,False,-1.0
c0976fa8763bfb412049,be0df45f963eaff0,2026-05-10T12:17:55.925565+00:00,16,25628510911,f86bbd3b697d4e33d1ef5eaeb56e71f7aaa26cd7,25/05/2025,2026-05-10 16:00:00,Tottenham,Brighton,1x2,draw,3.7,5.36,,-0.30960000000000004,False,settled,16.0,25628510911.0,f86bbd3b697d4e33d1ef5eaeb56e71f7aaa26cd7,,5.36,3.7,-0.30960000000000004,,,,A,False,-1.0
89ac8cae73fddce76d66,be0df45f963eaff0,2026-05-10T12:17:55.925569+00:00,16,25628510911,f86bbd3b697d4e33d1ef5eaeb56e71f7aaa26cd7,25/05/2025,2026-05-10 16:00:00,Tottenham,Brighton,1x2,away,2.45,4.8100000000000005,,-0.49110000000000004,False,settled,16.0,25628510911.0,f86bbd3b697d4e33d1ef5eaeb56e71f7aaa26cd7,,4.8100000000000005,2.45,-0.49110000000000004,,,,A,True,1.45
a3d985e02b9c0846f8ed,2a691efdcabd5210,2026-05-10T12:28:43.540306+00:00,17,25628726864,484b2937f6a61dae626912464522146f15cbfd6f,25/05/2025,2026-05-10 16:00:00,Bournemouth,Leicester,1x2,home,1.4,4.7,,-0.7018,False,settled,17.0,25628726864.0,484b2937f6a61dae626912464522146f15cbfd6f,,4.7,1.4,-0.7018,,,,H,True,0.4
6459977983d184611c28,2a691efdcabd5210,2026-05-10T12:28:43.540327+00:00,17,25628726864,484b2937f6a61dae626912464522146f15cbfd6f,25/05/2025,2026-05-10 16:00:00,Bournemouth,Leicester,1x2,draw,6.0,3.68,,0.6296,True,settled,17.0,25628726864.0,484b2937f6a61dae626912464522146f15cbfd6f,,3.68,6.0,0.6296,,,,H,False,-1.0
d675b43751aeed2fb5bd,2a691efdcabd5210,2026-05-10T12:28:43.540333+00:00,17,25628726864,484b2937f6a61dae626912464522146f15cbfd6f,25/05/2025,2026-05-10 16:00:00,Bournemouth,Leicester,1x2,away,5.75,1.9500000000000002,,1.9428,True,settled,17.0,25628726864.0,484b2937f6a61dae626912464522146f15cbfd6f,,1.9500000000000002,5.75,1.9428,,,,H,False,-1.0
d5bf98828dc79e4b768b,8cad521ef9456875,2026-05-10T12:28:43.540564+00:00,17,25628726864,484b2937f6a61dae626912464522146f15cbfd6f,25/05/2025,2026-05-10 16:00:00,Fulham,Man City,1x2,home,4.33,2.5300000000000002,,0.7142000000000001,True,settled,17.0,25628726864.0,484b2937f6a61dae626912464522146f15cbfd6f,,2.5300000000000002,4.33,0.7142000000000001,,,,A,False,-1.0
94ab6c286f75cfd3453d,8cad521ef9456875,2026-05-10T12:28:43.540572+00:00,17,25628726864,484b2937f6a61dae626912464522146f15cbfd6f,25/05/2025,2026-05-10 16:00:00,Fulham,Man City,1x2,draw,4.2,4.08,,0.029400000000000003,False,settled,17.0,25628726864.0,484b2937f6a61dae626912464522146f15cbfd6f,,4.08,4.2,0.029400000000000003,,,,A,False,-1.0
37df3ffcf78a6503d1f5,8cad521ef9456875,2026-05-10T12:28:43.540577+00:00,17,25628726864,484b2937f6a61dae626912464522146f15cbfd6f,25/05/2025,2026-05-10 16:00:00,Fulham,Man City,1x2,away,1.7000000000000002,2.85,,-0.4038,False,settled,17.0,25628726864.0,484b2937f6a61dae626912464522146f15cbfd6f,,2.85,1.7000000000000002,-0.4038,,,,A,True,0.7
a39a9ccd8c154d1f168b,8d66eb92ba63ec43,2026-05-10T12:28:43.540792+00:00,17,25628726864,484b2937f6a61dae626912464522146f15cbfd6f,25/05/2025,2026-05-10 16:00:00,Ipswich,West Ham,1x2,home,1.33,6.09,,-0.7815000000000001,False,settled,17.0,25628726864.0,484b2937f6a61dae626912464522146f15cbfd6f,,6.09,1.33,-0.7815000000000001,,,,A,False,-1.0
1f19c0eb49f13d8bae68,8d66eb92ba63ec43,2026-05-10T12:28:43.540800+00:00,17,25628726864,484b2937f6a61dae626912464522146f15cbfd6f,25/05/2025,2026-05-10 16:00:00,Ipswich,West Ham,1x2,draw,5.5,3.67,,0.49710000000000004,True,settled,17.0,25628726864.0,484b2937f6a61dae626912464522146f15cbfd6f,,3.67,5.5,0.49710000000000004,,,,A,False,-1.0
6e25f9d74c1079e7257d,8d66eb92ba63ec43,2026-05-10T12:28:43.540806+00:00,17,25628726864,484b2937f6a61dae626912464522146f15cbfd6f,25/05/2025,2026-05-10 16:00:00,Ipswich,West Ham,1x2,away,8.5,1.79,,3.76,True,settled,17.0,25628726864.0,484b2937f6a61dae626912464522146f15cbfd6f,,1.79,8.5,3.76,,,,A,True,7.5
db587e09fa0299e7f879,9a91806786d780f5,2026-05-10T12:28:43.540997+00:00,17,25628726864,484b2937f6a61dae626912464522146f15cbfd6f,25/05/2025,2026-05-10 16:00:00,Liverpool,Crystal Palace,1x2,home,3.0,1.8900000000000001,,0.5873,True,settled,17.0,25628726864.0,484b2937f6a61dae626912464522146f15cbfd6f,,1.8900000000000001,3.0,0.5873,,,,D,False,-1.0
7b037863917d86822bd7,9a91806786d780f5,2026-05-10T12:28:43.541003+00:00,17,25628726864,484b2937f6a61dae626912464522146f15cbfd6f,25/05/2025,2026-05-10 16:00:00,Liverpool,Crystal Palace,1x2,draw,3.75,4.93,,-0.23950000000000002,False,settled,17.0,25628726864.0,484b2937f6a61dae626912464522146f15cbfd6f,,4.93,3.75,-0.23950000000000002,,,,D,True,2.75
b44c9e0725e891df3176,9a91806786d780f5,2026-05-10T12:28:43.541007+00:00,17,25628726864,484b2937f6a61dae626912464522146f15cbfd6f,25/05/2025,2026-05-10 16:00:00,Liverpool,Crystal Palace,1x2,away,2.2,4.18,,-0.4733,False,settled,17.0,25628726864.0,484b2937f6a61dae626912464522146f15cbfd6f,,4.18,2.2,-0.4733,,,,D,False,-1.0
67e3c0a6aa519759e713,8d5cab024e2abc54,2026-05-10T12:28:43.541186+00:00,17,25628726864,484b2937f6a61dae626912464522146f15cbfd6f,25/05/2025,2026-05-10 16:00:00,Newcastle,Everton,1x2,home,8.5,3.04,,1.7939,True,settled,17.0,25628726864.0,484b2937f6a61dae626912464522146f15cbfd6f,,3.04,8.5,1.7939,,,,A,False,-1.0
9715a491c349fdeff6a0,8d5cab024e2abc54,2026-05-10T12:28:43.541192+00:00,17,25628726864,484b2937f6a61dae626912464522146f15cbfd6f,25/05/2025,2026-05-10 16:00:00,Newcastle,Everton,1x2,draw,6.0,3.86,,0.5528000000000001,True,settled,17.0,25628726864.0,484b2937f6a61dae626912464522146f15cbfd6f,,3.86,6.0,0.5528000000000001,,,,A,False,-1.0
7eedf222ca85f3a2c790,8d5cab024e2abc54,2026-05-10T12:28:43.541196+00:00,17,25628726864,484b2937f6a61dae626912464522146f15cbfd6f,25/05/2025,2026-05-10 16:00:00,Newcastle,Everton,1x2,away,1.3,2.46,,-0.47050000000000003,False,settled,17.0,25628726864.0,484b2937f6a61dae626912464522146f15cbfd6f,,2.46,1.3,-0.47050000000000003,,,,A,True,0.3
b1903b76e8a73e0ece9e,33323553dbf58152,2026-05-10T12:28:43.541382+00:00,17,25628726864,484b2937f6a61dae626912464522146f15cbfd6f,25/05/2025,2026-05-10 16:00:00,Southampton,Arsenal,1x2,home,4.2,4.39,,-0.0437,False,settled,17.0,25628726864.0,484b2937f6a61dae626912464522146f15cbfd6f,,4.39,4.2,-0.0437,,,,A,False,-1.0
154a27ef87e3fc04d0dc,33323553dbf58152,2026-05-10T12:28:43.541388+00:00,17,25628726864,484b2937f6a61dae626912464522146f15cbfd6f,25/05/2025,2026-05-10 16:00:00,Southampton,Arsenal,1x2,draw,4.33,3.69,,0.1726,True,settled,17.0,25628726864.0,484b2937f6a61dae626912464522146f15cbfd6f,,3.69,4.33,0.1726,,,,A,False,-1.0
ab738c0a1ef770c575e2,33323553dbf58152,2026-05-10T12:28:43.541392+00:00,17,25628726864,484b2937f6a61dae626912464522146f15cbfd6f,25/05/2025,2026-05-10 16:00:00,Southampton,Arsenal,1x2,away,1.7000000000000002,2.01,,-0.1537,False,settled,17.0,25628726864.0,484b2937f6a61dae626912464522146f15cbfd6f,,2.01,1.7000000000000002,-0.1537,,,,A,True,0.7
6e2b91d27d435206cfb4,be0df45f963eaff0,2026-05-10T12:28:43.541573+00:00,17,25628726864,484b2937f6a61dae626912464522146f15cbfd6f,25/05/2025,2026-05-10 16:00:00,Tottenham,Brighton,1x2,home,2.7,1.78,,0.5206000000000001,True,settled,17.0,25628726864.0,484b2937f6a61dae626912464522146f15cbfd6f,,1.78,2.7,0.5206000000000001,,,,A,False,-1.0
0f51702ffc1081d036cf,be0df45f963eaff0,2026-05-10T12:28:43.541578+00:00,17,25628726864,484b2937f6a61dae626912464522146f15cbfd6f,25/05/2025,2026-05-10 16:00:00,Tottenham,Brighton,1x2,draw,3.7,5.36,,-0.30960000000000004,False,settled,17.0,25628726864.0,484b2937f6a61dae626912464522146f15cbfd6f,,5.36,3.7,-0.30960000000000004,,,,A,False,-1.0
c5c9604ae97764ea5d64,be0df45f963eaff0,2026-05-10T12:28:43.541582+00:00,17,25628726864,484b2937f6a61dae626912464522146f15cbfd6f,25/05/2025,2026-05-10 16:00:00,Tottenham,Brighton,1x2,away,2.45,4.8100000000000005,,-0.49110000000000004,False,settled,17.0,25628726864.0,484b2937f6a61dae626912464522146f15cbfd6f,,4.8100000000000005,2.45,-0.49110000000000004,,,,A,True,1.45
1e8df45eaec35ac968c2,2a691efdcabd5210,2026-05-10T12:44:24.885148+00:00,19,25629049104,d8ffc90e600c278c28a756496c1460ca5d72faff,25/05/2025,2026-05-10 16:00:00,Bournemouth,Leicester,1x2,home,1.4,3.24,,-0.5673,False,settled,19.0,25629049104.0,d8ffc90e600c278c28a756496c1460ca5d72faff,,3.24,1.4,-0.5673,,,,H,True,0.4
f0874073259f12a24234,2a691efdcabd5210,2026-05-10T12:44:24.885167+00:00,19,25629049104,d8ffc90e600c278c28a756496c1460ca5d72faff,25/05/2025,2026-05-10 16:00:00,Bournemouth,Leicester,1x2,draw,6.0,3.07,,0.9560000000000001,True,settled,19.0,25629049104.0,d8ffc90e600c278c28a756496c1460ca5d72faff,,3.07,6.0,0.9560000000000001,,,,H,False,-1.0
66cfed187f4c09940afe,2a691efdcabd5210,2026-05-10T12:44:24.885172+00:00,19,25629049104,d8ffc90e600c278c28a756496c1460ca5d72faff,25/05/2025,2026-05-10 16:00:00,Bournemouth,Leicester,1x2,away,5.75,2.75,,1.0942,True,settled,19.0,25629049104.0,d8ffc90e600c278c28a756496c1460ca5d72faff,,2.75,5.75,1.0942,,,,H,False,-1.0
ff1d0637f90ec20633c7,8cad521ef9456875,2026-05-10T12:44:24.885355+00:00,19,25629049104,d8ffc90e600c278c28a756496c1460ca5d72faff,25/05/2025,2026-05-10 16:00:00,Fulham,Man City,1x2,home,4.33,3.44,,0.2596,True,settled,19.0,25629049104.0,d8ffc90e600c278c28a756496c1460ca5d72faff,,3.44,4.33,0.2596,,,,A,False,-1.0
7ddcbd4b1c8660f5e532,8cad521ef9456875,2026-05-10T12:44:24.885361+00:00,19,25629049104,d8ffc90e600c278c28a756496c1460ca5d72faff,25/05/2025,2026-05-10 16:00:00,Fulham,Man City,1x2,draw,4.2,4.8,,-0.12510000000000002,False,settled,19.0,25629049104.0,d8ffc90e600c278c28a756496c1460ca5d72faff,,4.8,4.2,-0.12510000000000002,,,,A,False,-1.0
92fd7356003ed290f00a,8cad521ef9456875,2026-05-10T12:44:24.885365+00:00,19,25629049104,d8ffc90e600c278c28a756496c1460ca5d72faff,25/05/2025,2026-05-10 16:00:00,Fulham,Man City,1x2,away,1.7000000000000002,2.11,,-0.1961,False,settled,19.0,25629049104.0,d8ffc90e600c278c28a756496c1460ca5d72faff,,2.11,1.7000000000000002,-0.1961,,,,A,True,0.7
22e656e651094e3f1427,8d66eb92ba63ec43,2026-05-10T12:44:24.885526+00:00,19,25629049104,d8ffc90e600c278c28a756496c1460ca5d72faff,25/05/2025,2026-05-10 16:00:00,Ipswich,West Ham,1x2,home,1.33,3.98,,-0.6655,False,settled,19.0,25629049104.0,d8ffc90e600c278c28a756496c1460ca5d72faff,,3.98,1.33,-0.6655,,,,A,False,-1.0
e066e67d95e0bea5fbe7,8d66eb92ba63ec43,2026-05-10T12:44:24.885531+00:00,19,25629049104,d8ffc90e600c278c28a756496c1460ca5d72faff,25/05/2025,2026-05-10 16:00:00,Ipswich,West Ham,1x2,draw,5.5,2.86,,0.9222,True,settled,19.0,25629049104.0,d8ffc90e600c278c28a756496c1460ca5d72faff,,2.86,5.5,0.9222,,,,A,False,-1.0
d3bc250ec0793433bd18,8d66eb92ba63ec43,2026-05-10T12:44:24.885537+00:00,19,25629049104,d8ffc90e600c278c28a756496c1460ca5d72faff,25/05/2025,2026-05-10 16:00:00,Ipswich,West Ham,1x2,away,8.5,2.51,,2.3873,True,settled,19.0,25629049104.0,d8ffc90e600c278c28a756496c1460ca5d72faff,,2.51,8.5,2.3873,,,,A,True,7.5
53625cb2ceffd7ddf829,9a91806786d780f5,2026-05-10T12:44:24.885712+00:00,19,25629049104,d8ffc90e600c278c28a756496c1460ca5d72faff,25/05/2025,2026-05-10 16:00:00,Liverpool,Crystal Palace,1x2,home,3.0,2.23,,0.3428,True,settled,19.0,25629049104.0,d8ffc90e600c278c28a756496c1460ca5d72faff,,2.23,3.0,0.3428,,,,D,False,-1.0
2cfc9f561df30d2f921c,9a91806786d780f5,2026-05-10T12:44:24.885718+00:00,19,25629049104,d8ffc90e600c278c28a756496c1460ca5d72faff,25/05/2025,2026-05-10 16:00:00,Liverpool,Crystal Palace,1x2,draw,3.75,5.11,,-0.2669,False,settled,19.0,25629049104.0,d8ffc90e600c278c28a756496c1460ca5d72faff,,5.11,3.75,-0.2669,,,,D,True,2.75
0ea7fd0d396a03fa23f8,9a91806786d780f5,2026-05-10T12:44:24.885722+00:00,19,25629049104,d8ffc90e600c278c28a756496c1460ca5d72faff,25/05/2025,2026-05-10 16:00:00,Liverpool,Crystal Palace,1x2,away,2.2,3.22,,-0.3178,False,settled,19.0,25629049104.0,d8ffc90e600c278c28a756496c1460ca5d72faff,,3.22,2.2,-0.3178,,,,D,False,-1.0
4edfb64b03a3a5f39354,8d5cab024e2abc54,2026-05-10T12:44:24.885871+00:00,19,25629049104,d8ffc90e600c278c28a756496c1460ca5d72faff,25/05/2025,2026-05-10 16:00:00,Newcastle,Everton,1x2,home,8.5,2.73,,2.1136,True,settled,19.0,25629049104.0,d8ffc90e600c278c28a756496c1460ca5d72faff,,2.73,8.5,2.1136,,,,A,False,-1.0
87fb95db1da82e6c99e1,8d5cab024e2abc54,2026-05-10T12:44:24.885875+00:00,19,25629049104,d8ffc90e600c278c28a756496c1460ca5d72faff,25/05/2025,2026-05-10 16:00:00,Newcastle,Everton,1x2,draw,6.0,3.84,,0.5624,True,settled,19.0,25629049104.0,d8ffc90e600c278c28a756496c1460ca5d72faff,,3.84,6.0,0.5624,,,,A,False,-1.0
8489e461f59d0c7affe0,8d5cab024e2abc54,2026-05-10T12:44:24.885878+00:00,19,25629049104,d8ffc90e600c278c28a756496c1460ca5d72faff,25/05/2025,2026-05-10 16:00:00,Newcastle,Everton,1x2,away,1.3,2.7199999999999998,,-0.5212,False,settled,19.0,25629049104.0,d8ffc90e600c278c28a756496c1460ca5d72faff,,2.7199999999999998,1.3,-0.5212,,,,A,True,0.3
8193480ff4353ada45ab,33323553dbf58152,2026-05-10T12:44:24.886024+00:00,19,25629049104,d8ffc90e600c278c28a756496c1460ca5d72faff,25/05/2025,2026-05-10 16:00:00,Southampton,Arsenal,1x2,home,4.2,2.81,,0.4948,True,settled,19.0,25629049104.0,d8ffc90e600c278c28a756496c1460ca5d72faff,,2.81,4.2,0.4948,,,,A,False,-1.0
9483a752161c57046cbb,33323553dbf58152,2026-05-10T12:44:24.886028+00:00,19,25629049104,d8ffc90e600c278c28a756496c1460ca5d72faff,25/05/2025,2026-05-10 16:00:00,Southampton,Arsenal,1x2,draw,4.33,2.99,,0.44670000000000004,True,settled,19.0,25629049104.0,d8ffc90e600c278c28a756496c1460ca5d72faff,,2.99,4.33,0.44670000000000004,,,,A,False,-1.0
e29aebe08c6fdde0e67a,33323553dbf58152,2026-05-10T12:44:24.886032+00:00,19,25629049104,d8ffc90e600c278c28a756496c1460ca5d72faff,25/05/2025,2026-05-10 16:00:00,Southampton,Arsenal,1x2,away,1.7000000000000002,3.23,,-0.47400000000000003,False,settled,19.0,25629049104.0,d8ffc90e600c278c28a756496c1460ca5d72faff,,3.23,1.7000000000000002,-0.47400000000000003,,,,A,True,0.7
b971c9dd586a946f2763,be0df45f963eaff0,2026-05-10T12:44:24.886178+00:00,19,25629049104,d8ffc90e600c278c28a756496c1460ca5d72faff,25/05/2025,2026-05-10 16:00:00,Tottenham,Brighton,1x2,home,2.7,1.83,,0.4753,True,settled,19.0,25629049104.0,d8ffc90e600c278c28a756496c1460ca5d72faff,,1.83,2.7,0.4753,,,,A,False,-1.0
e43d42d3b2a8c07e9b95,be0df45f963eaff0,2026-05-10T12:44:24.886183+00:00,19,25629049104,d8ffc90e600c278c28a756496c1460ca5d72faff,25/05/2025,2026-05-10 16:00:00,Tottenham,Brighton,1x2,draw,3.7,5.55,,-0.33290000000000003,False,settled,19.0,25629049104.0,d8ffc90e600c278c28a756496c1460ca5d72faff,,5.55,3.7,-0.33290000000000003,,,,A,False,-1.0
b14bc27c4a8673c5f79e,be0df45f963eaff0,2026-05-10T12:44:24.886186+00:00,19,25629049104,d8ffc90e600c278c28a756496c1460ca5d72faff,25/05/2025,2026-05-10 16:00:00,Tottenham,Brighton,1x2,away,2.45,4.6,,-0.4671,False,settled,19.0,25629049104.0,d8ffc90e600c278c28a756496c1460ca5d72faff,,4.6,2.45,-0.4671,,,,A,True,1.45
67afd8de1b199fcbcdc5,2a691efdcabd5210,2026-05-10T12:45:18.926530+00:00,20,25629068427,d5224d88cdedc129d22514c7d1e9987b6194feee,25/05/2025,2026-05-10 16:00:00,Bournemouth,Leicester,1x2,home,1.4,3.24,,-0.5673,False,settled,20.0,25629068427.0,d5224d88cdedc129d22514c7d1e9987b6194feee,,3.24,1.4,-0.5673,,,,H,True,0.4
006cb95947b031497b4b,2a691efdcabd5210,2026-05-10T12:45:18.926551+00:00,20,25629068427,d5224d88cdedc129d22514c7d1e9987b6194feee,25/05/2025,2026-05-10 16:00:00,Bournemouth,Leicester,1x2,draw,6.0,3.07,,0.9560000000000001,True,settled,20.0,25629068427.0,d5224d88cdedc129d22514c7d1e9987b6194feee,,3.07,6.0,0.9560000000000001,,,,H,False,-1.0
c935bb04040f4906cc2d,2a691efdcabd5210,2026-05-10T12:45:18.926557+00:00,20,25629068427,d5224d88cdedc129d22514c7d1e9987b6194feee,25/05/2025,2026-05-10 16:00:00,Bournemouth,Leicester,1x2,away,5.75,2.75,,1.0942,True,settled,20.0,25629068427.0,d5224d88cdedc129d22514c7d1e9987b6194feee,,2.75,5.75,1.0942,,,,H,False,-1.0
f97846c5be5b395703ed,8cad521ef9456875,2026-05-10T12:45:18.926836+00:00,20,25629068427,d5224d88cdedc129d22514c7d1e9987b6194feee,25/05/2025,2026-05-10 16:00:00,Fulham,Man City,1x2,home,4.33,3.44,,0.2596,True,settled,20.0,25629068427.0,d5224d88cdedc129d22514c7d1e9987b6194feee,,3.44,4.33,0.2596,,,,A,False,-1.0
93b9f5858df1b9ff2db1,8cad521ef9456875,2026-05-10T12:45:18.926846+00:00,20,25629068427,d5224d88cdedc129d22514c7d1e9987b6194feee,25/05/2025,2026-05-10 16:00:00,Fulham,Man City,1x2,draw,4.2,4.8,,-0.12510000000000002,False,settled,20.0,25629068427.0,d5224d88cdedc129d22514c7d1e9987b6194feee,,4.8,4.2,-0.12510000000000002,,,,A,False,-1.0
46ab9cf59e960d280d65,8cad521ef9456875,2026-05-10T12:45:18.926850+00:00,20,25629068427,d5224d88cdedc129d22514c7d1e9987b6194feee,25/05/2025,2026-05-10 16:00:00,Fulham,Man City,1x2,away,1.7000000000000002,2.11,,-0.1961,False,settled,20.0,25629068427.0,d5224d88cdedc129d22514c7d1e9987b6194feee,,2.11,1.7000000000000002,-0.1961,,,,A,True,0.7
8f2ecc1cc27cbb58982c,8d66eb92ba63ec43,2026-05-10T12:45:18.927083+00:00,20,25629068427,d5224d88cdedc129d22514c7d1e9987b6194feee,25/05/2025,2026-05-10 16:00:00,Ipswich,West Ham,1x2,home,1.33,3.98,,-0.6655,False,settled,20.0,25629068427.0,d5224d88cdedc129d22514c7d1e9987b6194feee,,3.98,1.33,-0.6655,,,,A,False,-1.0
c4ad7137cf08a93d6e06,8d66eb92ba63ec43,2026-05-10T12:45:18.927091+00:00,20,25629068427,d5224d88cdedc129d22514c7d1e9987b6194feee,25/05/2025,2026-05-10 16:00:00,Ipswich,West Ham,1x2,draw,5.5,2.86,,0.9222,True,settled,20.0,25629068427.0,d5224d88cdedc129d22514c7d1e9987b6194feee,,2.86,5.5,0.9222,,,,A,False,-1.0
773749c987f136c51a46,8d66eb92ba63ec43,2026-05-10T12:45:18.927100+00:00,20,25629068427,d5224d88cdedc129d22514c7d1e9987b6194feee,25/05/2025,2026-05-10 16:00:00,Ipswich,West Ham,1x2,away,8.5,2.51,,2.3873,True,settled,20.0,25629068427.0,d5224d88cdedc129d22514c7d1e9987b6194feee,,2.51,8.5,2.3873,,,,A,True,7.5
447113ff7d597fc5d0f7,9a91806786d780f5,2026-05-10T12:45:18.927330+00:00,20,25629068427,d5224d88cdedc129d22514c7d1e9987b6194feee,25/05/2025,2026-05-10 16:00:00,Liverpool,Crystal Palace,1x2,home,3.0,2.23,,0.3428,True,settled,20.0,25629068427.0,d5224d88cdedc129d22514c7d1e9987b6194feee,,2.23,3.0,0.3428,,,,D,False,-1.0
84010b2c708d3ae18022,9a91806786d780f5,2026-05-10T12:45:18.927338+00:00,20,25629068427,d5224d88cdedc129d22514c7d1e9987b6194feee,25/05/2025,2026-05-10 16:00:00,Liverpool,Crystal Palace,1x2,draw,3.75,5.11,,-0.2669,False,settled,20.0,25629068427.0,d5224d88cdedc129d22514c7d1e9987b6194feee,,5.11,3.75,-0.2669,,,,D,True,2.75
34b439633377eca3cfcd,9a91806786d780f5,2026-05-10T12:45:18.927342+00:00,20,25629068427,d5224d88cdedc129d22514c7d1e9987b6194feee,25/05/2025,2026-05-10 16:00:00,Liverpool,Crystal Palace,1x2,away,2.2,3.22,,-0.3178,False,settled,20.0,25629068427.0,d5224d88cdedc129d22514c7d1e9987b6194feee,,3.22,2.2,-0.3178,,,,D,False,-1.0
66309c6be69f5e7fa285,8d5cab024e2abc54,2026-05-10T12:45:18.927550+00:00,20,25629068427,d5224d88cdedc129d22514c7d1e9987b6194feee,25/05/2025,2026-05-10 16:00:00,Newcastle,Everton,1x2,home,8.5,2.73,,2.1136,True,settled,20.0,25629068427.0,d5224d88cdedc129d22514c7d1e9987b6194feee,,2.73,8.5,2.1136,,,,A,False,-1.0
1eb80dc8db733ca45287,8d5cab024e2abc54,2026-05-10T12:45:18.927558+00:00,20,25629068427,d5224d88cdedc129d22514c7d1e9987b6194feee,25/05/2025,2026-05-10 16:00:00,Newcastle,Everton,1x2,draw,6.0,3.84,,0.5624,True,settled,20.0,25629068427.0,d5224d88cdedc129d22514c7d1e9987b6194feee,,3.84,6.0,0.5624,,,,A,False,-1.0
66ac8b9911ac83b317b7,8d5cab024e2abc54,2026-05-10T12:45:18.927562+00:00,20,25629068427,d5224d88cdedc129d22514c7d1e9987b6194feee,25/05/2025,2026-05-10 16:00:00,Newcastle,Everton,1x2,away,1.3,2.7199999999999998,,-0.5212,False,settled,20.0,25629068427.0,d5224d88cdedc129d22514c7d1e9987b6194feee,,2.7199999999999998,1.3,-0.5212,,,,A,True,0.3
a8d2fd9adf23460e69e4,33323553dbf58152,2026-05-10T12:45:18.927805+00:00,20,25629068427,d5224d88cdedc129d22514c7d1e9987b6194feee,25/05/2025,2026-05-10 16:00:00,Southampton,Arsenal,1x2,home,4.2,2.81,,0.4948,True,settled,20.0,25629068427.0,d5224d88cdedc129d22514c7d1e9987b6194feee,,2.81,4.2,0.4948,,,,A,False,-1.0
cc962f03bb1a534bb5f3,33323553dbf58152,2026-05-10T12:45:18.927816+00:00,20,25629068427,d5224d88cdedc129d22514c7d1e9987b6194feee,25/05/2025,2026-05-10 16:00:00,Southampton,Arsenal,1x2,draw,4.33,2.99,,0.44670000000000004,True,settled,20.0,25629068427.0,d5224d88cdedc129d22514c7d1e9987b6194feee,,2.99,4.33,0.44670000000000004,,,,A,False,-1.0
d5c5debe74b62e983fc2,33323553dbf58152,2026-05-10T12:45:18.927821+00:00,20,25629068427,d5224d88cdedc129d22514c7d1e9987b6194feee,25/05/2025,2026-05-10 16:00:00,Southampton,Arsenal,1x2,away,1.7000000000000002,3.23,,-0.47400000000000003,False,settled,20.0,25629068427.0,d5224d88cdedc129d22514c7d1e9987b6194feee,,3.23,1.7000000000000002,-0.47400000000000003,,,,A,True,0.7
4a9e7b7adb5407c2f6ba,be0df45f963eaff0,2026-05-10T12:45:18.928100+00:00,20,25629068427,d5224d88cdedc129d22514c7d1e9987b6194feee,25/05/2025,2026-05-10 16:00:00,Tottenham,Brighton,1x2,home,2.7,1.83,,0.4753,True,settled,20.0,25629068427.0,d5224d88cdedc129d22514c7d1e9987b6194feee,,1.83,2.7,0.4753,,,,A,False,-1.0
99a2202b999a9fdbb12d,be0df45f963eaff0,2026-05-10T12:45:18.928112+00:00,20,25629068427,d5224d88cdedc129d22514c7d1e9987b6194feee,25/05/2025,2026-05-10 16:00:00,Tottenham,Brighton,1x2,draw,3.7,5.55,,-0.33290000000000003,False,settled,20.0,25629068427.0,d5224d88cdedc129d22514c7d1e9987b6194feee,,5.55,3.7,-0.33290000000000003,,,,A,False,-1.0
5baeda71ac8dae71034d,be0df45f963eaff0,2026-05-10T12:45:18.928116+00:00,20,25629068427,d5224d88cdedc129d22514c7d1e9987b6194feee,25/05/2025,2026-05-10 16:00:00,Tottenham,Brighton,1x2,away,2.45,4.6,,-0.4671,False,settled,20.0,25629068427.0,d5224d88cdedc129d22514c7d1e9987b6194feee,,4.6,2.45,-0.4671,,,,A,True,1.45
bde390b601eb57de7de9,2a691efdcabd5210,2026-05-10T12:46:28.643342+00:00,21,25629092410,32d5801ba983fb73cf0f6282f069179ee852847b,25/05/2025,2026-05-10 16:00:00,Bournemouth,Leicester,1x2,home,1.4,3.24,,-0.5673,False,settled,21.0,25629092410.0,32d5801ba983fb73cf0f6282f069179ee852847b,,3.24,1.4,-0.5673,,,,H,True,0.4
4c1ae88958a043b0c8c6,2a691efdcabd5210,2026-05-10T12:46:28.643360+00:00,21,25629092410,32d5801ba983fb73cf0f6282f069179ee852847b,25/05/2025,2026-05-10 16:00:00,Bournemouth,Leicester,1x2,draw,6.0,3.07,,0.9560000000000001,True,settled,21.0,25629092410.0,32d5801ba983fb73cf0f6282f069179ee852847b,,3.07,6.0,0.9560000000000001,,,,H,False,-1.0
c7142a956d4f452abd1b,2a691efdcabd5210,2026-05-10T12:46:28.643366+00:00,21,25629092410,32d5801ba983fb73cf0f6282f069179ee852847b,25/05/2025,2026-05-10 16:00:00,Bournemouth,Leicester,1x2,away,5.75,2.75,,1.0942,True,settled,21.0,25629092410.0,32d5801ba983fb73cf0f6282f069179ee852847b,,2.75,5.75,1.0942,,,,H,False,-1.0
3ea2444290e6b87149b0,8cad521ef9456875,2026-05-10T12:46:28.643627+00:00,21,25629092410,32d5801ba983fb73cf0f6282f069179ee852847b,25/05/2025,2026-05-10 16:00:00,Fulham,Man City,1x2,home,4.33,3.44,,0.2596,True,settled,21.0,25629092410.0,32d5801ba983fb73cf0f6282f069179ee852847b,,3.44,4.33,0.2596,,,,A,False,-1.0
c26d425248c5a49b0eeb,8cad521ef9456875,2026-05-10T12:46:28.643636+00:00,21,25629092410,32d5801ba983fb73cf0f6282f069179ee852847b,25/05/2025,2026-05-10 16:00:00,Fulham,Man City,1x2,draw,4.2,4.8,,-0.12510000000000002,False,settled,21.0,25629092410.0,32d5801ba983fb73cf0f6282f069179ee852847b,,4.8,4.2,-0.12510000000000002,,,,A,False,-1.0
99bf8bbbab588952e2a0,8cad521ef9456875,2026-05-10T12:46:28.643641+00:00,21,25629092410,32d5801ba983fb73cf0f6282f069179ee852847b,25/05/2025,2026-05-10 16:00:00,Fulham,Man City,1x2,away,1.7000000000000002,2.11,,-0.1961,False,settled,21.0,25629092410.0,32d5801ba983fb73cf0f6282f069179ee852847b,,2.11,1.7000000000000002,-0.1961,,,,A,True,0.7
628db382e7047491eefa,8d66eb92ba63ec43,2026-05-10T12:46:28.643911+00:00,21,25629092410,32d5801ba983fb73cf0f6282f069179ee852847b,25/05/2025,2026-05-10 16:00:00,Ipswich,West Ham,1x2,home,1.33,3.98,,-0.6655,False,settled,21.0,25629092410.0,32d5801ba983fb73cf0f6282f069179ee852847b,,3.98,1.33,-0.6655,,,,A,False,-1.0
a1e333baa5128ba787aa,8d66eb92ba63ec43,2026-05-10T12:46:28.643921+00:00,21,25629092410,32d5801ba983fb73cf0f6282f069179ee852847b,25/05/2025,2026-05-10 16:00:00,Ipswich,West Ham,1x2,draw,5.5,2.86,,0.9222,True,settled,21.0,25629092410.0,32d5801ba983fb73cf0f6282f069179ee852847b,,2.86,5.5,0.9222,,,,A,False,-1.0
0676b1c5010020fc4f5e,8d66eb92ba63ec43,2026-05-10T12:46:28.643930+00:00,21,25629092410,32d5801ba983fb73cf0f6282f069179ee852847b,25/05/2025,2026-05-10 16:00:00,Ipswich,West Ham,1x2,away,8.5,2.51,,2.3873,True,settled,21.0,25629092410.0,32d5801ba983fb73cf0f6282f069179ee852847b,,2.51,8.5,2.3873,,,,A,True,7.5
f4c2f078be5a0f48c559,9a91806786d780f5,2026-05-10T12:46:28.644158+00:00,21,25629092410,32d5801ba983fb73cf0f6282f069179ee852847b,25/05/2025,2026-05-10 16:00:00,Liverpool,Crystal Palace,1x2,home,3.0,2.23,,0.3428,True,settled,21.0,25629092410.0,32d5801ba983fb73cf0f6282f069179ee852847b,,2.23,3.0,0.3428,,,,D,False,-1.0
03edadb6e822fc1f9c82,9a91806786d780f5,2026-05-10T12:46:28.644166+00:00,21,25629092410,32d5801ba983fb73cf0f6282f069179ee852847b,25/05/2025,2026-05-10 16:00:00,Liverpool,Crystal Palace,1x2,draw,3.75,5.11,,-0.2669,False,settled,21.0,25629092410.0,32d5801ba983fb73cf0f6282f069179ee852847b,,5.11,3.75,-0.2669,,,,D,True,2.75
673d443ea9a7950734b1,9a91806786d780f5,2026-05-10T12:46:28.644170+00:00,21,25629092410,32d5801ba983fb73cf0f6282f069179ee852847b,25/05/2025,2026-05-10 16:00:00,Liverpool,Crystal Palace,1x2,away,2.2,3.22,,-0.3178,False,settled,21.0,25629092410.0,32d5801ba983fb73cf0f6282f069179ee852847b,,3.22,2.2,-0.3178,,,,D,False,-1.0
20a422033586f2f3f687,8d5cab024e2abc54,2026-05-10T12:46:28.644394+00:00,21,25629092410,32d5801ba983fb73cf0f6282f069179ee852847b,25/05/2025,2026-05-10 16:00:00,Newcastle,Everton,1x2,home,8.5,2.73,,2.1136,True,settled,21.0,25629092410.0,32d5801ba983fb73cf0f6282f069179ee852847b,,2.73,8.5,2.1136,,,,A,False,-1.0
3a8170fa608f7ec7a3ef,8d5cab024e2abc54,2026-05-10T12:46:28.644402+00:00,21,25629092410,32d5801ba983fb73cf0f6282f069179ee852847b,25/05/2025,2026-05-10 16:00:00,Newcastle,Everton,1x2,draw,6.0,3.84,,0.5624,True,settled,21.0,25629092410.0,32d5801ba983fb73cf0f6282f069179ee852847b,,3.84,6.0,0.5624,,,,A,False,-1.0
124263760bf0306f75f3,8d5cab024e2abc54,2026-05-10T12:46:28.644406+00:00,21,25629092410,32d5801ba983fb73cf0f6282f069179ee852847b,25/05/2025,2026-05-10 16:00:00,Newcastle,Everton,1x2,away,1.3,2.7199999999999998,,-0.5212,False,settled,21.0,25629092410.0,32d5801ba983fb73cf0f6282f069179ee852847b,,2.7199999999999998,1.3,-0.5212,,,,A,True,0.3
de3681aa4b563653593d,33323553dbf58152,2026-05-10T12:46:28.644632+00:00,21,25629092410,32d5801ba983fb73cf0f6282f069179ee852847b,25/05/2025,2026-05-10 16:00:00,Southampton,Arsenal,1x2,home,4.2,2.81,,0.4948,True,settled,21.0,25629092410.0,32d5801ba983fb73cf0f6282f069179ee852847b,,2.81,4.2,0.4948,,,,A,False,-1.0
01ddc7e00c9719d48aba,33323553dbf58152,2026-05-10T12:46:28.644640+00:00,21,25629092410,32d5801ba983fb73cf0f6282f069179ee852847b,25/05/2025,2026-05-10 16:00:00,Southampton,Arsenal,1x2,draw,4.33,2.99,,0.44670000000000004,True,settled,21.0,25629092410.0,32d5801ba983fb73cf0f6282f069179ee852847b,,2.99,4.33,0.44670000000000004,,,,A,False,-1.0
d7eca6f1297d2a6b2606,33323553dbf58152,2026-05-10T12:46:28.644644+00:00,21,25629092410,32d5801ba983fb73cf0f6282f069179ee852847b,25/05/2025,2026-05-10 16:00:00,Southampton,Arsenal,1x2,away,1.7000000000000002,3.23,,-0.47400000000000003,False,settled,21.0,25629092410.0,32d5801ba983fb73cf0f6282f069179ee852847b,,3.23,1.7000000000000002,-0.47400000000000003,,,,A,True,0.7
942cbddd9883a5f87615,be0df45f963eaff0,2026-05-10T12:46:28.644897+00:00,21,25629092410,32d5801ba983fb73cf0f6282f069179ee852847b,25/05/2025,2026-05-10 16:00:00,Tottenham,Brighton,1x2,home,2.7,1.83,,0.4753,True,settled,21.0,25629092410.0,32d5801ba983fb73cf0f6282f069179ee852847b,,1.83,2.7,0.4753,,,,A,False,-1.0
3141e6a4f0c5ff033d2e,be0df45f963eaff0,2026-05-10T12:46:28.644905+00:00,21,25629092410,32d5801ba983fb73cf0f6282f069179ee852847b,25/05/2025,2026-05-10 16:00:00,Tottenham,Brighton,1x2,draw,3.7,5.55,,-0.33290000000000003,False,settled,21.0,25629092410.0,32d5801ba983fb73cf0f6282f069179ee852847b,,5.55,3.7,-0.33290000000000003,,,,A,False,-1.0
2b1da5e382055813162f,be0df45f963eaff0,2026-05-10T12:46:28.644909+00:00,21,25629092410,32d5801ba983fb73cf0f6282f069179ee852847b,25/05/2025,2026-05-10 16:00:00,Tottenham,Brighton,1x2,away,2.45,4.6,,-0.4671,False,settled,21.0,25629092410.0,32d5801ba983fb73cf0f6282f069179ee852847b,,4.6,2.45,-0.4671,,,,A,True,1.45
f16941a3a79708ef7730,2a691efdcabd5210,2026-05-10T13:00:18.390278+00:00,22,25629372062,098c17be12a320aad774f635caf538bb69edc60c,25/05/2025,2026-05-10 16:00:00,Bournemouth,Leicester,1x2,home,1.4,3.24,,-0.5673,False,settled,22.0,25629372062.0,098c17be12a320aad774f635caf538bb69edc60c,,3.24,1.4,-0.5673,,,,H,True,0.4
f1a8c0bcd8d175840ae4,2a691efdcabd5210,2026-05-10T13:00:18.390309+00:00,22,25629372062,098c17be12a320aad774f635caf538bb69edc60c,25/05/2025,2026-05-10 16:00:00,Bournemouth,Leicester,1x2,draw,6.0,3.07,,0.9560000000000001,True,settled,22.0,25629372062.0,098c17be12a320aad774f635caf538bb69edc60c,,3.07,6.0,0.9560000000000001,,,,H,False,-1.0
517dd1b37a1779a66fc9,2a691efdcabd5210,2026-05-10T13:00:18.390318+00:00,22,25629372062,098c17be12a320aad774f635caf538bb69edc60c,25/05/2025,2026-05-10 16:00:00,Bournemouth,Leicester,1x2,away,5.75,2.75,,1.0942,True,settled,22.0,25629372062.0,098c17be12a320aad774f635caf538bb69edc60c,,2.75,5.75,1.0942,,,,H,False,-1.0
a2e44438e43cffb58250,8cad521ef9456875,2026-05-10T13:00:18.390778+00:00,22,25629372062,098c17be12a320aad774f635caf538bb69edc60c,25/05/2025,2026-05-10 16:00:00,Fulham,Man City,1x2,home,4.33,3.44,,0.2596,True,settled,22.0,25629372062.0,098c17be12a320aad774f635caf538bb69edc60c,,3.44,4.33,0.2596,,,,A,False,-1.0
32014f725e94f9201c7f,8cad521ef9456875,2026-05-10T13:00:18.390796+00:00,22,25629372062,098c17be12a320aad774f635caf538bb69edc60c,25/05/2025,2026-05-10 16:00:00,Fulham,Man City,1x2,draw,4.2,4.8,,-0.12510000000000002,False,settled,22.0,25629372062.0,098c17be12a320aad774f635caf538bb69edc60c,,4.8,4.2,-0.12510000000000002,,,,A,False,-1.0
75cc9ccb0206ccf6a6af,8cad521ef9456875,2026-05-10T13:00:18.390805+00:00,22,25629372062,098c17be12a320aad774f635caf538bb69edc60c,25/05/2025,2026-05-10 16:00:00,Fulham,Man City,1x2,away,1.7000000000000002,2.11,,-0.1961,False,settled,22.0,25629372062.0,098c17be12a320aad774f635caf538bb69edc60c,,2.11,1.7000000000000002,-0.1961,,,,A,True,0.7
a3602b459e91923ba0d8,8d66eb92ba63ec43,2026-05-10T13:00:18.391288+00:00,22,25629372062,098c17be12a320aad774f635caf538bb69edc60c,25/05/2025,2026-05-10 16:00:00,Ipswich,West Ham,1x2,home,1.33,3.98,,-0.6655,False,settled,22.0,25629372062.0,098c17be12a320aad774f635caf538bb69edc60c,,3.98,1.33,-0.6655,,,,A,False,-1.0
65ca3e5889ec50a1870c,8d66eb92ba63ec43,2026-05-10T13:00:18.391305+00:00,22,25629372062,098c17be12a320aad774f635caf538bb69edc60c,25/05/2025,2026-05-10 16:00:00,Ipswich,West Ham,1x2,draw,5.5,2.86,,0.9222,True,settled,22.0,25629372062.0,098c17be12a320aad774f635caf538bb69edc60c,,2.86,5.5,0.9222,,,,A,False,-1.0
5764f94257b11146aac2,8d66eb92ba63ec43,2026-05-10T13:00:18.391321+00:00,22,25629372062,098c17be12a320aad774f635caf538bb69edc60c,25/05/2025,2026-05-10 16:00:00,Ipswich,West Ham,1x2,away,8.5,2.51,,2.3873,True,settled,22.0,25629372062.0,098c17be12a320aad774f635caf538bb69edc60c,,2.51,8.5,2.3873,,,,A,True,7.5
1f4760497a6b2c538b9f,9a91806786d780f5,2026-05-10T13:00:18.391756+00:00,22,25629372062,098c17be12a320aad774f635caf538bb69edc60c,25/05/2025,2026-05-10 16:00:00,Liverpool,Crystal Palace,1x2,home,3.0,2.23,,0.3428,True,settled,22.0,25629372062.0,098c17be12a320aad774f635caf538bb69edc60c,,2.23,3.0,0.3428,,,,D,False,-1.0
471f89d6c8a0b8930003,9a91806786d780f5,2026-05-10T13:00:18.391772+00:00,22,25629372062,098c17be12a320aad774f635caf538bb69edc60c,25/05/2025,2026-05-10 16:00:00,Liverpool,Crystal Palace,1x2,draw,3.75,5.11,,-0.2669,False,settled,22.0,25629372062.0,098c17be12a320aad774f635caf538bb69edc60c,,5.11,3.75,-0.2669,,,,D,True,2.75
edd7653ab5b40567f996,9a91806786d780f5,2026-05-10T13:00:18.391782+00:00,22,25629372062,098c17be12a320aad774f635caf538bb69edc60c,25/05/2025,2026-05-10 16:00:00,Liverpool,Crystal Palace,1x2,away,2.2,3.22,,-0.3178,False,settled,22.0,25629372062.0,098c17be12a320aad774f635caf538bb69edc60c,,3.22,2.2,-0.3178,,,,D,False,-1.0
8623f48ca228554b5868,8d5cab024e2abc54,2026-05-10T13:00:18.392165+00:00,22,25629372062,098c17be12a320aad774f635caf538bb69edc60c,25/05/2025,2026-05-10 16:00:00,Newcastle,Everton,1x2,home,8.5,2.73,,2.1136,True,settled,22.0,25629372062.0,098c17be12a320aad774f635caf538bb69edc60c,,2.73,8.5,2.1136,,,,A,False,-1.0
949c1a41b5572d00c130,8d5cab024e2abc54,2026-05-10T13:00:18.392179+00:00,22,25629372062,098c17be12a320aad774f635caf538bb69edc60c,25/05/2025,2026-05-10 16:00:00,Newcastle,Everton,1x2,draw,6.0,3.84,,0.5624,True,settled,22.0,25629372062.0,098c17be12a320aad774f635caf538bb69edc60c,,3.84,6.0,0.5624,,,,A,False,-1.0
a0e3d113f8b527b03d52,8d5cab024e2abc54,2026-05-10T13:00:18.392187+00:00,22,25629372062,098c17be12a320aad774f635caf538bb69edc60c,25/05/2025,2026-05-10 16:00:00,Newcastle,Everton,1x2,away,1.3,2.7199999999999998,,-0.5212,False,settled,22.0,25629372062.0,098c17be12a320aad774f635caf538bb69edc60c,,2.7199999999999998,1.3,-0.5212,,,,A,True,0.3
ad93940b798bd54f474c,33323553dbf58152,2026-05-10T13:00:18.392588+00:00,22,25629372062,098c17be12a320aad774f635caf538bb69edc60c,25/05/2025,2026-05-10 16:00:00,Southampton,Arsenal,1x2,home,4.2,2.81,,0.4948,True,settled,22.0,25629372062.0,098c17be12a320aad774f635caf538bb69edc60c,,2.81,4.2,0.4948,,,,A,False,-1.0
70725d3eddda29a7398e,33323553dbf58152,2026-05-10T13:00:18.392601+00:00,22,25629372062,098c17be12a320aad774f635caf538bb69edc60c,25/05/2025,2026-05-10 16:00:00,Southampton,Arsenal,1x2,draw,4.33,2.99,,0.44670000000000004,True,settled,22.0,25629372062.0,098c17be12a320aad774f635caf538bb69edc60c,,2.99,4.33,0.44670000000000004,,,,A,False,-1.0
62ee3f445d8eca96be3d,33323553dbf58152,2026-05-10T13:00:18.392609+00:00,22,25629372062,098c17be12a320aad774f635caf538bb69edc60c,25/05/2025,2026-05-10 16:00:00,Southampton,Arsenal,1x2,away,1.7000000000000002,3.23,,-0.47400000000000003,False,settled,22.0,25629372062.0,098c17be12a320aad774f635caf538bb69edc60c,,3.23,1.7000000000000002,-0.47400000000000003,,,,A,True,0.7
06c25df182c882233bfa,be0df45f963eaff0,2026-05-10T13:00:18.392983+00:00,22,25629372062,098c17be12a320aad774f635caf538bb69edc60c,25/05/2025,2026-05-10 16:00:00,Tottenham,Brighton,1x2,home,2.7,1.83,,0.4753,True,settled,22.0,25629372062.0,098c17be12a320aad774f635caf538bb69edc60c,,1.83,2.7,0.4753,,,,A,False,-1.0
c3370be947bfe260fd0c,be0df45f963eaff0,2026-05-10T13:00:18.392996+00:00,22,25629372062,098c17be12a320aad774f635caf538bb69edc60c,25/05/2025,2026-05-10 16:00:00,Tottenham,Brighton,1x2,draw,3.7,5.55,,-0.33290000000000003,False,settled,22.0,25629372062.0,098c17be12a320aad774f635caf538bb69edc60c,,5.55,3.7,-0.33290000000000003,,,,A,False,-1.0
9824dd164df2e3749168,be0df45f963eaff0,2026-05-10T13:00:18.393003+00:00,22,25629372062,098c17be12a320aad774f635caf538bb69edc60c,25/05/2025,2026-05-10 16:00:00,Tottenham,Brighton,1x2,away,2.45,4.6,,-0.4671,False,settled,22.0,25629372062.0,098c17be12a320aad774f635caf538bb69edc60c,,4.6,2.45,-0.4671,,,,A,True,1.45
776a06c4de5f69de86c5,2a691efdcabd5210,2026-05-10T13:19:00.549379+00:00,26,25629760625,d272aa7047999b1f3cfc06bd733a245bc8366faa,25/05/2025,2026-05-10 16:00:00,Bournemouth,Leicester,1x2,home,1.4,3.24,0.30910000000000004,-0.5673,False,settled,26.0,25629760625.0,d272aa7047999b1f3cfc06bd733a245bc8366faa,0.30910000000000004,3.24,1.4,-0.5673,,,,H,True,0.4
161aafb6d0b48ab44b8b,2a691efdcabd5210,2026-05-10T13:19:00.549398+00:00,26,25629760625,d272aa7047999b1f3cfc06bd733a245bc8366faa,25/05/2025,2026-05-10 16:00:00,Bournemouth,Leicester,1x2,draw,6.0,3.07,0.326,0.9560000000000001,False,settled,26.0,25629760625.0,d272aa7047999b1f3cfc06bd733a245bc8366faa,0.326,3.07,6.0,0.9560000000000001,,,,H,False,-1.0
bc71cdd4db510b378d4f,2a691efdcabd5210,2026-05-10T13:19:00.549405+00:00,26,25629760625,d272aa7047999b1f3cfc06bd733a245bc8366faa,25/05/2025,2026-05-10 16:00:00,Bournemouth,Leicester,1x2,away,5.75,2.75,0.3642,1.0942,True,settled,26.0,25629760625.0,d272aa7047999b1f3cfc06bd733a245bc8366faa,0.3642,2.75,5.75,1.0942,,,,H,False,-1.0
130e7dbfa8ab7ec806db,8cad521ef9456875,2026-05-10T13:19:00.549656+00:00,26,25629760625,d272aa7047999b1f3cfc06bd733a245bc8366faa,25/05/2025,2026-05-10 16:00:00,Fulham,Man City,1x2,home,4.33,3.44,0.2909,0.2596,False,settled,26.0,25629760625.0,d272aa7047999b1f3cfc06bd733a245bc8366faa,0.2909,3.44,4.33,0.2596,,,,A,False,-1.0
1fb593f0e40993b870cc,8cad521ef9456875,2026-05-10T13:19:00.549667+00:00,26,25629760625,d272aa7047999b1f3cfc06bd733a245bc8366faa,25/05/2025,2026-05-10 16:00:00,Fulham,Man City,1x2,draw,4.2,4.8,0.2083,-0.12510000000000002,False,settled,26.0,25629760625.0,d272aa7047999b1f3cfc06bd733a245bc8366faa,0.2083,4.8,4.2,-0.12510000000000002,,,,A,False,-1.0
561520a5b2c93e434dcf,8cad521ef9456875,2026-05-10T13:19:00.549673+00:00,26,25629760625,d272aa7047999b1f3cfc06bd733a245bc8366faa,25/05/2025,2026-05-10 16:00:00,Fulham,Man City,1x2,away,1.7000000000000002,2.11,0.47290000000000004,-0.1961,False,settled,26.0,25629760625.0,d272aa7047999b1f3cfc06bd733a245bc8366faa,0.47290000000000004,2.11,1.7000000000000002,-0.1961,,,,A,True,0.7
2437b20d5b5d0dde569b,8d66eb92ba63ec43,2026-05-10T13:19:00.549901+00:00,26,25629760625,d272aa7047999b1f3cfc06bd733a245bc8366faa,25/05/2025,2026-05-10 16:00:00,Ipswich,West Ham,1x2,home,1.33,3.98,0.2515,-0.6655,False,settled,26.0,25629760625.0,d272aa7047999b1f3cfc06bd733a245bc8366faa,0.2515,3.98,1.33,-0.6655,,,,A,False,-1.0
4ed59d28d6f5e9c6f098,8d66eb92ba63ec43,2026-05-10T13:19:00.549911+00:00,26,25629760625,d272aa7047999b1f3cfc06bd733a245bc8366faa,25/05/2025,2026-05-10 16:00:00,Ipswich,West Ham,1x2,draw,5.5,2.86,0.34950000000000003,0.9222,False,settled,26.0,25629760625.0,d272aa7047999b1f3cfc06bd733a245bc8366faa,0.34950000000000003,2.86,5.5,0.9222,,,,A,False,-1.0
b627b01b1e7a4d08b77f,8d66eb92ba63ec43,2026-05-10T13:19:00.549918+00:00,26,25629760625,d272aa7047999b1f3cfc06bd733a245bc8366faa,25/05/2025,2026-05-10 16:00:00,Ipswich,West Ham,1x2,away,8.5,2.51,0.3985,2.3873,True,settled,26.0,25629760625.0,d272aa7047999b1f3cfc06bd733a245bc8366faa,0.3985,2.51,8.5,2.3873,,,,A,True,7.5
c1c58d6d2d4874ddfcd4,9a91806786d780f5,2026-05-10T13:19:00.550162+00:00,26,25629760625,d272aa7047999b1f3cfc06bd733a245bc8366faa,25/05/2025,2026-05-10 16:00:00,Liverpool,Crystal Palace,1x2,home,3.0,2.23,0.4476,0.3428,True,settled,26.0,25629760625.0,d272aa7047999b1f3cfc06bd733a245bc8366faa,0.4476,2.23,3.0,0.3428,,,,D,False,-1.0
4aa9d87ed06900a6d1c9,9a91806786d780f5,2026-05-10T13:19:00.550172+00:00,26,25629760625,d272aa7047999b1f3cfc06bd733a245bc8366faa,25/05/2025,2026-05-10 16:00:00,Liverpool,Crystal Palace,1x2,draw,3.75,5.11,0.1955,-0.2669,False,settled,26.0,25629760625.0,d272aa7047999b1f3cfc06bd733a245bc8366faa,0.1955,5.11,3.75,-0.2669,,,,D,True,2.75
88eafc642b0af131f516,9a91806786d780f5,2026-05-10T13:19:00.550178+00:00,26,25629760625,d272aa7047999b1f3cfc06bd733a245bc8366faa,25/05/2025,2026-05-10 16:00:00,Liverpool,Crystal Palace,1x2,away,2.2,3.22,0.31010000000000004,-0.3178,False,settled,26.0,25629760625.0,d272aa7047999b1f3cfc06bd733a245bc8366faa,0.31010000000000004,3.22,2.2,-0.3178,,,,D,False,-1.0
6b3e13794881073e5250,8d5cab024e2abc54,2026-05-10T13:19:00.550398+00:00,26,25629760625,d272aa7047999b1f3cfc06bd733a245bc8366faa,25/05/2025,2026-05-10 16:00:00,Newcastle,Everton,1x2,home,8.5,2.73,0.3663,2.1136,True,settled,26.0,25629760625.0,d272aa7047999b1f3cfc06bd733a245bc8366faa,0.3663,2.73,8.5,2.1136,,,,A,False,-1.0
f55701cecb6e4ba775a5,8d5cab024e2abc54,2026-05-10T13:19:00.550407+00:00,26,25629760625,d272aa7047999b1f3cfc06bd733a245bc8366faa,25/05/2025,2026-05-10 16:00:00,Newcastle,Everton,1x2,draw,6.0,3.84,0.2604,0.5624,False,settled,26.0,25629760625.0,d272aa7047999b1f3cfc06bd733a245bc8366faa,0.2604,3.84,6.0,0.5624,,,,A,False,-1.0
881f928a2f370dddfb6c,8d5cab024e2abc54,2026-05-10T13:19:00.550413+00:00,26,25629760625,d272aa7047999b1f3cfc06bd733a245bc8366faa,25/05/2025,2026-05-10 16:00:00,Newcastle,Everton,1x2,away,1.3,2.7199999999999998,0.3683,-0.5212,False,settled,26.0,25629760625.0,d272aa7047999b1f3cfc06bd733a245bc8366faa,0.3683,2.7199999999999998,1.3,-0.5212,,,,A,True,0.3
291d0e66def9c116169f,33323553dbf58152,2026-05-10T13:19:00.550624+00:00,26,25629760625,d272aa7047999b1f3cfc06bd733a245bc8366faa,25/05/2025,2026-05-10 16:00:00,Southampton,Arsenal,1x2,home,4.2,2.81,0.3559,0.4948,True,settled,26.0,25629760625.0,d272aa7047999b1f3cfc06bd733a245bc8366faa,0.3559,2.81,4.2,0.4948,,,,A,False,-1.0
c56199e2ec68c74796e2,33323553dbf58152,2026-05-10T13:19:00.550633+00:00,26,25629760625,d272aa7047999b1f3cfc06bd733a245bc8366faa,25/05/2025,2026-05-10 16:00:00,Southampton,Arsenal,1x2,draw,4.33,2.99,0.3341,0.44670000000000004,False,settled,26.0,25629760625.0,d272aa7047999b1f3cfc06bd733a245bc8366faa,0.3341,2.99,4.33,0.44670000000000004,,,,A,False,-1.0
019d31cdcc8412fa6e8e,33323553dbf58152,2026-05-10T13:19:00.550639+00:00,26,25629760625,d272aa7047999b1f3cfc06bd733a245bc8366faa,25/05/2025,2026-05-10 16:00:00,Southampton,Arsenal,1x2,away,1.7000000000000002,3.23,0.3094,-0.47400000000000003,False,settled,26.0,25629760625.0,d272aa7047999b1f3cfc06bd733a245bc8366faa,0.3094,3.23,1.7000000000000002,-0.47400000000000003,,,,A,True,0.7
ae76428f2915b9d4f259,be0df45f963eaff0,2026-05-10T13:19:00.550855+00:00,26,25629760625,d272aa7047999b1f3cfc06bd733a245bc8366faa,25/05/2025,2026-05-10 16:00:00,Tottenham,Brighton,1x2,home,2.7,1.83,0.5464,0.4753,True,settled,26.0,25629760625.0,d272aa7047999b1f3cfc06bd733a245bc8366faa,0.5464,1.83,2.7,0.4753,,,,A,False,-1.0
889e6e2ed0a474d6e8c9,be0df45f963eaff0,2026-05-10T13:19:00.550864+00:00,26,25629760625,d272aa7047999b1f3cfc06bd733a245bc8366faa,25/05/2025,2026-05-10 16:00:00,Tottenham,Brighton,1x2,draw,3.7,5.55,0.18030000000000002,-0.33290000000000003,False,settled,26.0,25629760625.0,d272aa7047999b1f3cfc06bd733a245bc8366faa,0.18030000000000002,5.55,3.7,-0.33290000000000003,,,,A,False,-1.0
d9a61afee080ff6b1d45,be0df45f963eaff0,2026-05-10T13:19:00.550869+00:00,26,25629760625,d272aa7047999b1f3cfc06bd733a245bc8366faa,25/05/2025,2026-05-10 16:00:00,Tottenham,Brighton,1x2,away,2.45,4.6,0.2175,-0.4671,False,settled,26.0,25629760625.0,d272aa7047999b1f3cfc06bd733a245bc8366faa,0.2175,4.6,2.45,-0.4671,,,,A,True,1.45
6f9ea05e4d9c02412b38,2a691efdcabd5210,2026-05-10T13:41:11.971134+00:00,30,25630225095,913d403a932d36e81f25cc7308e538474780ed2f,25/05/2025,2026-05-10 16:00:00,Bournemouth,Leicester,1x2,home,1.4,3.24,0.30910000000000004,-0.5673,False,settled,,,,,,,,,,,H,True,0.4
48808e13ae85169ced7a,2a691efdcabd5210,2026-05-10T13:41:11.971134+00:00,30,25630225095,913d403a932d36e81f25cc7308e538474780ed2f,25/05/2025,2026-05-10 16:00:00,Bournemouth,Leicester,1x2,draw,6.0,3.07,0.326,0.9560000000000001,False,settled,,,,,,,,,,,H,False,-1.0
cdf0f04885ef18d9b489,2a691efdcabd5210,2026-05-10T13:41:11.971134+00:00,30,25630225095,913d403a932d36e81f25cc7308e538474780ed2f,25/05/2025,2026-05-10 16:00:00,Bournemouth,Leicester,1x2,away,5.75,2.75,0.3642,1.0942,True,settled,,,,,,,,,,,H,False,-1.0
247074a27c25f706e1b4,8cad521ef9456875,2026-05-10T13:41:11.971134+00:00,30,25630225095,913d403a932d36e81f25cc7308e538474780ed2f,25/05/2025,2026-05-10 16:00:00,Fulham,Man City,1x2,home,4.33,3.44,0.2909,0.2596,False,settled,,,,,,,,,,,A,False,-1.0
40d516656187e95448fc,8cad521ef9456875,2026-05-10T13:41:11.971134+00:00,30,25630225095,913d403a932d36e81f25cc7308e538474780ed2f,25/05/2025,2026-05-10 16:00:00,Fulham,Man City,1x2,draw,4.2,4.8,0.2083,-0.12510000000000002,False,settled,,,,,,,,,,,A,False,-1.0
d0276be553a615726986,8cad521ef9456875,2026-05-10T13:41:11.971134+00:00,30,25630225095,913d403a932d36e81f25cc7308e538474780ed2f,25/05/2025,2026-05-10 16:00:00,Fulham,Man City,1x2,away,1.7000000000000002,2.11,0.47290000000000004,-0.1961,False,settled,,,,,,,,,,,A,True,0.7
6f71e3e6e73803415cf1,8d66eb92ba63ec43,2026-05-10T13:41:11.971134+00:00,30,25630225095,913d403a932d36e81f25cc7308e538474780ed2f,25/05/2025,2026-05-10 16:00:00,Ipswich,West Ham,1x2,home,1.33,3.98,0.2515,-0.6655,False,settled,,,,,,,,,,,A,False,-1.0
86b8ff3e620a764e8acc,8d66eb92ba63ec43,2026-05-10T13:41:11.971134+00:00,30,25630225095,913d403a932d36e81f25cc7308e538474780ed2f,25/05/2025,2026-05-10 16:00:00,Ipswich,West Ham,1x2,draw,5.5,2.86,0.34950000000000003,0.9222,False,settled,,,,,,,,,,,A,False,-1.0
7a7c016acf0ca75970ca,8d66eb92ba63ec43,2026-05-10T13:41:11.971134+00:00,30,25630225095,913d403a932d36e81f25cc7308e538474780ed2f,25/05/2025,2026-05-10 16:00:00,Ipswich,West Ham,1x2,away,8.5,2.51,0.3985,2.3873,True,settled,,,,,,,,,,,A,True,7.5
1e63a316578345cf188d,9a91806786d780f5,2026-05-10T13:41:11.971134+00:00,30,25630225095,913d403a932d36e81f25cc7308e538474780ed2f,25/05/2025,2026-05-10 16:00:00,Liverpool,Crystal Palace,1x2,home,3.0,2.23,0.4476,0.3428,True,settled,,,,,,,,,,,D,False,-1.0
099f4db783ef6617091b,9a91806786d780f5,2026-05-10T13:41:11.971134+00:00,30,25630225095,913d403a932d36e81f25cc7308e538474780ed2f,25/05/2025,2026-05-10 16:00:00,Liverpool,Crystal Palace,1x2,draw,3.75,5.11,0.1955,-0.2669,False,settled,,,,,,,,,,,D,True,2.75
dabade25b86f7c483e1d,9a91806786d780f5,2026-05-10T13:41:11.971134+00:00,30,25630225095,913d403a932d36e81f25cc7308e538474780ed2f,25/05/2025,2026-05-10 16:00:00,Liverpool,Crystal Palace,1x2,away,2.2,3.22,0.31010000000000004,-0.3178,False,settled,,,,,,,,,,,D,False,-1.0
6c566bf3520308d5c673,8d5cab024e2abc54,2026-05-10T13:41:11.971134+00:00,30,25630225095,913d403a932d36e81f25cc7308e538474780ed2f,25/05/2025,2026-05-10 16:00:00,Newcastle,Everton,1x2,home,8.5,2.73,0.3663,2.1136,True,settled,,,,,,,,,,,A,False,-1.0
b323fce401dcd4fc471e,8d5cab024e2abc54,2026-05-10T13:41:11.971134+00:00,30,25630225095,913d403a932d36e81f25cc7308e538474780ed2f,25/05/2025,2026-05-10 16:00:00,Newcastle,Everton,1x2,draw,6.0,3.84,0.2604,0.5624,False,settled,,,,,,,,,,,A,False,-1.0
d31c73e4b76f2f4affac,8d5cab024e2abc54,2026-05-10T13:41:11.971134+00:00,30,25630225095,913d403a932d36e81f25cc7308e538474780ed2f,25/05/2025,2026-05-10 16:00:00,Newcastle,Everton,1x2,away,1.3,2.7199999999999998,0.3683,-0.5212,False,settled,,,,,,,,,,,A,True,0.3
0812a199b234b7ea920f,33323553dbf58152,2026-05-10T13:41:11.971134+00:00,30,25630225095,913d403a932d36e81f25cc7308e538474780ed2f,25/05/2025,2026-05-10 16:00:00,Southampton,Arsenal,1x2,home,4.2,2.81,0.3559,0.4948,True,settled,,,,,,,,,,,A,False,-1.0
fc1f479ff1b26e7289bf,33323553dbf58152,2026-05-10T13:41:11.971134+00:00,30,25630225095,913d403a932d36e81f25cc7308e538474780ed2f,25/05/2025,2026-05-10 16:00:00,Southampton,Arsenal,1x2,draw,4.33,2.99,0.3341,0.44670000000000004,False,settled,,,,,,,,,,,A,False,-1.0
c894c78151f27783e8a3,33323553dbf58152,2026-05-10T13:41:11.971134+00:00,30,25630225095,913d403a932d36e81f25cc7308e538474780ed2f,25/05/2025,2026-05-10 16:00:00,Southampton,Arsenal,1x2,away,1.7000000000000002,3.23,0.3094,-0.47400000000000003,False,settled,,,,,,,,,,,A,True,0.7
6fdefc849e0899a5af0f,be0df45f963eaff0,2026-05-10T13:41:11.971134+00:00,30,25630225095,913d403a932d36e81f25cc7308e538474780ed2f,25/05/2025,2026-05-10 16:00:00,Tottenham,Brighton,1x2,home,2.7,1.83,0.5464,0.4753,True,settled,,,,,,,,,,,A,False,-1.0
3d6a31fdd4f5c75a3281,be0df45f963eaff0,2026-05-10T13:41:11.971134+00:00,30,25630225095,913d403a932d36e81f25cc7308e538474780ed2f,25/05/2025,2026-05-10 16:00:00,Tottenham,Brighton,1x2,draw,3.7,5.55,0.18030000000000002,-0.33290000000000003,False,settled,,,,,,,,,,,A,False,-1.0
e3d1e0260c185140fd29,be0df45f963eaff0,2026-05-10T13:41:11.971134+00:00,30,25630225095,913d403a932d36e81f25cc7308e538474780ed2f,25/05/2025,2026-05-10 16:00:00,Tottenham,Brighton,1x2,away,2.45,4.6,0.2175,-0.4671,False,settled,,,,,,,,,,,A,True,1.45
5e14a0e07921dbe57977,5825c4642b03c78c,2026-05-10T21:10:13.008416+00:00,119,25639851099,2a9617cda798498ffbd74ff58b9ef3f9b733aa91,25/05/2025,2026-05-10 16:00:00,Bournemouth,Leicester,1x2,home,1.44,2.2,0.4554,-0.3442,False,settled,,,,,,,,premier_league,2425.0,historical_proxy_research,H,True,0.44
d4c7d95ddd46c8f821b2,5825c4642b03c78c,2026-05-10T21:10:13.008416+00:00,119,25639851099,2a9617cda798498ffbd74ff58b9ef3f9b733aa91,25/05/2025,2026-05-10 16:00:00,Bournemouth,Leicester,1x2,draw,4.95,3.8200000000000003,0.262,0.2969,False,settled,,,,,,,,premier_league,2425.0,historical_proxy_research,H,False,-1.0
3a51a0ea316953a9a15a,5825c4642b03c78c,2026-05-10T21:10:13.008416+00:00,119,25639851099,2a9617cda798498ffbd74ff58b9ef3f9b733aa91,25/05/2025,2026-05-10 16:00:00,Bournemouth,Leicester,1x2,away,7.43,3.54,0.2826,1.0997,False,settled,,,,,,,,premier_league,2425.0,historical_proxy_research,H,False,-1.0
c14387c02a2e84ec8f8d,e77e28465b0b6615,2026-05-10T21:10:13.008416+00:00,119,25639851099,2a9617cda798498ffbd74ff58b9ef3f9b733aa91,25/05/2025,2026-05-10 16:00:00,Fulham,Man City,1x2,home,3.16,3.16,0.31670000000000004,0.0008,False,settled,,,,,,,,premier_league,2425.0,historical_proxy_research,A,False,-1.0
ba5a5a8311fcce0e29c7,e77e28465b0b6615,2026-05-10T21:10:13.008416+00:00,119,25639851099,2a9617cda798498ffbd74ff58b9ef3f9b733aa91,25/05/2025,2026-05-10 16:00:00,Fulham,Man City,1x2,draw,3.62,3.67,0.2728,-0.0125,False,settled,,,,,,,,premier_league,2425.0,historical_proxy_research,A,False,-1.0
a79498dae79d1c08828e,e77e28465b0b6615,2026-05-10T21:10:13.008416+00:00,119,25639851099,2a9617cda798498ffbd74ff58b9ef3f9b733aa91,25/05/2025,2026-05-10 16:00:00,Fulham,Man City,1x2,away,2.3,2.44,0.41050000000000003,-0.055900000000000005,False,settled,,,,,,,,premier_league,2425.0,historical_proxy_research,A,True,1.3
884f4e22e71c0d5427b3,dbe3e3fdc74ab19e,2026-05-10T21:10:13.008416+00:00,119,25639851099,2a9617cda798498ffbd74ff58b9ef3f9b733aa91,25/05/2025,2026-05-10 16:00:00,Ipswich,West Ham,1x2,home,2.85,3.2,0.3126,-0.1091,False,settled,,,,,,,,premier_league,2425.0,historical_proxy_research,A,False,-1.0
4c3a7c89e126f3623e1e,dbe3e3fdc74ab19e,2026-05-10T21:10:13.008416+00:00,119,25639851099,2a9617cda798498ffbd74ff58b9ef3f9b733aa91,25/05/2025,2026-05-10 16:00:00,Ipswich,West Ham,1x2,draw,2.76,3.73,0.2681,-0.26,False,settled,,,,,,,,premier_league,2425.0,historical_proxy_research,A,False,-1.0
20b43f013272dfdba143,dbe3e3fdc74ab19e,2026-05-10T21:10:13.008416+00:00,119,25639851099,2a9617cda798498ffbd74ff58b9ef3f9b733aa91,25/05/2025,2026-05-10 16:00:00,Ipswich,West Ham,1x2,away,3.19,2.38,0.4193,0.3376,True,settled,,,,,,,,premier_league,2425.0,historical_proxy_research,A,True,2.19
49985c29d4a6e6f8a3c3,3b2b9e33fea5a818,2026-05-10T21:10:13.008416+00:00,119,25639851099,2a9617cda798498ffbd74ff58b9ef3f9b733aa91,25/05/2025,2026-05-10 16:00:00,Liverpool,Crystal Palace,1x2,home,2.67,2.3,0.4344,0.1598,True,settled,,,,,,,,premier_league,2425.0,historical_proxy_research,D,False,-1.0
3ce3e7250b47075d9a06,3b2b9e33fea5a818,2026-05-10T21:10:13.008416+00:00,119,25639851099,2a9617cda798498ffbd74ff58b9ef3f9b733aa91,25/05/2025,2026-05-10 16:00:00,Liverpool,Crystal Palace,1x2,draw,3.18,3.8,0.2634,-0.16240000000000002,False,settled,,,,,,,,premier_league,2425.0,historical_proxy_research,D,True,2.18
52e0caf2881fa2589c17,3b2b9e33fea5a818,2026-05-10T21:10:13.008416+00:00,119,25639851099,2a9617cda798498ffbd74ff58b9ef3f9b733aa91,25/05/2025,2026-05-10 16:00:00,Liverpool,Crystal Palace,1x2,away,2.95,3.31,0.3023,-0.1082,False,settled,,,,,,,,premier_league,2425.0,historical_proxy_research,D,False,-1.0
83d0a4717b0a32774c62,e0933b4ba83870ad,2026-05-10T21:10:13.008416+00:00,119,25639851099,2a9617cda798498ffbd74ff58b9ef3f9b733aa91,25/05/2025,2026-05-10 16:00:00,Newcastle,Everton,1x2,home,5.32,2.54,0.39390000000000003,1.0955,True,settled,,,,,,,,premier_league,2425.0,historical_proxy_research,A,False,-1.0
0f9bc35e6ed838a7d568,e0933b4ba83870ad,2026-05-10T21:10:13.008416+00:00,119,25639851099,2a9617cda798498ffbd74ff58b9ef3f9b733aa91,25/05/2025,2026-05-10 16:00:00,Newcastle,Everton,1x2,draw,3.86,3.58,0.2797,0.0796,False,settled,,,,,,,,premier_league,2425.0,historical_proxy_research,A,False,-1.0
b88c4bcea85ef4c47f50,e0933b4ba83870ad,2026-05-10T21:10:13.008416+00:00,119,25639851099,2a9617cda798498ffbd74ff58b9ef3f9b733aa91,25/05/2025,2026-05-10 16:00:00,Newcastle,Everton,1x2,away,1.71,3.06,0.3264,-0.4419,False,settled,,,,,,,,premier_league,2425.0,historical_proxy_research,A,True,0.71
6c3b759bdd0f6fe4fa93,2135206fb49ec275,2026-05-10T21:10:13.008416+00:00,119,25639851099,2a9617cda798498ffbd74ff58b9ef3f9b733aa91,25/05/2025,2026-05-10 16:00:00,Southampton,Arsenal,1x2,home,3.14,4.14,0.24130000000000001,-0.24230000000000002,False,settled,,,,,,,,premier_league,2425.0,historical_proxy_research,A,False,-1.0
6877c3f6f7f796674df6,2135206fb49ec275,2026-05-10T21:10:13.008416+00:00,119,25639851099,2a9617cda798498ffbd74ff58b9ef3f9b733aa91,25/05/2025,2026-05-10 16:00:00,Southampton,Arsenal,1x2,draw,3.21,3.96,0.2525,-0.1895,False,settled,,,,,,,,premier_league,2425.0,historical_proxy_research,A,False,-1.0
78a30856b1e30277940a,2135206fb49ec275,2026-05-10T21:10:13.008416+00:00,119,25639851099,2a9617cda798498ffbd74ff58b9ef3f9b733aa91,25/05/2025,2026-05-10 16:00:00,Southampton,Arsenal,1x2,away,2.52,1.98,0.5062,0.2756,True,settled,,,,,,,,premier_league,2425.0,historical_proxy_research,A,True,1.52
d94828aaebf5abde81cb,7bd44d3a6c82ea74,2026-05-10T21:10:13.008416+00:00,119,25639851099,2a9617cda798498ffbd74ff58b9ef3f9b733aa91,25/05/2025,2026-05-10 16:00:00,Tottenham,Brighton,1x2,home,1.82,2.77,0.3609,-0.3432,False,settled,,,,,,,,premier_league,2425.0,historical_proxy_research,A,False,-1.0
9d2f80087abbcb11ccf5,7bd44d3a6c82ea74,2026-05-10T21:10:13.008416+00:00,119,25639851099,2a9617cda798498ffbd74ff58b9ef3f9b733aa91,25/05/2025,2026-05-10 16:00:00,Tottenham,Brighton,1x2,draw,3.56,3.89,0.25680000000000003,-0.0858,False,settled,,,,,,,,premier_league,2425.0,historical_proxy_research,A,False,-1.0
78247b9e81bc5e54d8c5,7bd44d3a6c82ea74,2026-05-10T21:10:13.008416+00:00,119,25639851099,2a9617cda798498ffbd74ff58b9ef3f9b733aa91,25/05/2025,2026-05-10 16:00:00,Tottenham,Brighton,1x2,away,5.01,2.62,0.38220000000000004,0.9148000000000001,True,settled,,,,,,,,premier_league,2425.0,historical_proxy_research,A,True,4.01
