fixture_id,league,league_id,season,match_date,match_time,home_team,away_team,source,fetched_at_utc,event_status
odds_api_io_68046538,republic-of-korea-k-league-2,republic-of-korea-k-league-2,upcoming,2026-05-25,07:30,Suwon Bluewings,Cheonan City FC,odds_api_io_events_bookmaker_filtered,2026-05-25T02:42:50.497180+00:00,pending
odds_api_io_68160188,australia-victoria-npl,australia-victoria-npl,upcoming,2026-05-25,09:30,South Melbourne FC,Avondale FC,odds_api_io_events_bookmaker_filtered,2026-05-25T02:42:50.497180+00:00,pending
odds_api_io_70317958,denmark-1-division,denmark-1-division,upcoming,2026-05-25,11:00,Kolding IF,Hillerod Fodbold,odds_api_io_events_bookmaker_filtered,2026-05-25T02:42:50.497180+00:00,pending
odds_api_io_71234486,international-saff-championship-women,international-saff-championship-women,upcoming,2026-05-25,11:00,Bhutan,Nepal,odds_api_io_events_bookmaker_filtered,2026-05-25T02:42:50.497180+00:00,pending
odds_api_io_70663798,denmark-amateur-danmarksserien,denmark-amateur-danmarksserien,upcoming,2026-05-25,11:00,Esbjerg FB 2,Hobro IK 2,odds_api_io_events_bookmaker_filtered,2026-05-25T02:42:50.497180+00:00,pending
odds_api_io_67915858,norway-2nd-division-group-1,norway-2nd-division-group-1,upcoming,2026-05-25,12:00,Sotra SK,Bjarg,odds_api_io_events_bookmaker_filtered,2026-05-25T02:42:50.497180+00:00,pending
odds_api_io_67919278,norway-3rd-division-group-1,norway-3rd-division-group-1,upcoming,2026-05-25,12:00,Valerenga IF 2,Heming,odds_api_io_events_bookmaker_filtered,2026-05-25T02:42:50.497180+00:00,pending
odds_api_io_67919646,norway-3rd-division-group-2,norway-3rd-division-group-2,upcoming,2026-05-25,12:00,Strindheim TF,Nardo FK,odds_api_io_events_bookmaker_filtered,2026-05-25T02:42:50.497180+00:00,pending
odds_api_io_67921082,norway-3rd-division-group-6,norway-3rd-division-group-6,upcoming,2026-05-25,12:00,FK Gjoevik-Lyn,Elverum,odds_api_io_events_bookmaker_filtered,2026-05-25T02:42:50.497180+00:00,pending
odds_api_io_67239144,denmark-b-liga-women,denmark-b-liga-women,upcoming,2026-05-25,12:00,Naestved HG,Esbjerg FB,odds_api_io_events_bookmaker_filtered,2026-05-25T02:42:50.497180+00:00,pending
odds_api_io_67015206,norway-eliteserien,norway-eliteserien,upcoming,2026-05-25,12:30,IK Start,Vaalerenga IF,odds_api_io_events_bookmaker_filtered,2026-05-25T02:42:50.497180+00:00,pending
odds_api_io_67915592,norway-2nd-division-group-2,norway-2nd-division-group-2,upcoming,2026-05-25,12:30,Eidsvold TF,Rana FK,odds_api_io_events_bookmaker_filtered,2026-05-25T02:42:50.497180+00:00,pending
odds_api_io_71668802,uruguay-tercera-division-reserves,uruguay-tercera-division-reserves,upcoming,2026-05-25,12:30,Montevideo Wanderers,Liverpool Montevideo,odds_api_io_events_bookmaker_filtered,2026-05-25T02:42:50.497180+00:00,pending
odds_api_io_70317954,denmark-1-division,denmark-1-division,upcoming,2026-05-25,13:00,Hvidovre IF,Esbjerg FB,odds_api_io_events_bookmaker_filtered,2026-05-25T02:42:50.497180+00:00,pending
odds_api_io_67915594,norway-2nd-division-group-2,norway-2nd-division-group-2,upcoming,2026-05-25,13:00,IK Junkeren,Ullensaker/Kisa,odds_api_io_events_bookmaker_filtered,2026-05-25T02:42:50.497180+00:00,pending
odds_api_io_67915862,norway-2nd-division-group-1,norway-2nd-division-group-1,upcoming,2026-05-25,13:00,Brattvaag,Notodden FK,odds_api_io_events_bookmaker_filtered,2026-05-25T02:42:50.497180+00:00,pending
odds_api_io_67915866,norway-2nd-division-group-1,norway-2nd-division-group-1,upcoming,2026-05-25,13:00,Lysekloster,Arendal FK,odds_api_io_events_bookmaker_filtered,2026-05-25T02:42:50.497180+00:00,pending
odds_api_io_67919280,norway-3rd-division-group-1,norway-3rd-division-group-1,upcoming,2026-05-25,13:00,Konnerud,Lokomotiv Oslo,odds_api_io_events_bookmaker_filtered,2026-05-25T02:42:50.497180+00:00,pending
odds_api_io_71668804,uruguay-tercera-division-reserves,uruguay-tercera-division-reserves,upcoming,2026-05-25,13:00,Albion FC,Boston River,odds_api_io_events_bookmaker_filtered,2026-05-25T02:42:50.497180+00:00,pending
odds_api_io_67921086,norway-3rd-division-group-6,norway-3rd-division-group-6,upcoming,2026-05-25,13:00,Fram IF,Raelingen,odds_api_io_events_bookmaker_filtered,2026-05-25T02:42:50.497180+00:00,pending
odds_api_io_68307876,iceland-1-deild-women,iceland-1-deild-women,upcoming,2026-05-25,13:00,Volsungur,Keflavik IF,odds_api_io_events_bookmaker_filtered,2026-05-25T02:42:50.497180+00:00,pending
odds_api_io_67563298,zimbabwe-premier-soccer-league,zimbabwe-premier-soccer-league,upcoming,2026-05-25,13:00,Caps United FC,FC Platinum,odds_api_io_events_bookmaker_filtered,2026-05-25T02:42:50.497180+00:00,pending
odds_api_io_71532956,england-league-two,england-league-two,upcoming,2026-05-25,14:00,Notts County,Salford City,odds_api_io_events_bookmaker_filtered,2026-05-25T02:42:50.497180+00:00,pending
odds_api_io_71580016,egypt-league-cup,egypt-league-cup,upcoming,2026-05-25,14:00,Enppi Club,Wadi Degla SC,odds_api_io_events_bookmaker_filtered,2026-05-25T02:42:50.497180+00:00,pending
odds_api_io_67850000,faroe-islands-premier-league,faroe-islands-premier-league,upcoming,2026-05-25,14:00,KI Klaksvik,AB Argir,odds_api_io_events_bookmaker_filtered,2026-05-25T02:42:50.497180+00:00,pending
odds_api_io_67850002,faroe-islands-premier-league,faroe-islands-premier-league,upcoming,2026-05-25,14:00,Eb/Streymur,NSI Runavik,odds_api_io_events_bookmaker_filtered,2026-05-25T02:42:50.497180+00:00,pending
odds_api_io_67850006,faroe-islands-premier-league,faroe-islands-premier-league,upcoming,2026-05-25,14:00,Vikingur Gota,Skala IF,odds_api_io_events_bookmaker_filtered,2026-05-25T02:42:50.497180+00:00,pending
odds_api_io_67915596,norway-2nd-division-group-2,norway-2nd-division-group-2,upcoming,2026-05-25,14:00,Loerenskog IF,Levanger FK,odds_api_io_events_bookmaker_filtered,2026-05-25T02:42:50.497180+00:00,pending
odds_api_io_67920620,norway-3rd-division-group-5,norway-3rd-division-group-5,upcoming,2026-05-25,14:00,Skjetten,Harstad,odds_api_io_events_bookmaker_filtered,2026-05-25T02:42:50.497180+00:00,pending
odds_api_io_68307868,iceland-1-deild-women,iceland-1-deild-women,upcoming,2026-05-25,14:00,Haukar Hafnarfjordur,UMF Selfoss,odds_api_io_events_bookmaker_filtered,2026-05-25T02:42:50.497180+00:00,pending
odds_api_io_68307870,iceland-1-deild-women,iceland-1-deild-women,upcoming,2026-05-25,14:00,Grotta,KR Reykjavik,odds_api_io_events_bookmaker_filtered,2026-05-25T02:42:50.497180+00:00,pending
odds_api_io_70906734,bulgaria-parva-liga,bulgaria-parva-liga,upcoming,2026-05-25,14:45,PFC Cherno More Varna,FC Arda Kardzhali,odds_api_io_events_bookmaker_filtered,2026-05-25T02:42:50.497180+00:00,pending
odds_api_io_70906736,bulgaria-parva-liga,bulgaria-parva-liga,upcoming,2026-05-25,14:45,PFC Lokomotiv Plovdiv,Botev Plovdiv,odds_api_io_events_bookmaker_filtered,2026-05-25T02:42:50.497180+00:00,pending
odds_api_io_61911612,austria-amateur-wien-wiener-stadtliga,austria-amateur-wien-wiener-stadtliga,upcoming,2026-05-25,15:00,SV Dinamo Helfort 15,SV Schwechat,odds_api_io_events_bookmaker_filtered,2026-05-25T02:42:50.497180+00:00,pending
odds_api_io_67015198,norway-eliteserien,norway-eliteserien,upcoming,2026-05-25,15:00,KFUM Oslo,Rosenborg BK,odds_api_io_events_bookmaker_filtered,2026-05-25T02:42:50.497180+00:00,pending
odds_api_io_67015204,norway-eliteserien,norway-eliteserien,upcoming,2026-05-25,15:00,Sarpsborg 08,Molde FK,odds_api_io_events_bookmaker_filtered,2026-05-25T02:42:50.497180+00:00,pending
odds_api_io_67015208,norway-eliteserien,norway-eliteserien,upcoming,2026-05-25,15:00,Tromsoe IL,Aalesunds FK,odds_api_io_events_bookmaker_filtered,2026-05-25T02:42:50.497180+00:00,pending
odds_api_io_67017954,norway-1st-division,norway-1st-division,upcoming,2026-05-25,15:00,FK Haugesund,Moss FK,odds_api_io_events_bookmaker_filtered,2026-05-25T02:42:50.497180+00:00,pending
odds_api_io_67017956,norway-1st-division,norway-1st-division,upcoming,2026-05-25,15:00,Hoedd IL,Egersunds IK,odds_api_io_events_bookmaker_filtered,2026-05-25T02:42:50.497180+00:00,pending
odds_api_io_67017958,norway-1st-division,norway-1st-division,upcoming,2026-05-25,15:00,Lyn 1896 FK,Stroemmen IF,odds_api_io_events_bookmaker_filtered,2026-05-25T02:42:50.497180+00:00,pending
odds_api_io_67017960,norway-1st-division,norway-1st-division,upcoming,2026-05-25,15:00,Odds BK,Ranheim,odds_api_io_events_bookmaker_filtered,2026-05-25T02:42:50.497180+00:00,pending
odds_api_io_67017962,norway-1st-division,norway-1st-division,upcoming,2026-05-25,15:00,Sandnes Ulf,Sogndal Fotball,odds_api_io_events_bookmaker_filtered,2026-05-25T02:42:50.497180+00:00,pending
odds_api_io_67017964,norway-1st-division,norway-1st-division,upcoming,2026-05-25,15:00,Stabaek IF,Kongsvinger IL Toppfotball,odds_api_io_events_bookmaker_filtered,2026-05-25T02:42:50.497180+00:00,pending
odds_api_io_67017966,norway-1st-division,norway-1st-division,upcoming,2026-05-25,15:00,Stroemsgodset IF,Bryne FK,odds_api_io_events_bookmaker_filtered,2026-05-25T02:42:50.497180+00:00,pending
odds_api_io_67017968,norway-1st-division,norway-1st-division,upcoming,2026-05-25,15:00,Aasane Fotball,Raufoss IL,odds_api_io_events_bookmaker_filtered,2026-05-25T02:42:50.497180+00:00,pending
odds_api_io_67912696,georgia-erovnuli-liga,georgia-erovnuli-liga,upcoming,2026-05-25,15:00,FC Samgurali Tskaltubo,FC Iberia 1999,odds_api_io_events_bookmaker_filtered,2026-05-25T02:42:50.497180+00:00,pending
odds_api_io_68492542,latvia-virsliga,latvia-virsliga,upcoming,2026-05-25,15:00,Ogre United,Grobinas SC/LFS,odds_api_io_events_bookmaker_filtered,2026-05-25T02:42:50.497180+00:00,pending
odds_api_io_70774882,cameroon-elite-one,cameroon-elite-one,upcoming,2026-05-25,15:00,AS Fortuna,Colombe Sportive Du Dja Et Lobo,odds_api_io_events_bookmaker_filtered,2026-05-25T02:42:50.497180+00:00,pending
odds_api_io_71630496,tunisia-ligue-2,tunisia-ligue-2,upcoming,2026-05-25,15:00,Club S Hammam-Lif,AS Kasserine,odds_api_io_events_bookmaker_filtered,2026-05-25T02:42:50.497180+00:00,pending
odds_api_io_71630498,tunisia-ligue-2,tunisia-ligue-2,upcoming,2026-05-25,15:00,Stade Gabesien,US Tataouine,odds_api_io_events_bookmaker_filtered,2026-05-25T02:42:50.497180+00:00,pending
odds_api_io_71612042,austria-bundesliga,austria-bundesliga,upcoming,2026-05-25,15:00,SK Rapid,SV Ried,odds_api_io_events_bookmaker_filtered,2026-05-25T02:42:50.497180+00:00,pending
odds_api_io_71620936,algeria-ligue-1,algeria-ligue-1,upcoming,2026-05-25,15:00,USM Khenchela,USM Alger,odds_api_io_events_bookmaker_filtered,2026-05-25T02:42:50.497180+00:00,pending
odds_api_io_67015196,norway-eliteserien,norway-eliteserien,upcoming,2026-05-25,15:00,HamKam,Lillestroem SK,odds_api_io_events_bookmaker_filtered,2026-05-25T02:42:50.497180+00:00,pending
odds_api_io_68954850,lithuania-a-lyga,lithuania-a-lyga,upcoming,2026-05-25,15:30,FA Siauliai,FK Riteriai,odds_api_io_events_bookmaker_filtered,2026-05-25T02:42:50.497180+00:00,pending
odds_api_io_70317956,denmark-1-division,denmark-1-division,upcoming,2026-05-25,16:00,Lyngby BK,AC Horsens,odds_api_io_events_bookmaker_filtered,2026-05-25T02:42:50.497180+00:00,pending
odds_api_io_61737350,bosnia-&-herzegovina-premijer-liga,bosnia-&-herzegovina-premijer-liga,upcoming,2026-05-25,16:00,NK Siroki Brijeg,FK Radnik Bijeljina,odds_api_io_events_bookmaker_filtered,2026-05-25T02:42:50.497180+00:00,pending
odds_api_io_71575768,bahrain-premier-league,bahrain-premier-league,upcoming,2026-05-25,16:00,AL Budaiya,Al-Najma Manama,odds_api_io_events_bookmaker_filtered,2026-05-25T02:42:50.497180+00:00,pending
odds_api_io_71575770,bahrain-premier-league,bahrain-premier-league,upcoming,2026-05-25,16:00,Manama Club,Al Ittihad,odds_api_io_events_bookmaker_filtered,2026-05-25T02:42:50.497180+00:00,pending
odds_api_io_71631808,gambia-division-one,gambia-division-one,upcoming,2026-05-25,16:00,Brikama United,Fortune,odds_api_io_events_bookmaker_filtered,2026-05-25T02:42:50.497180+00:00,pending
odds_api_io_71631810,gambia-division-one,gambia-division-one,upcoming,2026-05-25,16:00,Samger FC,Steve Biko FC,odds_api_io_events_bookmaker_filtered,2026-05-25T02:42:50.497180+00:00,pending
odds_api_io_71622030,iceland-besta-deild-women,iceland-besta-deild-women,upcoming,2026-05-25,16:00,IBV Vestmannaeyjar,Grindavik/Njarovik,odds_api_io_events_bookmaker_filtered,2026-05-25T02:42:50.497180+00:00,pending
odds_api_io_67919282,norway-3rd-division-group-1,norway-3rd-division-group-1,upcoming,2026-05-25,16:00,Asker Fotball,Gamle Oslo FK,odds_api_io_events_bookmaker_filtered,2026-05-25T02:42:50.497180+00:00,pending
odds_api_io_67919284,norway-3rd-division-group-1,norway-3rd-division-group-1,upcoming,2026-05-25,16:00,FK Union Carl Berner,Ullern,odds_api_io_events_bookmaker_filtered,2026-05-25T02:42:50.497180+00:00,pending
odds_api_io_67920370,norway-3rd-division-group-4,norway-3rd-division-group-4,upcoming,2026-05-25,16:00,Madla,Hinna,odds_api_io_events_bookmaker_filtered,2026-05-25T02:42:50.497180+00:00,pending
odds_api_io_68194428,iceland-besta-deild-women,iceland-besta-deild-women,upcoming,2026-05-25,16:00,Fram,Thor/KA,odds_api_io_events_bookmaker_filtered,2026-05-25T02:42:50.497180+00:00,pending
odds_api_io_68492544,latvia-virsliga,latvia-virsliga,upcoming,2026-05-25,16:00,FC RFS,FK Tukums 2000/TSS,odds_api_io_events_bookmaker_filtered,2026-05-25T02:42:50.497180+00:00,pending
odds_api_io_70929730,israel-national-league,israel-national-league,upcoming,2026-05-25,16:00,Hapoel Rishon Lezion FC,Hapoel Kfar Shalem FC,odds_api_io_events_bookmaker_filtered,2026-05-25T02:42:50.497180+00:00,pending
odds_api_io_70929732,israel-national-league,israel-national-league,upcoming,2026-05-25,16:00,Hapoel Kfar Saba FC,Hapoel Ramat Gan Givatayim FC,odds_api_io_events_bookmaker_filtered,2026-05-25T02:42:50.497180+00:00,pending
odds_api_io_70929734,israel-national-league,israel-national-league,upcoming,2026-05-25,16:00,Bnei Yehuda Tel Aviv FC,Maccabi Herzliya,odds_api_io_events_bookmaker_filtered,2026-05-25T02:42:50.497180+00:00,pending
odds_api_io_70929736,israel-national-league,israel-national-league,upcoming,2026-05-25,16:00,MS Football Hapoel Kiryat Yam,Maccabi Petah Tikva FC,odds_api_io_events_bookmaker_filtered,2026-05-25T02:42:50.497180+00:00,pending
odds_api_io_70929786,israel-national-league,israel-national-league,upcoming,2026-05-25,16:00,Hapoel Nof Hagalil FC,Hapoel Acre FC,odds_api_io_events_bookmaker_filtered,2026-05-25T02:42:50.497180+00:00,pending
odds_api_io_70929788,israel-national-league,israel-national-league,upcoming,2026-05-25,16:00,Hapoel Ra`anana FC,Ironi Modiin,odds_api_io_events_bookmaker_filtered,2026-05-25T02:42:50.497180+00:00,pending
odds_api_io_70929790,israel-national-league,israel-national-league,upcoming,2026-05-25,16:00,Maccabi Kabilio Jaffa,Hapoel Hadera FC,odds_api_io_events_bookmaker_filtered,2026-05-25T02:42:50.497180+00:00,pending
odds_api_io_70929792,israel-national-league,israel-national-league,upcoming,2026-05-25,16:00,Hapoel Afula FC,FC Kafr Qasim,odds_api_io_events_bookmaker_filtered,2026-05-25T02:42:50.497180+00:00,pending
odds_api_io_69612876,chile-segunda-division,chile-segunda-division,upcoming,2026-05-25,16:00,Santiago City FC,Real San Joaquin,odds_api_io_events_bookmaker_filtered,2026-05-25T02:42:50.497180+00:00,pending
odds_api_io_68852084,estonia-esiliiga-b,estonia-esiliiga-b,upcoming,2026-05-25,16:00,FC Phoenix Johvi,Parnu JK Vaprus II,odds_api_io_events_bookmaker_filtered,2026-05-25T02:42:50.497180+00:00,pending
odds_api_io_71530426,kuwait-premier-league,kuwait-premier-league,upcoming,2026-05-25,16:15,Al Jahra,Al Arabi,odds_api_io_events_bookmaker_filtered,2026-05-25T02:42:50.497180+00:00,pending
odds_api_io_71680540,mali-ligue-1,mali-ligue-1,upcoming,2026-05-25,16:30,AS Bakaridjan,Djoliba AC,odds_api_io_events_bookmaker_filtered,2026-05-25T02:42:50.497180+00:00,pending
odds_api_io_71542032,sweden-allsvenskan,sweden-allsvenskan,upcoming,2026-05-25,17:00,IF Elfsborg,BK Hacken,odds_api_io_events_bookmaker_filtered,2026-05-25T02:42:50.497180+00:00,pending
odds_api_io_67912698,georgia-erovnuli-liga,georgia-erovnuli-liga,upcoming,2026-05-25,17:00,FC Spaeri,FC Meshakhte Tkibuli,odds_api_io_events_bookmaker_filtered,2026-05-25T02:42:50.497180+00:00,pending
odds_api_io_71668806,uruguay-tercera-division-reserves,uruguay-tercera-division-reserves,upcoming,2026-05-25,17:00,Central Espanol Reserve,Nacional de Montevideo,odds_api_io_events_bookmaker_filtered,2026-05-25T02:42:50.497180+00:00,pending
odds_api_io_71580018,egypt-league-cup,egypt-league-cup,upcoming,2026-05-25,17:00,Zed FC,Al Masry Club,odds_api_io_events_bookmaker_filtered,2026-05-25T02:42:50.497180+00:00,pending
odds_api_io_67126570,sweden-allsvenskan,sweden-allsvenskan,upcoming,2026-05-25,17:00,IFK Goteborg,Mjallby AIF,odds_api_io_events_bookmaker_filtered,2026-05-25T02:42:50.497180+00:00,pending
odds_api_io_67849998,faroe-islands-premier-league,faroe-islands-premier-league,upcoming,2026-05-25,17:00,B36 Torshavn,07 Vestur Sorvagur,odds_api_io_events_bookmaker_filtered,2026-05-25T02:42:50.497180+00:00,pending
odds_api_io_67912702,georgia-erovnuli-liga,georgia-erovnuli-liga,upcoming,2026-05-25,17:00,FC Dinamo Batumi,FC Rustavi,odds_api_io_events_bookmaker_filtered,2026-05-25T02:42:50.497180+00:00,pending
odds_api_io_67126116,sweden-superettan,sweden-superettan,upcoming,2026-05-25,17:05,IFK Norrkoping FK,Osters IF,odds_api_io_events_bookmaker_filtered,2026-05-25T02:42:50.497180+00:00,pending
odds_api_io_67015202,norway-eliteserien,norway-eliteserien,upcoming,2026-05-25,17:15,Sandefjord Fotball,Fredrikstad FK,odds_api_io_events_bookmaker_filtered,2026-05-25T02:42:50.497180+00:00,pending
odds_api_io_71530430,kuwait-premier-league,kuwait-premier-league,upcoming,2026-05-25,17:25,AL Tadhamon,Qadsia SC,odds_api_io_events_bookmaker_filtered,2026-05-25T02:42:50.497180+00:00,pending
odds_api_io_70905780,bulgaria-parva-liga,bulgaria-parva-liga,upcoming,2026-05-25,17:30,FC CSKA 1948,PFC Levski Sofia,odds_api_io_events_bookmaker_filtered,2026-05-25T02:42:50.497180+00:00,pending
odds_api_io_70905782,bulgaria-parva-liga,bulgaria-parva-liga,upcoming,2026-05-25,17:30,PFC Ludogorets 1945 Razgrad,PFC CSKA Sofia,odds_api_io_events_bookmaker_filtered,2026-05-25T02:42:50.497180+00:00,pending
odds_api_io_71668808,uruguay-tercera-division-reserves,uruguay-tercera-division-reserves,upcoming,2026-05-25,18:00,Progreso,Defensor Sporting,odds_api_io_events_bookmaker_filtered,2026-05-25T02:42:50.497180+00:00,pending
odds_api_io_71668810,uruguay-tercera-division-reserves,uruguay-tercera-division-reserves,upcoming,2026-05-25,18:00,La Luz FC Reserves,Juventud de Las Piedras,odds_api_io_events_bookmaker_filtered,2026-05-25T02:42:50.497180+00:00,pending
odds_api_io_71668812,uruguay-tercera-division-reserves,uruguay-tercera-division-reserves,upcoming,2026-05-25,18:00,Colon FC Reserve,Racing Club Montevideo,odds_api_io_events_bookmaker_filtered,2026-05-25T02:42:50.497180+00:00,pending
odds_api_io_71668814,uruguay-tercera-division-reserves,uruguay-tercera-division-reserves,upcoming,2026-05-25,18:00,Cerro Largo FC,Club Oriental de Football,odds_api_io_events_bookmaker_filtered,2026-05-25T02:42:50.497180+00:00,pending
odds_api_io_71668816,uruguay-tercera-division-reserves,uruguay-tercera-division-reserves,upcoming,2026-05-25,18:00,Penarol Montevideo,Deportivo Maldonado Reserve,odds_api_io_events_bookmaker_filtered,2026-05-25T02:42:50.497180+00:00,pending
odds_api_io_71596072,argentina-primera-division-women,argentina-primera-division-women,upcoming,2026-05-25,18:00,Boca Juniors,CA Huracan,odds_api_io_events_bookmaker_filtered,2026-05-25T02:42:50.497180+00:00,pending
odds_api_io_71600978,italy-serie-d-group-c,italy-serie-d-group-c,upcoming,2026-05-25,18:00,Legnago Salus,Union Clodiense,odds_api_io_events_bookmaker_filtered,2026-05-25T02:42:50.497180+00:00,pending
odds_api_io_70321610,brazil-brasileiro-serie-d,brazil-brasileiro-serie-d,upcoming,2026-05-25,18:00,Club Laguna SAF,Maguary PE,odds_api_io_events_bookmaker_filtered,2026-05-25T02:42:50.497180+00:00,pending
odds_api_io_71372692,peru-liga-2,peru-liga-2,upcoming,2026-05-25,18:00,Club Ada Jaen,CD Universidad Cesar Vallejo,odds_api_io_events_bookmaker_filtered,2026-05-25T02:42:50.497180+00:00,pending
odds_api_io_61737348,bosnia-&-herzegovina-premijer-liga,bosnia-&-herzegovina-premijer-liga,upcoming,2026-05-25,18:30,FK Sarajevo,FK Zeljeznicar Sarajevo,odds_api_io_events_bookmaker_filtered,2026-05-25T02:42:50.497180+00:00,pending
odds_api_io_71701748,italy-primavera-1,italy-primavera-1,upcoming,2026-05-25,18:30,Parma Calcio 1913 U20,Cesena FC,odds_api_io_events_bookmaker_filtered,2026-05-25T02:42:50.497180+00:00,pending
odds_api_io_71443806,germany-bundesliga,germany-bundesliga,upcoming,2026-05-25,18:30,SC Paderborn 07,VFL Wolfsburg,odds_api_io_events_bookmaker_filtered,2026-05-25T02:42:50.497180+00:00,pending
odds_api_io_67122976,argentina-primera-c,argentina-primera-c,upcoming,2026-05-25,18:30,CA Victoriano Arenas,Sacachispas FC,odds_api_io_events_bookmaker_filtered,2026-05-25T02:42:50.497180+00:00,pending
odds_api_io_67125784,argentina-primera-c,argentina-primera-c,upcoming,2026-05-25,18:30,Deportivo Muniz,CA Fenix Pilar,odds_api_io_events_bookmaker_filtered,2026-05-25T02:42:50.497180+00:00,pending
odds_api_io_66854118,ireland-premier-division,ireland-premier-division,upcoming,2026-05-25,18:45,Derry City FC,Shelbourne FC,odds_api_io_events_bookmaker_filtered,2026-05-25T02:42:50.497180+00:00,pending
odds_api_io_71567540,ireland-first-division,ireland-first-division,upcoming,2026-05-25,18:45,Treaty United,Cork City FC,odds_api_io_events_bookmaker_filtered,2026-05-25T02:42:50.497180+00:00,pending
odds_api_io_66854116,ireland-premier-division,ireland-premier-division,upcoming,2026-05-25,19:00,Bohemians Dublin FC,Shamrock Rovers,odds_api_io_events_bookmaker_filtered,2026-05-25T02:42:50.497180+00:00,pending
odds_api_io_71645622,paraguay-primera-division-reserve-apertura,paraguay-primera-division-reserve-apertura,upcoming,2026-05-25,19:00,Sportivo Luqueno,Olimpia Asuncion,odds_api_io_events_bookmaker_filtered,2026-05-25T02:42:50.497180+00:00,pending
odds_api_io_71538012,scotland-premiership,scotland-premiership,upcoming,2026-05-25,19:00,St Mirren FC,Partick Thistle FC,odds_api_io_events_bookmaker_filtered,2026-05-25T02:42:50.497180+00:00,pending
odds_api_io_69612870,chile-segunda-division,chile-segunda-division,upcoming,2026-05-25,19:00,CD Provincial Ovalle FC,Brujas de Salamanca,odds_api_io_events_bookmaker_filtered,2026-05-25T02:42:50.497180+00:00,pending
odds_api_io_68194432,iceland-besta-deild-women,iceland-besta-deild-women,upcoming,2026-05-25,19:15,Throttur Reykjavik,Stjarnan,odds_api_io_events_bookmaker_filtered,2026-05-25T02:42:50.497180+00:00,pending
odds_api_io_68194434,iceland-besta-deild-women,iceland-besta-deild-women,upcoming,2026-05-25,19:15,Breidablik Kopavogur,FH Hafnarfjordur,odds_api_io_events_bookmaker_filtered,2026-05-25T02:42:50.497180+00:00,pending
odds_api_io_71629532,ecuador-serie-b,ecuador-serie-b,upcoming,2026-05-25,20:00,CD Independiente Juniors,9 de Octubre FC,odds_api_io_events_bookmaker_filtered,2026-05-25T02:42:50.497180+00:00,pending
odds_api_io_71426296,paraguay-segunda-division,paraguay-segunda-division,upcoming,2026-05-25,20:00,Carapegua,CA Tembetary Ypane,odds_api_io_events_bookmaker_filtered,2026-05-25T02:42:50.497180+00:00,pending
odds_api_io_71377104,peru-liga-femenina,peru-liga-femenina,upcoming,2026-05-25,20:15,FC Melgar,Atletico Andahuaylas,odds_api_io_events_bookmaker_filtered,2026-05-25T02:42:50.497180+00:00,pending
odds_api_io_71372596,peru-liga-1,peru-liga-1,upcoming,2026-05-25,20:30,Comerciantes Unidos,Deportivo Garcilaso,odds_api_io_events_bookmaker_filtered,2026-05-25T02:42:50.497180+00:00,pending
odds_api_io_71596074,argentina-primera-division-women,argentina-primera-division-women,upcoming,2026-05-25,20:30,CA Talleres de Cordoba,CA River Plate (ARG),odds_api_io_events_bookmaker_filtered,2026-05-25T02:42:50.497180+00:00,pending
odds_api_io_68215868,brazil-campeonato-brasileiro-women,brazil-campeonato-brasileiro-women,upcoming,2026-05-25,20:30,Sao Paulo FC SP,Santos FC SP,odds_api_io_events_bookmaker_filtered,2026-05-25T02:42:50.497180+00:00,pending
odds_api_io_71596088,uruguay-segunda-division,uruguay-segunda-division,upcoming,2026-05-25,21:00,Miramar Misiones,CA Fenix Montevideo,odds_api_io_events_bookmaker_filtered,2026-05-25T02:42:50.497180+00:00,pending
odds_api_io_68822906,brazil-brasileiro-serie-b,brazil-brasileiro-serie-b,upcoming,2026-05-25,22:00,Botafogo FC SP,Athletic Club Sjdr MG,odds_api_io_events_bookmaker_filtered,2026-05-25T02:42:50.497180+00:00,pending
odds_api_io_71426298,paraguay-segunda-division,paraguay-segunda-division,upcoming,2026-05-25,22:30,Club General Caballero JLM,Guairena FC,odds_api_io_events_bookmaker_filtered,2026-05-25T02:42:50.497180+00:00,pending
odds_api_io_66886812,brazil-brasileiro-serie-a,brazil-brasileiro-serie-a,upcoming,2026-05-25,23:00,Coritiba FC PR,EC Bahia BA,odds_api_io_events_bookmaker_filtered,2026-05-25T02:42:50.497180+00:00,pending
odds_api_io_69255040,brazil-brasileiro-serie-c,brazil-brasileiro-serie-c,upcoming,2026-05-25,23:00,Ituano FC SP,Botafogo FC PB,odds_api_io_events_bookmaker_filtered,2026-05-25T02:42:50.497180+00:00,pending
odds_api_io_69255054,brazil-brasileiro-serie-c,brazil-brasileiro-serie-c,upcoming,2026-05-25,23:00,Paysandu SC PA,Floresta EC CE,odds_api_io_events_bookmaker_filtered,2026-05-25T02:42:50.497180+00:00,pending
odds_api_io_71377106,peru-liga-femenina,peru-liga-femenina,upcoming,2026-05-25,23:00,Flamengo FBC,Universitario de Deportes,odds_api_io_events_bookmaker_filtered,2026-05-25T02:42:50.497180+00:00,pending
odds_api_io_70322930,brazil-brasileiro-serie-d,brazil-brasileiro-serie-d,upcoming,2026-05-25,23:30,EC Democrata MG,Porto SC BA,odds_api_io_events_bookmaker_filtered,2026-05-25T02:42:50.497180+00:00,pending
odds_api_io_68097914,chile-primera-b,chile-primera-b,upcoming,2026-05-26,00:00,Deportes Copiapo,Union Espanola,odds_api_io_events_bookmaker_filtered,2026-05-25T02:42:50.497180+00:00,pending
odds_api_io_68215858,brazil-campeonato-brasileiro-women,brazil-campeonato-brasileiro-women,upcoming,2026-05-26,00:00,SC Corinthians SP,Mixto EC MT,odds_api_io_events_bookmaker_filtered,2026-05-25T02:42:50.497180+00:00,pending
odds_api_io_68687668,ecuador-ligapro-primera-a,ecuador-ligapro-primera-a,upcoming,2026-05-26,00:00,SD Aucas,Manta FC,odds_api_io_events_bookmaker_filtered,2026-05-25T02:42:50.497180+00:00,pending
odds_api_io_71523522,curacao-prome-divishon,curacao-prome-divishon,upcoming,2026-05-26,00:00,R.K.S.V. Scherpenheuvel,Inter Willemstad,odds_api_io_events_bookmaker_filtered,2026-05-25T02:42:50.497180+00:00,pending
odds_api_io_71677026,colombia-primera-b,colombia-primera-b,upcoming,2026-05-26,01:00,Real Cartagena FC,Envigado FC,odds_api_io_events_bookmaker_filtered,2026-05-25T02:42:50.497180+00:00,pending
odds_api_io_67126118,sweden-superettan,sweden-superettan,upcoming,2026-05-26,17:00,Orebro SK,Helsingborgs IF,odds_api_io_events_bookmaker_filtered,2026-05-25T02:42:50.497180+00:00,pending
odds_api_io_71443814,germany-2-bundesliga,germany-2-bundesliga,upcoming,2026-05-26,18:30,Greuther Furth,Rot-Weiss Essen,odds_api_io_events_bookmaker_filtered,2026-05-25T02:42:50.497180+00:00,pending
odds_api_io_71564468,france-ligue-1,france-ligue-1,upcoming,2026-05-26,18:45,AS Saint-Etienne,OGC Nice,odds_api_io_events_bookmaker_filtered,2026-05-25T02:42:50.497180+00:00,pending
odds_api_io_68194722,iceland-besta-deild,iceland-besta-deild,upcoming,2026-05-26,19:15,Stjarnan Gardabae,Vikingur Reykjavik,odds_api_io_events_bookmaker_filtered,2026-05-25T02:42:50.497180+00:00,pending
odds_api_io_68194746,iceland-besta-deild,iceland-besta-deild,upcoming,2026-05-26,19:15,KR Reykjavik,Valur Reykjavik,odds_api_io_events_bookmaker_filtered,2026-05-25T02:42:50.497180+00:00,pending
odds_api_io_70075176,international-clubs-copa-sudamericana,international-clubs-copa-sudamericana,upcoming,2026-05-26,22:00,Sao Paulo FC SP,CA Boston River,odds_api_io_events_bookmaker_filtered,2026-05-25T02:42:50.497180+00:00,pending
odds_api_io_70075178,international-clubs-copa-sudamericana,international-clubs-copa-sudamericana,upcoming,2026-05-26,22:00,Millonarios FC,CD O´Higgins,odds_api_io_events_bookmaker_filtered,2026-05-25T02:42:50.497180+00:00,pending
odds_api_io_70075250,international-clubs-copa-sudamericana,international-clubs-copa-sudamericana,upcoming,2026-05-26,22:00,Gremio FB Porto Alegrense RS,Montevideo City Torque,odds_api_io_events_bookmaker_filtered,2026-05-25T02:42:50.497180+00:00,pending
odds_api_io_70075252,international-clubs-copa-sudamericana,international-clubs-copa-sudamericana,upcoming,2026-05-26,22:00,CD Palestino,Deportivo Riestra AFBC,odds_api_io_events_bookmaker_filtered,2026-05-25T02:42:50.497180+00:00,pending
odds_api_io_70076024,international-clubs-copa-libertadores,international-clubs-copa-libertadores,upcoming,2026-05-26,22:00,LDU Quito,Always Ready,odds_api_io_events_bookmaker_filtered,2026-05-25T02:42:50.497180+00:00,pending
odds_api_io_70076026,international-clubs-copa-libertadores,international-clubs-copa-libertadores,upcoming,2026-05-26,22:00,CA Lanus,Mirassol FC SP,odds_api_io_events_bookmaker_filtered,2026-05-25T02:42:50.497180+00:00,pending
