captured_at_utc,label,status_code,x_ratelimit_limit,x_ratelimit_remaining,x_ratelimit_reset,retry_after
2026-05-21T14:48:13.528969+00:00,events_bookmaker_filtered_1,200,100,47,2026-05-21T15:39:27Z,
2026-05-21T14:48:14.406501+00:00,events_bookmaker_filtered_2,200,100,46,2026-05-21T15:39:27Z,
2026-05-21T14:48:17.033972+00:00,events_search_1,200,100,45,2026-05-21T15:39:27Z,
2026-05-21T14:48:17.370234+00:00,events_search_2,200,100,44,2026-05-21T15:39:27Z,
2026-05-21T14:48:17.727585+00:00,events_search_3,200,100,43,2026-05-21T15:39:27Z,
2026-05-21T14:48:18.061828+00:00,events_search_4,200,100,42,2026-05-21T15:39:27Z,
2026-05-21T14:48:18.592696+00:00,events_search_5,200,100,41,2026-05-21T15:39:27Z,
2026-05-21T14:48:18.931005+00:00,events_search_6,200,100,40,2026-05-21T15:39:27Z,
2026-05-21T14:48:19.659339+00:00,odds_multi,200,100,39,2026-05-21T15:39:27Z,
